[299.99ms] RECV seq=0 len=512 accepted, expecting seq=1
[400.28ms] SEND_ACK ack_num=1
[400.31ms] RECV seq=1 len=512 accepted, expecting seq=2
[500.69ms] SEND_ACK ack_num=2
[500.73ms] RECV seq=2 len=512 accepted, expecting seq=3
[600.99ms] SEND_ACK ack_num=3
[601.03ms] RECV seq=3 len=512 accepted, expecting seq=4
[701.28ms] SEND_ACK ack_num=4
[701.31ms] RECV seq=4 len=512 accepted, expecting seq=5
[801.55ms] SEND_ACK ack_num=5
[801.59ms] RECV seq=5 len=512 accepted, expecting seq=6
[901.85ms] SEND_ACK ack_num=6
[901.88ms] SIM_LOSS seq=6 dropped artificially
[901.88ms] RECV_UNEXPECTED seq=7 expected=6 -> duplicate ACK
[1002.07ms] SEND_ACK ack_num=6
[1002.10ms] SIM_LOSS seq=8 dropped artificially
[1002.10ms] RECV_UNEXPECTED seq=9 expected=6 -> duplicate ACK
[1102.33ms] SEND_ACK ack_num=6
[1102.37ms] RECV_UNEXPECTED seq=10 expected=6 -> duplicate ACK
[1202.58ms] SEND_ACK ack_num=6
[1202.60ms] RECV_UNEXPECTED seq=11 expected=6 -> duplicate ACK
[1302.84ms] SEND_ACK ack_num=6
[1302.86ms] RECV_UNEXPECTED seq=12 expected=6 -> duplicate ACK
[1403.08ms] SEND_ACK ack_num=6
[1403.11ms] RECV_UNEXPECTED seq=13 expected=6 -> duplicate ACK
[1503.33ms] SEND_ACK ack_num=6
[1503.35ms] RECV seq=6 len=512 accepted, expecting seq=7
[1603.61ms] SEND_ACK ack_num=7
[1603.64ms] RECV seq=7 len=512 accepted, expecting seq=8
[1703.85ms] SEND_ACK ack_num=8
[1703.88ms] RECV seq=8 len=512 accepted, expecting seq=9
[1804.17ms] SEND_ACK ack_num=9
[1804.20ms] RECV seq=9 len=512 accepted, expecting seq=10
[1904.43ms] SEND_ACK ack_num=10
[1904.48ms] RECV seq=10 len=512 accepted, expecting seq=11
[2004.66ms] SEND_ACK ack_num=11
[2004.69ms] RECV seq=11 len=512 accepted, expecting seq=12
[2104.94ms] SEND_ACK ack_num=12
[2104.97ms] RECV seq=12 len=512 accepted, expecting seq=13
[2205.23ms] SEND_ACK ack_num=13
[2205.28ms] RECV seq=13 len=512 accepted, expecting seq=14
[2305.56ms] SEND_ACK ack_num=14
[2305.60ms] SIM_LOSS seq=6 dropped artificially
[2305.60ms] RECV_UNEXPECTED seq=7 expected=14 -> duplicate ACK
[2405.88ms] SEND_ACK ack_num=14
[2405.92ms] RECV_UNEXPECTED seq=8 expected=14 -> duplicate ACK
[2506.16ms] SEND_ACK ack_num=14
[2506.20ms] RECV_UNEXPECTED seq=9 expected=14 -> duplicate ACK
[2606.42ms] SEND_ACK ack_num=14
[2606.45ms] RECV_UNEXPECTED seq=10 expected=14 -> duplicate ACK
[2706.66ms] SEND_ACK ack_num=14
[2706.69ms] RECV_UNEXPECTED seq=11 expected=14 -> duplicate ACK
[2806.87ms] SEND_ACK ack_num=14
[2806.90ms] SIM_LOSS seq=12 dropped artificially
[2806.90ms] SIM_LOSS seq=13 dropped artificially
[2806.90ms] RECV seq=14 len=512 accepted, expecting seq=15
[2907.14ms] SEND_ACK ack_num=15
[2907.24ms] RECV seq=15 len=512 accepted, expecting seq=16
[3007.51ms] SEND_ACK ack_num=16
[3007.54ms] RECV seq=16 len=512 accepted, expecting seq=17
[3107.78ms] SEND_ACK ack_num=17
[3107.81ms] RECV seq=17 len=512 accepted, expecting seq=18
[3208.04ms] SEND_ACK ack_num=18
[3208.07ms] RECV seq=18 len=512 accepted, expecting seq=19
[3308.31ms] SEND_ACK ack_num=19
[3308.36ms] RECV seq=19 len=512 accepted, expecting seq=20
[3408.55ms] SEND_ACK ack_num=20
[3408.59ms] RECV seq=20 len=512 accepted, expecting seq=21
[3508.81ms] SEND_ACK ack_num=21
[3508.89ms] SIM_LOSS seq=21 dropped artificially
[3508.89ms] SIM_LOSS seq=14 dropped artificially
[3508.90ms] SIM_LOSS seq=15 dropped artificially
[3508.90ms] RECV_UNEXPECTED seq=16 expected=21 -> duplicate ACK
[3609.20ms] SEND_ACK ack_num=21
[3609.24ms] RECV_UNEXPECTED seq=17 expected=21 -> duplicate ACK
[3709.43ms] SEND_ACK ack_num=21
[3709.46ms] RECV_UNEXPECTED seq=18 expected=21 -> duplicate ACK
[3809.66ms] SEND_ACK ack_num=21
[3809.68ms] RECV_UNEXPECTED seq=19 expected=21 -> duplicate ACK
[3909.88ms] SEND_ACK ack_num=21
[3909.91ms] RECV_UNEXPECTED seq=20 expected=21 -> duplicate ACK
[4010.16ms] SEND_ACK ack_num=21
[4010.19ms] RECV seq=21 len=512 accepted, expecting seq=22
[4110.43ms] SEND_ACK ack_num=22
[4110.45ms] RECV_UNEXPECTED seq=14 expected=22 -> duplicate ACK
[4210.68ms] SEND_ACK ack_num=22
[4210.70ms] RECV_UNEXPECTED seq=15 expected=22 -> duplicate ACK
[4310.90ms] SEND_ACK ack_num=22
[4310.92ms] RECV_UNEXPECTED seq=16 expected=22 -> duplicate ACK
[4411.10ms] SEND_ACK ack_num=22
[4411.12ms] RECV_UNEXPECTED seq=17 expected=22 -> duplicate ACK
[4511.42ms] SEND_ACK ack_num=22
[4511.45ms] RECV_UNEXPECTED seq=18 expected=22 -> duplicate ACK
[4611.64ms] SEND_ACK ack_num=22
[4611.66ms] RECV_UNEXPECTED seq=19 expected=22 -> duplicate ACK
[4711.84ms] SEND_ACK ack_num=22
[4711.86ms] RECV_UNEXPECTED seq=20 expected=22 -> duplicate ACK
[4812.06ms] SEND_ACK ack_num=22
[4812.09ms] RECV_UNEXPECTED seq=21 expected=22 -> duplicate ACK
[4912.35ms] SEND_ACK ack_num=22
[4912.38ms] RECV seq=22 len=512 accepted, expecting seq=23
[5012.64ms] SEND_ACK ack_num=23
[5012.67ms] RECV seq=23 len=512 accepted, expecting seq=24
[5112.93ms] SEND_ACK ack_num=24
[5112.97ms] RECV seq=24 len=512 accepted, expecting seq=25
[5213.22ms] SEND_ACK ack_num=25
[5213.26ms] RECV seq=25 len=512 accepted, expecting seq=26
[5313.43ms] SEND_ACK ack_num=26
[5313.46ms] RECV seq=26 len=512 accepted, expecting seq=27
[5413.68ms] SEND_ACK ack_num=27
[5413.71ms] RECV seq=27 len=512 accepted, expecting seq=28
[5513.93ms] SEND_ACK ack_num=28
[5513.96ms] RECV seq=28 len=512 accepted, expecting seq=29
[5614.21ms] SEND_ACK ack_num=29
[5614.24ms] RECV_UNEXPECTED seq=21 expected=29 -> duplicate ACK
[5714.44ms] SEND_ACK ack_num=29
[5714.46ms] SIM_LOSS seq=22 dropped artificially
[5714.46ms] RECV_UNEXPECTED seq=23 expected=29 -> duplicate ACK
[5814.68ms] SEND_ACK ack_num=29
[5814.71ms] RECV_UNEXPECTED seq=24 expected=29 -> duplicate ACK
[5914.95ms] SEND_ACK ack_num=29
[5914.97ms] RECV_UNEXPECTED seq=25 expected=29 -> duplicate ACK
[6015.19ms] SEND_ACK ack_num=29
[6015.22ms] SIM_LOSS seq=26 dropped artificially
[6015.23ms] RECV_UNEXPECTED seq=27 expected=29 -> duplicate ACK
[6115.44ms] SEND_ACK ack_num=29
[6115.47ms] RECV_UNEXPECTED seq=28 expected=29 -> duplicate ACK
[6215.71ms] SEND_ACK ack_num=29
[6215.73ms] RECV_UNEXPECTED seq=21 expected=29 -> duplicate ACK
[6315.93ms] SEND_ACK ack_num=29
[6315.96ms] RECV_UNEXPECTED seq=22 expected=29 -> duplicate ACK
[6416.22ms] SEND_ACK ack_num=29
[6416.25ms] RECV_UNEXPECTED seq=23 expected=29 -> duplicate ACK
[6516.43ms] SEND_ACK ack_num=29
[6516.45ms] SIM_LOSS seq=24 dropped artificially
[6516.46ms] SIM_LOSS seq=25 dropped artificially
[6516.46ms] RECV_UNEXPECTED seq=26 expected=29 -> duplicate ACK
[6616.65ms] SEND_ACK ack_num=29
[6616.67ms] RECV_UNEXPECTED seq=27 expected=29 -> duplicate ACK
[6716.89ms] SEND_ACK ack_num=29
[6716.92ms] RECV_UNEXPECTED seq=28 expected=29 -> duplicate ACK
[6817.09ms] SEND_ACK ack_num=29
[6817.12ms] RECV seq=29 len=512 accepted, expecting seq=30
[6917.34ms] SEND_ACK ack_num=30
[6917.37ms] RECV_UNEXPECTED seq=22 expected=30 -> duplicate ACK
[7017.58ms] SEND_ACK ack_num=30
[7017.61ms] RECV_UNEXPECTED seq=23 expected=30 -> duplicate ACK
[7117.82ms] SEND_ACK ack_num=30
[7117.85ms] RECV_UNEXPECTED seq=24 expected=30 -> duplicate ACK
[7218.08ms] SEND_ACK ack_num=30
[7218.10ms] RECV_UNEXPECTED seq=25 expected=30 -> duplicate ACK
[7318.37ms] SEND_ACK ack_num=30
[7318.41ms] RECV_UNEXPECTED seq=26 expected=30 -> duplicate ACK
[7418.64ms] SEND_ACK ack_num=30
[7418.67ms] RECV_UNEXPECTED seq=27 expected=30 -> duplicate ACK
[7518.91ms] SEND_ACK ack_num=30
[7518.93ms] RECV_UNEXPECTED seq=28 expected=30 -> duplicate ACK
[7619.15ms] SEND_ACK ack_num=30
[7619.18ms] SIM_LOSS seq=29 dropped artificially
[7619.18ms] RECV_UNEXPECTED seq=22 expected=30 -> duplicate ACK
[7719.40ms] SEND_ACK ack_num=30
[7719.42ms] RECV_UNEXPECTED seq=23 expected=30 -> duplicate ACK
[7819.62ms] SEND_ACK ack_num=30
[7819.64ms] SIM_LOSS seq=24 dropped artificially
[7819.64ms] RECV_UNEXPECTED seq=25 expected=30 -> duplicate ACK
[7919.85ms] SEND_ACK ack_num=30
[7919.88ms] RECV_UNEXPECTED seq=26 expected=30 -> duplicate ACK
[8020.14ms] SEND_ACK ack_num=30
[8020.17ms] RECV_UNEXPECTED seq=27 expected=30 -> duplicate ACK
[8120.37ms] SEND_ACK ack_num=30
[8120.40ms] RECV_UNEXPECTED seq=28 expected=30 -> duplicate ACK
[8220.59ms] SEND_ACK ack_num=30
[8220.62ms] RECV_UNEXPECTED seq=29 expected=30 -> duplicate ACK
[8320.90ms] SEND_ACK ack_num=30
[8320.92ms] RECV_UNEXPECTED seq=22 expected=30 -> duplicate ACK
[8421.19ms] SEND_ACK ack_num=30
[8421.22ms] SIM_LOSS seq=23 dropped artificially
[8421.22ms] RECV_UNEXPECTED seq=24 expected=30 -> duplicate ACK
[8521.43ms] SEND_ACK ack_num=30
[8521.46ms] RECV_UNEXPECTED seq=25 expected=30 -> duplicate ACK
[8621.64ms] SEND_ACK ack_num=30
[8621.67ms] RECV_UNEXPECTED seq=26 expected=30 -> duplicate ACK
[8721.86ms] SEND_ACK ack_num=30
[8721.88ms] RECV_UNEXPECTED seq=27 expected=30 -> duplicate ACK
[8822.14ms] SEND_ACK ack_num=30
[8822.17ms] RECV_UNEXPECTED seq=28 expected=30 -> duplicate ACK
[8922.37ms] SEND_ACK ack_num=30
[8922.40ms] RECV_UNEXPECTED seq=29 expected=30 -> duplicate ACK
[9022.58ms] SEND_ACK ack_num=30
[9022.61ms] RECV seq=30 len=512 accepted, expecting seq=31
[9122.82ms] SEND_ACK ack_num=31
[9123.07ms] RECV seq=31 len=512 accepted, expecting seq=32
[9223.30ms] SEND_ACK ack_num=32
[9223.33ms] RECV seq=32 len=512 accepted, expecting seq=33
[9323.52ms] SEND_ACK ack_num=33
[9323.55ms] SIM_LOSS seq=33 dropped artificially
[9323.56ms] RECV_UNEXPECTED seq=34 expected=33 -> duplicate ACK
[9423.76ms] SEND_ACK ack_num=33
[9423.79ms] RECV_UNEXPECTED seq=35 expected=33 -> duplicate ACK
[9523.97ms] SEND_ACK ack_num=33
[9524.01ms] SIM_LOSS seq=36 dropped artificially
[9524.02ms] RECV_UNEXPECTED seq=29 expected=33 -> duplicate ACK
[9624.18ms] SEND_ACK ack_num=33
[9624.20ms] RECV_UNEXPECTED seq=30 expected=33 -> duplicate ACK
[9724.44ms] SEND_ACK ack_num=33
[9724.49ms] RECV_UNEXPECTED seq=31 expected=33 -> duplicate ACK
[9824.71ms] SEND_ACK ack_num=33
[9824.73ms] RECV_UNEXPECTED seq=32 expected=33 -> duplicate ACK
[9924.97ms] SEND_ACK ack_num=33
[9925.00ms] RECV seq=33 len=512 accepted, expecting seq=34
[10025.15ms] SEND_ACK ack_num=34
[10025.18ms] RECV seq=34 len=512 accepted, expecting seq=35
[10125.34ms] SEND_ACK ack_num=35
[10125.37ms] SIM_LOSS seq=35 dropped artificially
[10125.37ms] RECV_UNEXPECTED seq=36 expected=35 -> duplicate ACK
[10225.53ms] SEND_ACK ack_num=35
[10225.56ms] RECV_UNEXPECTED seq=29 expected=35 -> duplicate ACK
[10325.73ms] SEND_ACK ack_num=35
[10325.76ms] RECV_UNEXPECTED seq=30 expected=35 -> duplicate ACK
[10425.91ms] SEND_ACK ack_num=35
[10425.93ms] RECV_UNEXPECTED seq=31 expected=35 -> duplicate ACK
[10526.17ms] SEND_ACK ack_num=35
[10526.20ms] RECV_UNEXPECTED seq=32 expected=35 -> duplicate ACK
[10626.40ms] SEND_ACK ack_num=35
[10626.42ms] RECV_UNEXPECTED seq=33 expected=35 -> duplicate ACK
[10726.60ms] SEND_ACK ack_num=35
[10726.63ms] SIM_LOSS seq=34 dropped artificially
[10726.63ms] RECV seq=35 len=512 accepted, expecting seq=36
[10826.86ms] SEND_ACK ack_num=36
[10826.89ms] RECV seq=36 len=512 accepted, expecting seq=37
[10927.10ms] SEND_ACK ack_num=37
[10927.13ms] RECV_UNEXPECTED seq=29 expected=37 -> duplicate ACK
[11027.33ms] SEND_ACK ack_num=37
[11027.36ms] RECV_UNEXPECTED seq=30 expected=37 -> duplicate ACK
[11127.56ms] SEND_ACK ack_num=37
[11127.59ms] RECV_UNEXPECTED seq=31 expected=37 -> duplicate ACK
[11227.80ms] SEND_ACK ack_num=37
[11227.82ms] RECV_UNEXPECTED seq=32 expected=37 -> duplicate ACK
[11328.05ms] SEND_ACK ack_num=37
[11328.08ms] RECV_UNEXPECTED seq=33 expected=37 -> duplicate ACK
[11428.28ms] SEND_ACK ack_num=37
[11428.30ms] RECV_UNEXPECTED seq=34 expected=37 -> duplicate ACK
[11528.47ms] SEND_ACK ack_num=37
[11528.49ms] RECV_UNEXPECTED seq=35 expected=37 -> duplicate ACK
[11628.68ms] SEND_ACK ack_num=37
[11628.72ms] RECV_UNEXPECTED seq=36 expected=37 -> duplicate ACK
[11728.91ms] SEND_ACK ack_num=37
[11728.94ms] RECV_UNEXPECTED seq=29 expected=37 -> duplicate ACK
[11829.13ms] SEND_ACK ack_num=37
[11829.15ms] RECV_UNEXPECTED seq=30 expected=37 -> duplicate ACK
[11929.36ms] SEND_ACK ack_num=37
[11929.39ms] RECV_UNEXPECTED seq=31 expected=37 -> duplicate ACK
[12029.65ms] SEND_ACK ack_num=37
[12029.70ms] RECV_UNEXPECTED seq=32 expected=37 -> duplicate ACK
[12129.92ms] SEND_ACK ack_num=37
[12129.95ms] SIM_LOSS seq=33 dropped artificially
[12129.96ms] RECV_UNEXPECTED seq=34 expected=37 -> duplicate ACK
[12230.33ms] SEND_ACK ack_num=37
[12230.37ms] RECV_UNEXPECTED seq=35 expected=37 -> duplicate ACK
[12330.59ms] SEND_ACK ack_num=37
[12330.62ms] RECV_UNEXPECTED seq=36 expected=37 -> duplicate ACK
[12430.81ms] SEND_ACK ack_num=37
[12430.83ms] RECV seq=37 len=512 accepted, expecting seq=38
[12531.07ms] SEND_ACK ack_num=38
[12531.10ms] RECV_UNEXPECTED seq=30 expected=38 -> duplicate ACK
[12631.29ms] SEND_ACK ack_num=38
[12631.32ms] RECV_UNEXPECTED seq=31 expected=38 -> duplicate ACK
[12731.52ms] SEND_ACK ack_num=38
[12731.54ms] RECV_UNEXPECTED seq=32 expected=38 -> duplicate ACK
[12831.73ms] SEND_ACK ack_num=38
[12831.75ms] RECV_UNEXPECTED seq=33 expected=38 -> duplicate ACK
[12931.94ms] SEND_ACK ack_num=38
[12931.97ms] RECV_UNEXPECTED seq=34 expected=38 -> duplicate ACK
[13032.16ms] SEND_ACK ack_num=38
[13032.19ms] RECV_UNEXPECTED seq=35 expected=38 -> duplicate ACK
[13132.40ms] SEND_ACK ack_num=38
[13132.43ms] RECV_UNEXPECTED seq=36 expected=38 -> duplicate ACK
[13232.69ms] SEND_ACK ack_num=38
[13232.72ms] RECV_UNEXPECTED seq=37 expected=38 -> duplicate ACK
[13333.01ms] SEND_ACK ack_num=38
[13333.06ms] RECV_UNEXPECTED seq=30 expected=38 -> duplicate ACK
[13433.24ms] SEND_ACK ack_num=38
[13433.26ms] RECV_UNEXPECTED seq=31 expected=38 -> duplicate ACK
[13533.48ms] SEND_ACK ack_num=38
[13533.51ms] SIM_LOSS seq=32 dropped artificially
[13533.51ms] RECV_UNEXPECTED seq=33 expected=38 -> duplicate ACK
[13633.72ms] SEND_ACK ack_num=38
[13633.74ms] RECV_UNEXPECTED seq=34 expected=38 -> duplicate ACK
[13733.91ms] SEND_ACK ack_num=38
[13733.94ms] SIM_LOSS seq=35 dropped artificially
[13733.94ms] RECV_UNEXPECTED seq=36 expected=38 -> duplicate ACK
[13834.15ms] SEND_ACK ack_num=38
[13834.18ms] SIM_LOSS seq=37 dropped artificially
[13834.18ms] RECV_UNEXPECTED seq=30 expected=38 -> duplicate ACK
[13934.40ms] SEND_ACK ack_num=38
[13934.43ms] RECV_UNEXPECTED seq=31 expected=38 -> duplicate ACK
[14034.71ms] SEND_ACK ack_num=38
[14034.73ms] SIM_LOSS seq=32 dropped artificially
[14034.74ms] RECV_UNEXPECTED seq=33 expected=38 -> duplicate ACK
[14134.95ms] SEND_ACK ack_num=38
[14134.98ms] RECV_UNEXPECTED seq=34 expected=38 -> duplicate ACK
[14235.19ms] SEND_ACK ack_num=38
[14235.22ms] SIM_LOSS seq=35 dropped artificially
[14235.23ms] RECV_UNEXPECTED seq=36 expected=38 -> duplicate ACK
[14335.41ms] SEND_ACK ack_num=38
[14335.44ms] RECV_UNEXPECTED seq=37 expected=38 -> duplicate ACK
[14435.68ms] SEND_ACK ack_num=38
[14435.71ms] SIM_LOSS seq=30 dropped artificially
[14435.71ms] RECV_UNEXPECTED seq=31 expected=38 -> duplicate ACK
[14535.90ms] SEND_ACK ack_num=38
[14535.93ms] RECV_UNEXPECTED seq=32 expected=38 -> duplicate ACK
[14636.06ms] SEND_ACK ack_num=38
[14636.08ms] RECV_UNEXPECTED seq=33 expected=38 -> duplicate ACK
[14736.31ms] SEND_ACK ack_num=38
[14736.34ms] RECV_UNEXPECTED seq=34 expected=38 -> duplicate ACK
[14836.60ms] SEND_ACK ack_num=38
[14836.63ms] RECV_UNEXPECTED seq=35 expected=38 -> duplicate ACK
[14936.86ms] SEND_ACK ack_num=38
[14936.88ms] RECV_UNEXPECTED seq=36 expected=38 -> duplicate ACK
[15037.13ms] SEND_ACK ack_num=38
[15037.16ms] RECV_UNEXPECTED seq=37 expected=38 -> duplicate ACK
[15137.38ms] SEND_ACK ack_num=38
[15137.41ms] RECV_UNEXPECTED seq=30 expected=38 -> duplicate ACK
[15237.60ms] SEND_ACK ack_num=38
[15237.62ms] RECV_UNEXPECTED seq=31 expected=38 -> duplicate ACK
[15337.82ms] SEND_ACK ack_num=38
[15337.85ms] SIM_LOSS seq=32 dropped artificially
[15337.86ms] RECV_UNEXPECTED seq=33 expected=38 -> duplicate ACK
[15438.06ms] SEND_ACK ack_num=38
[15438.09ms] RECV_UNEXPECTED seq=34 expected=38 -> duplicate ACK
[15538.27ms] SEND_ACK ack_num=38
[15538.30ms] SIM_LOSS seq=35 dropped artificially
[15538.30ms] RECV_UNEXPECTED seq=36 expected=38 -> duplicate ACK
[15638.54ms] SEND_ACK ack_num=38
[15638.57ms] RECV_UNEXPECTED seq=37 expected=38 -> duplicate ACK
[15738.77ms] SEND_ACK ack_num=38
[15738.80ms] RECV_UNEXPECTED seq=30 expected=38 -> duplicate ACK
[15838.97ms] SEND_ACK ack_num=38
[15839.00ms] RECV_UNEXPECTED seq=31 expected=38 -> duplicate ACK
[15939.17ms] SEND_ACK ack_num=38
[15939.20ms] RECV_UNEXPECTED seq=32 expected=38 -> duplicate ACK
[16039.42ms] SEND_ACK ack_num=38
[16039.45ms] RECV_UNEXPECTED seq=33 expected=38 -> duplicate ACK
[16139.62ms] SEND_ACK ack_num=38
[16139.68ms] RECV_UNEXPECTED seq=34 expected=38 -> duplicate ACK
[16239.92ms] SEND_ACK ack_num=38
[16239.95ms] RECV_UNEXPECTED seq=35 expected=38 -> duplicate ACK
[16340.16ms] SEND_ACK ack_num=38
[16340.19ms] RECV_UNEXPECTED seq=36 expected=38 -> duplicate ACK
[16440.43ms] SEND_ACK ack_num=38
[16440.46ms] RECV_UNEXPECTED seq=37 expected=38 -> duplicate ACK
[16540.68ms] SEND_ACK ack_num=38
[16540.71ms] RECV_UNEXPECTED seq=30 expected=38 -> duplicate ACK
[16640.93ms] SEND_ACK ack_num=38
[16640.95ms] SIM_LOSS seq=31 dropped artificially
[16640.96ms] RECV_UNEXPECTED seq=32 expected=38 -> duplicate ACK
[16741.15ms] SEND_ACK ack_num=38
[16741.17ms] RECV_UNEXPECTED seq=33 expected=38 -> duplicate ACK
[16841.38ms] SEND_ACK ack_num=38
[16841.41ms] RECV_UNEXPECTED seq=34 expected=38 -> duplicate ACK
[16941.57ms] SEND_ACK ack_num=38
[16941.59ms] RECV_UNEXPECTED seq=35 expected=38 -> duplicate ACK
[17041.74ms] SEND_ACK ack_num=38
[17041.77ms] SIM_LOSS seq=36 dropped artificially
[17041.77ms] SIM_LOSS seq=37 dropped artificially
[17041.77ms] SIM_LOSS seq=38 dropped artificially
[17041.78ms] RECV_UNEXPECTED seq=39 expected=38 -> duplicate ACK
[17141.93ms] SEND_ACK ack_num=38
[17141.96ms] RECV_UNEXPECTED seq=40 expected=38 -> duplicate ACK
[17242.11ms] SEND_ACK ack_num=38
[17242.14ms] RECV_UNEXPECTED seq=33 expected=38 -> duplicate ACK
[17342.35ms] SEND_ACK ack_num=38
[17342.37ms] RECV_UNEXPECTED seq=34 expected=38 -> duplicate ACK
[17442.57ms] SEND_ACK ack_num=38
[17442.60ms] SIM_LOSS seq=35 dropped artificially
[17442.60ms] RECV_UNEXPECTED seq=36 expected=38 -> duplicate ACK
[17542.79ms] SEND_ACK ack_num=38
[17542.82ms] RECV_UNEXPECTED seq=37 expected=38 -> duplicate ACK
[17642.98ms] SEND_ACK ack_num=38
[17643.00ms] RECV seq=38 len=512 accepted, expecting seq=39
[17743.19ms] SEND_ACK ack_num=39
[17743.22ms] RECV seq=39 len=512 accepted, expecting seq=40
[17843.41ms] SEND_ACK ack_num=40
[17843.44ms] SIM_LOSS seq=40 dropped artificially
[17843.44ms] SIM_LOSS seq=33 dropped artificially
[17843.45ms] SIM_LOSS seq=34 dropped artificially
[17843.45ms] RECV_UNEXPECTED seq=35 expected=40 -> duplicate ACK
[17943.68ms] SEND_ACK ack_num=40
[17943.72ms] RECV_UNEXPECTED seq=36 expected=40 -> duplicate ACK
[18043.93ms] SEND_ACK ack_num=40
[18043.96ms] RECV_UNEXPECTED seq=37 expected=40 -> duplicate ACK
[18144.14ms] SEND_ACK ack_num=40
[18144.16ms] SIM_LOSS seq=38 dropped artificially
[18144.17ms] RECV_UNEXPECTED seq=39 expected=40 -> duplicate ACK
[18244.40ms] SEND_ACK ack_num=40
[18244.43ms] RECV seq=40 len=512 accepted, expecting seq=41
[18344.64ms] SEND_ACK ack_num=41
[18344.67ms] RECV seq=41 len=512 accepted, expecting seq=42
[18444.95ms] SEND_ACK ack_num=42
[18444.98ms] SIM_LOSS seq=42 dropped artificially
[18444.98ms] RECV_UNEXPECTED seq=35 expected=42 -> duplicate ACK
[18545.24ms] SEND_ACK ack_num=42
[18545.27ms] SIM_LOSS seq=36 dropped artificially
[18545.27ms] SIM_LOSS seq=37 dropped artificially
[18545.27ms] RECV_UNEXPECTED seq=38 expected=42 -> duplicate ACK
[18645.45ms] SEND_ACK ack_num=42
[18645.48ms] RECV_UNEXPECTED seq=39 expected=42 -> duplicate ACK
[18745.64ms] SEND_ACK ack_num=42
[18745.67ms] RECV_UNEXPECTED seq=40 expected=42 -> duplicate ACK
[18845.89ms] SEND_ACK ack_num=42
[18845.92ms] RECV_UNEXPECTED seq=41 expected=42 -> duplicate ACK
[18946.20ms] SEND_ACK ack_num=42
[18946.24ms] SIM_LOSS seq=42 dropped artificially
[18946.25ms] RECV_UNEXPECTED seq=35 expected=42 -> duplicate ACK
[19046.42ms] SEND_ACK ack_num=42
[19046.44ms] RECV_UNEXPECTED seq=36 expected=42 -> duplicate ACK
[19146.62ms] SEND_ACK ack_num=42
[19146.65ms] RECV_UNEXPECTED seq=37 expected=42 -> duplicate ACK
[19246.86ms] SEND_ACK ack_num=42
[19246.88ms] RECV_UNEXPECTED seq=38 expected=42 -> duplicate ACK
[19347.09ms] SEND_ACK ack_num=42
[19347.11ms] RECV_UNEXPECTED seq=39 expected=42 -> duplicate ACK
[19447.32ms] SEND_ACK ack_num=42
[19447.35ms] RECV_UNEXPECTED seq=40 expected=42 -> duplicate ACK
[19547.53ms] SEND_ACK ack_num=42
[19547.56ms] RECV_UNEXPECTED seq=41 expected=42 -> duplicate ACK
[19647.72ms] SEND_ACK ack_num=42
[19647.75ms] RECV seq=42 len=512 accepted, expecting seq=43
[19747.91ms] SEND_ACK ack_num=43
[19747.94ms] RECV seq=43 len=512 accepted, expecting seq=44
[19848.14ms] SEND_ACK ack_num=44
[19848.16ms] RECV seq=44 len=512 accepted, expecting seq=45
[19948.36ms] SEND_ACK ack_num=45
[19948.39ms] SIM_LOSS seq=37 dropped artificially
[19948.40ms] RECV_UNEXPECTED seq=38 expected=45 -> duplicate ACK
[20048.61ms] SEND_ACK ack_num=45
[20048.64ms] RECV_UNEXPECTED seq=39 expected=45 -> duplicate ACK
[20148.90ms] SEND_ACK ack_num=45
[20148.92ms] RECV_UNEXPECTED seq=40 expected=45 -> duplicate ACK
[20249.13ms] SEND_ACK ack_num=45
[20249.15ms] RECV_UNEXPECTED seq=41 expected=45 -> duplicate ACK
[20349.37ms] SEND_ACK ack_num=45
[20349.39ms] SIM_LOSS seq=42 dropped artificially
[20349.39ms] SIM_LOSS seq=43 dropped artificially
[20349.40ms] RECV_UNEXPECTED seq=44 expected=45 -> duplicate ACK
[20449.55ms] SEND_ACK ack_num=45
[20449.57ms] RECV_UNEXPECTED seq=37 expected=45 -> duplicate ACK
[20549.76ms] SEND_ACK ack_num=45
[20549.78ms] RECV_UNEXPECTED seq=38 expected=45 -> duplicate ACK
[20649.98ms] SEND_ACK ack_num=45
[20650.04ms] RECV_UNEXPECTED seq=39 expected=45 -> duplicate ACK
[20750.23ms] SEND_ACK ack_num=45
[20750.26ms] RECV_UNEXPECTED seq=40 expected=45 -> duplicate ACK
[20850.46ms] SEND_ACK ack_num=45
[20850.48ms] RECV_UNEXPECTED seq=41 expected=45 -> duplicate ACK
[20950.65ms] SEND_ACK ack_num=45
[20950.68ms] RECV_UNEXPECTED seq=42 expected=45 -> duplicate ACK
[21050.85ms] SEND_ACK ack_num=45
[21050.88ms] RECV_UNEXPECTED seq=43 expected=45 -> duplicate ACK
[21151.10ms] SEND_ACK ack_num=45
[21151.12ms] RECV_UNEXPECTED seq=44 expected=45 -> duplicate ACK
[21251.30ms] SEND_ACK ack_num=45
[21251.33ms] RECV_UNEXPECTED seq=37 expected=45 -> duplicate ACK
[21351.53ms] SEND_ACK ack_num=45
[21351.56ms] SIM_LOSS seq=38 dropped artificially
[21351.56ms] RECV_UNEXPECTED seq=39 expected=45 -> duplicate ACK
[21451.76ms] SEND_ACK ack_num=45
[21451.78ms] RECV_UNEXPECTED seq=40 expected=45 -> duplicate ACK
[21552.04ms] SEND_ACK ack_num=45
[21552.06ms] RECV_UNEXPECTED seq=41 expected=45 -> duplicate ACK
[21652.26ms] SEND_ACK ack_num=45
[21652.29ms] RECV_UNEXPECTED seq=42 expected=45 -> duplicate ACK
[21752.47ms] SEND_ACK ack_num=45
[21752.49ms] RECV_UNEXPECTED seq=43 expected=45 -> duplicate ACK
[21852.73ms] SEND_ACK ack_num=45
[21852.76ms] RECV_UNEXPECTED seq=44 expected=45 -> duplicate ACK
[21952.96ms] SEND_ACK ack_num=45
[21952.99ms] RECV_UNEXPECTED seq=37 expected=45 -> duplicate ACK
[22053.15ms] SEND_ACK ack_num=45
[22053.17ms] RECV_UNEXPECTED seq=38 expected=45 -> duplicate ACK
[22153.39ms] SEND_ACK ack_num=45
[22153.42ms] SIM_LOSS seq=39 dropped artificially
[22153.42ms] RECV_UNEXPECTED seq=40 expected=45 -> duplicate ACK
[22253.68ms] SEND_ACK ack_num=45
[22253.71ms] RECV_UNEXPECTED seq=41 expected=45 -> duplicate ACK
[22353.91ms] SEND_ACK ack_num=45
[22353.93ms] RECV seq=45 len=512 accepted, expecting seq=46
[22454.16ms] SEND_ACK ack_num=46
[22454.18ms] RECV_UNEXPECTED seq=38 expected=46 -> duplicate ACK
[22554.45ms] SEND_ACK ack_num=46
[22554.48ms] RECV_UNEXPECTED seq=39 expected=46 -> duplicate ACK
[22654.70ms] SEND_ACK ack_num=46
[22654.72ms] RECV_UNEXPECTED seq=40 expected=46 -> duplicate ACK
[22754.93ms] SEND_ACK ack_num=46
[22754.95ms] SIM_LOSS seq=41 dropped artificially
[22754.95ms] RECV_UNEXPECTED seq=42 expected=46 -> duplicate ACK
[22855.15ms] SEND_ACK ack_num=46
[22855.20ms] RECV_UNEXPECTED seq=43 expected=46 -> duplicate ACK
[22955.41ms] SEND_ACK ack_num=46
[22955.43ms] RECV_UNEXPECTED seq=44 expected=46 -> duplicate ACK
[23055.61ms] SEND_ACK ack_num=46
[23055.63ms] RECV_UNEXPECTED seq=45 expected=46 -> duplicate ACK
[23155.88ms] SEND_ACK ack_num=46
[23155.91ms] RECV_UNEXPECTED seq=38 expected=46 -> duplicate ACK
[23256.15ms] SEND_ACK ack_num=46
[23256.18ms] RECV_UNEXPECTED seq=39 expected=46 -> duplicate ACK
[23356.44ms] SEND_ACK ack_num=46
[23356.47ms] RECV_UNEXPECTED seq=40 expected=46 -> duplicate ACK
[23456.66ms] SEND_ACK ack_num=46
[23456.68ms] RECV_UNEXPECTED seq=41 expected=46 -> duplicate ACK
[23556.98ms] SEND_ACK ack_num=46
[23557.01ms] RECV_UNEXPECTED seq=42 expected=46 -> duplicate ACK
[23657.25ms] SEND_ACK ack_num=46
[23657.27ms] RECV_UNEXPECTED seq=43 expected=46 -> duplicate ACK
[23757.46ms] SEND_ACK ack_num=46
[23757.49ms] RECV_UNEXPECTED seq=44 expected=46 -> duplicate ACK
[23857.71ms] SEND_ACK ack_num=46
[23857.74ms] RECV_UNEXPECTED seq=45 expected=46 -> duplicate ACK
[23957.93ms] SEND_ACK ack_num=46
[23957.95ms] RECV_UNEXPECTED seq=38 expected=46 -> duplicate ACK
[24058.16ms] SEND_ACK ack_num=46
[24058.18ms] RECV_UNEXPECTED seq=39 expected=46 -> duplicate ACK
[24158.39ms] SEND_ACK ack_num=46
[24158.41ms] RECV_UNEXPECTED seq=40 expected=46 -> duplicate ACK
[24258.59ms] SEND_ACK ack_num=46
[24258.61ms] RECV_UNEXPECTED seq=41 expected=46 -> duplicate ACK
[24358.87ms] SEND_ACK ack_num=46
[24358.89ms] RECV_UNEXPECTED seq=42 expected=46 -> duplicate ACK
[24459.10ms] SEND_ACK ack_num=46
[24459.13ms] RECV_UNEXPECTED seq=43 expected=46 -> duplicate ACK
[24559.36ms] SEND_ACK ack_num=46
[24559.38ms] RECV_UNEXPECTED seq=44 expected=46 -> duplicate ACK
[24659.58ms] SEND_ACK ack_num=46
[24659.61ms] RECV_UNEXPECTED seq=45 expected=46 -> duplicate ACK
[24759.79ms] SEND_ACK ack_num=46
[24759.84ms] RECV_UNEXPECTED seq=38 expected=46 -> duplicate ACK
[24859.99ms] SEND_ACK ack_num=46
[24860.01ms] RECV_UNEXPECTED seq=39 expected=46 -> duplicate ACK
[24960.19ms] SEND_ACK ack_num=46
[24960.22ms] SIM_LOSS seq=40 dropped artificially
[24960.22ms] SIM_LOSS seq=41 dropped artificially
[24960.22ms] RECV_UNEXPECTED seq=42 expected=46 -> duplicate ACK
[25060.41ms] SEND_ACK ack_num=46
[25060.44ms] RECV_UNEXPECTED seq=43 expected=46 -> duplicate ACK
[25160.61ms] SEND_ACK ack_num=46
[25160.63ms] RECV_UNEXPECTED seq=44 expected=46 -> duplicate ACK
[25260.86ms] SEND_ACK ack_num=46
[25260.89ms] RECV_UNEXPECTED seq=45 expected=46 -> duplicate ACK
[25361.12ms] SEND_ACK ack_num=46
[25361.14ms] RECV_UNEXPECTED seq=38 expected=46 -> duplicate ACK
[25461.29ms] SEND_ACK ack_num=46
[25461.31ms] RECV_UNEXPECTED seq=39 expected=46 -> duplicate ACK
[25561.57ms] SEND_ACK ack_num=46
[25561.60ms] RECV_UNEXPECTED seq=40 expected=46 -> duplicate ACK
[25661.79ms] SEND_ACK ack_num=46
[25661.82ms] RECV_UNEXPECTED seq=41 expected=46 -> duplicate ACK
[25761.97ms] SEND_ACK ack_num=46
[25761.99ms] SIM_LOSS seq=42 dropped artificially
[25762.00ms] SIM_LOSS seq=43 dropped artificially
[25762.00ms] RECV_UNEXPECTED seq=44 expected=46 -> duplicate ACK
[25862.20ms] SEND_ACK ack_num=46
[25862.23ms] RECV_UNEXPECTED seq=45 expected=46 -> duplicate ACK
[25962.49ms] SEND_ACK ack_num=46
[25962.52ms] RECV_UNEXPECTED seq=38 expected=46 -> duplicate ACK
[26062.80ms] SEND_ACK ack_num=46
[26062.83ms] RECV_UNEXPECTED seq=38 expected=46 -> duplicate ACK
[26163.05ms] SEND_ACK ack_num=46
[26163.08ms] RECV_UNEXPECTED seq=39 expected=46 -> duplicate ACK
[26263.36ms] SEND_ACK ack_num=46
[26263.40ms] RECV_UNEXPECTED seq=40 expected=46 -> duplicate ACK
[26363.55ms] SEND_ACK ack_num=46
[26363.57ms] RECV_UNEXPECTED seq=41 expected=46 -> duplicate ACK
[26463.84ms] SEND_ACK ack_num=46
[26463.87ms] SIM_LOSS seq=42 dropped artificially
[26463.88ms] RECV_UNEXPECTED seq=43 expected=46 -> duplicate ACK
[26564.08ms] SEND_ACK ack_num=46
[26564.11ms] RECV_UNEXPECTED seq=44 expected=46 -> duplicate ACK
[26664.29ms] SEND_ACK ack_num=46
[26664.31ms] SIM_LOSS seq=45 dropped artificially
[26664.32ms] RECV_UNEXPECTED seq=38 expected=46 -> duplicate ACK
[26764.52ms] SEND_ACK ack_num=46
[26764.58ms] RECV_UNEXPECTED seq=39 expected=46 -> duplicate ACK
[26864.80ms] SEND_ACK ack_num=46
[26864.88ms] RECV_UNEXPECTED seq=40 expected=46 -> duplicate ACK
[26965.03ms] SEND_ACK ack_num=46
[26965.06ms] SIM_LOSS seq=41 dropped artificially
[26965.07ms] RECV_UNEXPECTED seq=42 expected=46 -> duplicate ACK
[27065.26ms] SEND_ACK ack_num=46
[27065.29ms] RECV_UNEXPECTED seq=43 expected=46 -> duplicate ACK
[27165.55ms] SEND_ACK ack_num=46
[27165.59ms] SIM_LOSS seq=44 dropped artificially
[27165.59ms] RECV_UNEXPECTED seq=45 expected=46 -> duplicate ACK
[27265.81ms] SEND_ACK ack_num=46
[27265.84ms] RECV_UNEXPECTED seq=38 expected=46 -> duplicate ACK
[27366.07ms] SEND_ACK ack_num=46
[27366.11ms] RECV_UNEXPECTED seq=39 expected=46 -> duplicate ACK
[27466.39ms] SEND_ACK ack_num=46
[27466.43ms] RECV_UNEXPECTED seq=40 expected=46 -> duplicate ACK
[27566.66ms] SEND_ACK ack_num=46
[27566.69ms] RECV_UNEXPECTED seq=41 expected=46 -> duplicate ACK
[27666.88ms] SEND_ACK ack_num=46
[27666.91ms] RECV_UNEXPECTED seq=42 expected=46 -> duplicate ACK
[27767.18ms] SEND_ACK ack_num=46
[27767.22ms] SIM_LOSS seq=43 dropped artificially
[27767.22ms] RECV_UNEXPECTED seq=44 expected=46 -> duplicate ACK
[27867.43ms] SEND_ACK ack_num=46
[27867.46ms] SIM_LOSS seq=45 dropped artificially
[27867.46ms] RECV_UNEXPECTED seq=38 expected=46 -> duplicate ACK
[27967.70ms] SEND_ACK ack_num=46
[27967.73ms] RECV_UNEXPECTED seq=39 expected=46 -> duplicate ACK
[28067.93ms] SEND_ACK ack_num=46
[28067.96ms] RECV_UNEXPECTED seq=40 expected=46 -> duplicate ACK
[28168.14ms] SEND_ACK ack_num=46
[28168.16ms] RECV_UNEXPECTED seq=41 expected=46 -> duplicate ACK
[28268.40ms] SEND_ACK ack_num=46
[28268.47ms] RECV_UNEXPECTED seq=42 expected=46 -> duplicate ACK
[28368.68ms] SEND_ACK ack_num=46
[28368.72ms] RECV_UNEXPECTED seq=43 expected=46 -> duplicate ACK
[28468.92ms] SEND_ACK ack_num=46
[28468.94ms] RECV_UNEXPECTED seq=44 expected=46 -> duplicate ACK
[28569.13ms] SEND_ACK ack_num=46
[28569.16ms] RECV_UNEXPECTED seq=45 expected=46 -> duplicate ACK
[28669.37ms] SEND_ACK ack_num=46
[28669.43ms] RECV_UNEXPECTED seq=38 expected=46 -> duplicate ACK
[28769.62ms] SEND_ACK ack_num=46
[28769.65ms] SIM_LOSS seq=39 dropped artificially
[28769.65ms] RECV_UNEXPECTED seq=40 expected=46 -> duplicate ACK
[28869.83ms] SEND_ACK ack_num=46
[28869.86ms] RECV_UNEXPECTED seq=41 expected=46 -> duplicate ACK
[28970.05ms] SEND_ACK ack_num=46
[28970.08ms] RECV_UNEXPECTED seq=42 expected=46 -> duplicate ACK
[29070.29ms] SEND_ACK ack_num=46
[29070.32ms] RECV_UNEXPECTED seq=43 expected=46 -> duplicate ACK
[29170.52ms] SEND_ACK ack_num=46
[29170.55ms] RECV_UNEXPECTED seq=44 expected=46 -> duplicate ACK
[29270.76ms] SEND_ACK ack_num=46
[29270.79ms] RECV_UNEXPECTED seq=45 expected=46 -> duplicate ACK
[29370.98ms] SEND_ACK ack_num=46
[29371.00ms] RECV_UNEXPECTED seq=38 expected=46 -> duplicate ACK
[29471.20ms] SEND_ACK ack_num=46
[29471.24ms] RECV_UNEXPECTED seq=39 expected=46 -> duplicate ACK
[29571.45ms] SEND_ACK ack_num=46
[29571.49ms] RECV_UNEXPECTED seq=42 expected=46 -> duplicate ACK
[29671.65ms] SEND_ACK ack_num=46
[29671.67ms] RECV_UNEXPECTED seq=43 expected=46 -> duplicate ACK
[29771.89ms] SEND_ACK ack_num=46
[29771.92ms] RECV_UNEXPECTED seq=44 expected=46 -> duplicate ACK
[29872.13ms] SEND_ACK ack_num=46
[29872.16ms] RECV_UNEXPECTED seq=45 expected=46 -> duplicate ACK
[29972.41ms] SEND_ACK ack_num=46
[29972.44ms] RECV seq=46 len=512 accepted, expecting seq=47
[30072.64ms] SEND_ACK ack_num=47
[30072.67ms] SIM_LOSS seq=47 dropped artificially
[30072.67ms] RECV_UNEXPECTED seq=48 expected=47 -> duplicate ACK
[30172.89ms] SEND_ACK ack_num=47
[30172.93ms] RECV_UNEXPECTED seq=49 expected=47 -> duplicate ACK
[30273.10ms] SEND_ACK ack_num=47
[30273.14ms] RECV_UNEXPECTED seq=42 expected=47 -> duplicate ACK
[30373.36ms] SEND_ACK ack_num=47
[30373.38ms] RECV_UNEXPECTED seq=43 expected=47 -> duplicate ACK
[30473.59ms] SEND_ACK ack_num=47
[30473.62ms] RECV_UNEXPECTED seq=44 expected=47 -> duplicate ACK
[30573.86ms] SEND_ACK ack_num=47
[30573.89ms] SIM_LOSS seq=45 dropped artificially
[30573.89ms] RECV_UNEXPECTED seq=46 expected=47 -> duplicate ACK
[30674.10ms] SEND_ACK ack_num=47
[30674.30ms] RECV seq=47 len=512 accepted, expecting seq=48
[30774.47ms] SEND_ACK ack_num=48
[30774.50ms] RECV seq=48 len=512 accepted, expecting seq=49
[30874.70ms] SEND_ACK ack_num=49
[30874.73ms] RECV seq=49 len=512 accepted, expecting seq=50
[30974.94ms] SEND_ACK ack_num=50
[30974.96ms] RECV_UNEXPECTED seq=42 expected=50 -> duplicate ACK
[31075.20ms] SEND_ACK ack_num=50
[31075.25ms] RECV_UNEXPECTED seq=43 expected=50 -> duplicate ACK
[31175.44ms] SEND_ACK ack_num=50
[31175.47ms] RECV_UNEXPECTED seq=44 expected=50 -> duplicate ACK
[31275.68ms] SEND_ACK ack_num=50
[31275.70ms] RECV_UNEXPECTED seq=45 expected=50 -> duplicate ACK
[31375.96ms] SEND_ACK ack_num=50
[31376.04ms] RECV_UNEXPECTED seq=46 expected=50 -> duplicate ACK
[31476.27ms] SEND_ACK ack_num=50
[31476.30ms] RECV_UNEXPECTED seq=47 expected=50 -> duplicate ACK
[31576.48ms] SEND_ACK ack_num=50
[31576.51ms] SIM_LOSS seq=48 dropped artificially
[31576.51ms] RECV_UNEXPECTED seq=49 expected=50 -> duplicate ACK
[31676.69ms] SEND_ACK ack_num=50
[31676.72ms] RECV seq=50 len=512 accepted, expecting seq=51
[31776.91ms] SEND_ACK ack_num=51
[31776.95ms] RECV seq=51 len=512 accepted, expecting seq=52
[31877.19ms] SEND_ACK ack_num=52
[31877.23ms] SIM_LOSS seq=52 dropped artificially
[31877.23ms] RECV_UNEXPECTED seq=45 expected=52 -> duplicate ACK
[31977.51ms] SEND_ACK ack_num=52
[31977.55ms] SIM_LOSS seq=46 dropped artificially
[31977.56ms] RECV_UNEXPECTED seq=47 expected=52 -> duplicate ACK
[32077.77ms] SEND_ACK ack_num=52
[32077.80ms] RECV_UNEXPECTED seq=48 expected=52 -> duplicate ACK
[32178.01ms] SEND_ACK ack_num=52
[32178.04ms] RECV_UNEXPECTED seq=49 expected=52 -> duplicate ACK
[32278.29ms] SEND_ACK ack_num=52
[32278.32ms] SIM_LOSS seq=50 dropped artificially
[32278.32ms] RECV_UNEXPECTED seq=51 expected=52 -> duplicate ACK
[32378.56ms] SEND_ACK ack_num=52
[32378.60ms] RECV seq=52 len=512 accepted, expecting seq=53
[32478.80ms] SEND_ACK ack_num=53
[32478.82ms] RECV_UNEXPECTED seq=45 expected=53 -> duplicate ACK
[32579.01ms] SEND_ACK ack_num=53
[32579.05ms] SIM_LOSS seq=46 dropped artificially
[32579.05ms] RECV_UNEXPECTED seq=47 expected=53 -> duplicate ACK
[32679.24ms] SEND_ACK ack_num=53
[32679.27ms] RECV_UNEXPECTED seq=48 expected=53 -> duplicate ACK
[32779.45ms] SEND_ACK ack_num=53
[32779.47ms] RECV_UNEXPECTED seq=49 expected=53 -> duplicate ACK
[32879.72ms] SEND_ACK ack_num=53
[32879.76ms] RECV_UNEXPECTED seq=50 expected=53 -> duplicate ACK
[32979.95ms] SEND_ACK ack_num=53
[32979.98ms] RECV_UNEXPECTED seq=51 expected=53 -> duplicate ACK
[33080.19ms] SEND_ACK ack_num=53
[33080.21ms] RECV seq=53 len=512 accepted, expecting seq=54
[33180.41ms] SEND_ACK ack_num=54
[33180.45ms] RECV_UNEXPECTED seq=46 expected=54 -> duplicate ACK
[33280.64ms] SEND_ACK ack_num=54
[33280.68ms] RECV_UNEXPECTED seq=47 expected=54 -> duplicate ACK
[33380.96ms] SEND_ACK ack_num=54
[33381.01ms] RECV_UNEXPECTED seq=48 expected=54 -> duplicate ACK
[33481.19ms] SEND_ACK ack_num=54
[33481.21ms] RECV_UNEXPECTED seq=49 expected=54 -> duplicate ACK
[33581.38ms] SEND_ACK ack_num=54
[33581.42ms] SIM_LOSS seq=50 dropped artificially
[33581.42ms] RECV_UNEXPECTED seq=51 expected=54 -> duplicate ACK
[33681.62ms] SEND_ACK ack_num=54
[33681.66ms] SIM_LOSS seq=52 dropped artificially
[33681.66ms] RECV_UNEXPECTED seq=53 expected=54 -> duplicate ACK
[33781.84ms] SEND_ACK ack_num=54
[33781.86ms] SIM_LOSS seq=46 dropped artificially
[33781.87ms] RECV_UNEXPECTED seq=47 expected=54 -> duplicate ACK
[33882.10ms] SEND_ACK ack_num=54
[33882.13ms] SIM_LOSS seq=48 dropped artificially
[33882.14ms] RECV_UNEXPECTED seq=49 expected=54 -> duplicate ACK
[33982.31ms] SEND_ACK ack_num=54
[33982.35ms] SIM_LOSS seq=50 dropped artificially
[33982.35ms] RECV_UNEXPECTED seq=51 expected=54 -> duplicate ACK
[34082.53ms] SEND_ACK ack_num=54
[34082.55ms] RECV_UNEXPECTED seq=52 expected=54 -> duplicate ACK
[34182.75ms] SEND_ACK ack_num=54
[34182.79ms] SIM_LOSS seq=53 dropped artificially
[34182.79ms] RECV_UNEXPECTED seq=46 expected=54 -> duplicate ACK
[34283.11ms] SEND_ACK ack_num=54
[34283.15ms] RECV_UNEXPECTED seq=47 expected=54 -> duplicate ACK
[34383.37ms] SEND_ACK ack_num=54
[34383.40ms] RECV_UNEXPECTED seq=48 expected=54 -> duplicate ACK
[34483.59ms] SEND_ACK ack_num=54
[34483.62ms] RECV_UNEXPECTED seq=49 expected=54 -> duplicate ACK
[34583.84ms] SEND_ACK ack_num=54
[34583.87ms] RECV_UNEXPECTED seq=50 expected=54 -> duplicate ACK
[34684.05ms] SEND_ACK ack_num=54
[34684.07ms] RECV_UNEXPECTED seq=51 expected=54 -> duplicate ACK
[34784.27ms] SEND_ACK ack_num=54
[34784.30ms] RECV_UNEXPECTED seq=52 expected=54 -> duplicate ACK
[34884.49ms] SEND_ACK ack_num=54
[34884.53ms] RECV_UNEXPECTED seq=53 expected=54 -> duplicate ACK
[34984.71ms] SEND_ACK ack_num=54
[34984.73ms] RECV_UNEXPECTED seq=46 expected=54 -> duplicate ACK
[35084.95ms] SEND_ACK ack_num=54
[35084.98ms] SIM_LOSS seq=47 dropped artificially
[35084.99ms] RECV_UNEXPECTED seq=48 expected=54 -> duplicate ACK
[35185.18ms] SEND_ACK ack_num=54
[35185.21ms] RECV_UNEXPECTED seq=49 expected=54 -> duplicate ACK
[35285.41ms] SEND_ACK ack_num=54
[35285.44ms] RECV_UNEXPECTED seq=50 expected=54 -> duplicate ACK
[35385.63ms] SEND_ACK ack_num=54
[35385.67ms] RECV_UNEXPECTED seq=51 expected=54 -> duplicate ACK
[35485.86ms] SEND_ACK ack_num=54
[35485.94ms] RECV_UNEXPECTED seq=52 expected=54 -> duplicate ACK
[35627.04ms] SEND_ACK ack_num=54
[35627.07ms] RECV_UNEXPECTED seq=53 expected=54 -> duplicate ACK
[35727.31ms] SEND_ACK ack_num=54
[35727.35ms] SIM_LOSS seq=46 dropped artificially
[35727.35ms] RECV_UNEXPECTED seq=47 expected=54 -> duplicate ACK
[35827.92ms] SEND_ACK ack_num=54
[35827.95ms] RECV_UNEXPECTED seq=48 expected=54 -> duplicate ACK
[35928.15ms] SEND_ACK ack_num=54
[35928.17ms] RECV_UNEXPECTED seq=49 expected=54 -> duplicate ACK
[36028.41ms] SEND_ACK ack_num=54
[36028.44ms] RECV_UNEXPECTED seq=50 expected=54 -> duplicate ACK
[36128.69ms] SEND_ACK ack_num=54
[36128.72ms] RECV_UNEXPECTED seq=51 expected=54 -> duplicate ACK
[36228.95ms] SEND_ACK ack_num=54
[36228.97ms] RECV_UNEXPECTED seq=52 expected=54 -> duplicate ACK
[36329.24ms] SEND_ACK ack_num=54
[36329.28ms] RECV_UNEXPECTED seq=53 expected=54 -> duplicate ACK
[36429.49ms] SEND_ACK ack_num=54
[36429.52ms] RECV_UNEXPECTED seq=46 expected=54 -> duplicate ACK
[36529.86ms] SEND_ACK ack_num=54
[36529.88ms] RECV_UNEXPECTED seq=46 expected=54 -> duplicate ACK
[36630.10ms] SEND_ACK ack_num=54
[36630.14ms] RECV_UNEXPECTED seq=47 expected=54 -> duplicate ACK
[36730.37ms] SEND_ACK ack_num=54
[36730.41ms] RECV_UNEXPECTED seq=48 expected=54 -> duplicate ACK
[36830.58ms] SEND_ACK ack_num=54
[36830.60ms] RECV_UNEXPECTED seq=49 expected=54 -> duplicate ACK
[36930.86ms] SEND_ACK ack_num=54
[36930.89ms] SIM_LOSS seq=50 dropped artificially
[36930.89ms] RECV_UNEXPECTED seq=51 expected=54 -> duplicate ACK
[37031.12ms] SEND_ACK ack_num=54
[37031.15ms] RECV_UNEXPECTED seq=52 expected=54 -> duplicate ACK
[37131.39ms] SEND_ACK ack_num=54
[37131.41ms] RECV_UNEXPECTED seq=53 expected=54 -> duplicate ACK
[37231.68ms] SEND_ACK ack_num=54
[37231.71ms] RECV_UNEXPECTED seq=46 expected=54 -> duplicate ACK
[37332.06ms] SEND_ACK ack_num=54
[37332.09ms] RECV_UNEXPECTED seq=47 expected=54 -> duplicate ACK
[37432.34ms] SEND_ACK ack_num=54
[37432.37ms] SIM_LOSS seq=48 dropped artificially
[37432.38ms] RECV_UNEXPECTED seq=49 expected=54 -> duplicate ACK
[37532.63ms] SEND_ACK ack_num=54
[37532.66ms] RECV_UNEXPECTED seq=50 expected=54 -> duplicate ACK
[37632.92ms] SEND_ACK ack_num=54
[37632.95ms] RECV_UNEXPECTED seq=51 expected=54 -> duplicate ACK
[37733.15ms] SEND_ACK ack_num=54
[37733.17ms] RECV_UNEXPECTED seq=52 expected=54 -> duplicate ACK
[37833.41ms] SEND_ACK ack_num=54
[37833.45ms] RECV_UNEXPECTED seq=53 expected=54 -> duplicate ACK
[37933.77ms] SEND_ACK ack_num=54
[37933.84ms] RECV_UNEXPECTED seq=46 expected=54 -> duplicate ACK
[38034.01ms] SEND_ACK ack_num=54
[38034.04ms] RECV_UNEXPECTED seq=47 expected=54 -> duplicate ACK
[38134.34ms] SEND_ACK ack_num=54
[38134.38ms] RECV_UNEXPECTED seq=48 expected=54 -> duplicate ACK
[38234.58ms] SEND_ACK ack_num=54
[38234.64ms] SIM_LOSS seq=49 dropped artificially
[38234.65ms] RECV_UNEXPECTED seq=50 expected=54 -> duplicate ACK
[38334.83ms] SEND_ACK ack_num=54
[38334.85ms] RECV_UNEXPECTED seq=51 expected=54 -> duplicate ACK
[38435.07ms] SEND_ACK ack_num=54
[38435.11ms] RECV_UNEXPECTED seq=52 expected=54 -> duplicate ACK
[38535.31ms] SEND_ACK ack_num=54
[38535.35ms] RECV_UNEXPECTED seq=53 expected=54 -> duplicate ACK
[38635.54ms] SEND_ACK ack_num=54
[38635.56ms] SIM_LOSS seq=46 dropped artificially
[38635.57ms] RECV_UNEXPECTED seq=47 expected=54 -> duplicate ACK
[38735.77ms] SEND_ACK ack_num=54
[38735.81ms] SIM_LOSS seq=48 dropped artificially
[38735.81ms] RECV_UNEXPECTED seq=49 expected=54 -> duplicate ACK
[38836.02ms] SEND_ACK ack_num=54
[38836.06ms] RECV_UNEXPECTED seq=50 expected=54 -> duplicate ACK
[38936.28ms] SEND_ACK ack_num=54
[38936.30ms] SIM_LOSS seq=51 dropped artificially
[38936.30ms] RECV_UNEXPECTED seq=52 expected=54 -> duplicate ACK
[39036.49ms] SEND_ACK ack_num=54
[39036.53ms] RECV_UNEXPECTED seq=53 expected=54 -> duplicate ACK
[39187.27ms] SEND_ACK ack_num=54
[39187.31ms] RECV_UNEXPECTED seq=46 expected=54 -> duplicate ACK
[39287.56ms] SEND_ACK ack_num=54
[39287.64ms] RECV_UNEXPECTED seq=47 expected=54 -> duplicate ACK
[39387.82ms] SEND_ACK ack_num=54
[39387.85ms] RECV_UNEXPECTED seq=48 expected=54 -> duplicate ACK
[39488.03ms] SEND_ACK ack_num=54
[39488.06ms] RECV_UNEXPECTED seq=49 expected=54 -> duplicate ACK
[39588.24ms] SEND_ACK ack_num=54
[39588.27ms] SIM_LOSS seq=50 dropped artificially
[39588.28ms] RECV_UNEXPECTED seq=51 expected=54 -> duplicate ACK
[39688.47ms] SEND_ACK ack_num=54
[39688.50ms] RECV_UNEXPECTED seq=52 expected=54 -> duplicate ACK
[39788.72ms] SEND_ACK ack_num=54
[39788.76ms] RECV_UNEXPECTED seq=53 expected=54 -> duplicate ACK
[39888.95ms] SEND_ACK ack_num=54
[39888.99ms] RECV_UNEXPECTED seq=46 expected=54 -> duplicate ACK
[39989.20ms] SEND_ACK ack_num=54
[39989.23ms] RECV_UNEXPECTED seq=47 expected=54 -> duplicate ACK
[40089.44ms] SEND_ACK ack_num=54
[40089.47ms] RECV_UNEXPECTED seq=46 expected=54 -> duplicate ACK
[40189.66ms] SEND_ACK ack_num=54
[40189.70ms] RECV_UNEXPECTED seq=47 expected=54 -> duplicate ACK
[40289.89ms] SEND_ACK ack_num=54
[40289.93ms] RECV_UNEXPECTED seq=48 expected=54 -> duplicate ACK
[40390.11ms] SEND_ACK ack_num=54
[40390.14ms] RECV_UNEXPECTED seq=49 expected=54 -> duplicate ACK
[40490.32ms] SEND_ACK ack_num=54
[40490.35ms] SIM_LOSS seq=50 dropped artificially
[40490.36ms] RECV_UNEXPECTED seq=51 expected=54 -> duplicate ACK
[40590.54ms] SEND_ACK ack_num=54
[40590.58ms] RECV_UNEXPECTED seq=52 expected=54 -> duplicate ACK
[40690.77ms] SEND_ACK ack_num=54
[40690.80ms] SIM_LOSS seq=53 dropped artificially
[40690.80ms] RECV seq=54 len=512 accepted, expecting seq=55
[40790.97ms] SEND_ACK ack_num=55
[40791.01ms] SIM_LOSS seq=47 dropped artificially
[40791.01ms] SIM_LOSS seq=48 dropped artificially
[40791.01ms] RECV_UNEXPECTED seq=49 expected=55 -> duplicate ACK
[40891.20ms] SEND_ACK ack_num=55
[40891.23ms] RECV_UNEXPECTED seq=50 expected=55 -> duplicate ACK
[40991.48ms] SEND_ACK ack_num=55
[40991.52ms] RECV_UNEXPECTED seq=51 expected=55 -> duplicate ACK
[41091.70ms] SEND_ACK ack_num=55
[41091.72ms] SIM_LOSS seq=52 dropped artificially
[41091.72ms] RECV_UNEXPECTED seq=53 expected=55 -> duplicate ACK
[41191.92ms] SEND_ACK ack_num=55
[41191.95ms] RECV_UNEXPECTED seq=54 expected=55 -> duplicate ACK
[41292.14ms] SEND_ACK ack_num=55
[41292.17ms] RECV_UNEXPECTED seq=47 expected=55 -> duplicate ACK
[41392.36ms] SEND_ACK ack_num=55
[41392.40ms] RECV_UNEXPECTED seq=48 expected=55 -> duplicate ACK
[41492.58ms] SEND_ACK ack_num=55
[41492.61ms] RECV_UNEXPECTED seq=49 expected=55 -> duplicate ACK
[41592.80ms] SEND_ACK ack_num=55
[41592.88ms] RECV_UNEXPECTED seq=50 expected=55 -> duplicate ACK
[41693.06ms] SEND_ACK ack_num=55
[41693.08ms] SIM_LOSS seq=51 dropped artificially
[41693.09ms] RECV_UNEXPECTED seq=52 expected=55 -> duplicate ACK
[41793.26ms] SEND_ACK ack_num=55
[41793.29ms] RECV_UNEXPECTED seq=53 expected=55 -> duplicate ACK
[41893.51ms] SEND_ACK ack_num=55
[41893.53ms] RECV_UNEXPECTED seq=54 expected=55 -> duplicate ACK
[41993.72ms] SEND_ACK ack_num=55
[41993.74ms] SIM_LOSS seq=55 dropped artificially
[41993.74ms] SIM_LOSS seq=56 dropped artificially
[41993.74ms] RECV_UNEXPECTED seq=57 expected=55 -> duplicate ACK
[42093.94ms] SEND_ACK ack_num=55
[42093.97ms] RECV_UNEXPECTED seq=50 expected=55 -> duplicate ACK
[42194.19ms] SEND_ACK ack_num=55
[42194.21ms] RECV_UNEXPECTED seq=51 expected=55 -> duplicate ACK
[42294.40ms] SEND_ACK ack_num=55
[42294.43ms] RECV_UNEXPECTED seq=52 expected=55 -> duplicate ACK
[42394.65ms] SEND_ACK ack_num=55
[42394.68ms] RECV_UNEXPECTED seq=53 expected=55 -> duplicate ACK
[42494.88ms] SEND_ACK ack_num=55
[42494.91ms] RECV_UNEXPECTED seq=54 expected=55 -> duplicate ACK
[42595.06ms] SEND_ACK ack_num=55
[42595.08ms] RECV seq=55 len=512 accepted, expecting seq=56
[42695.32ms] SEND_ACK ack_num=56
[42695.37ms] SIM_LOSS seq=56 dropped artificially
[42695.37ms] SIM_LOSS seq=57 dropped artificially
[42695.38ms] RECV_UNEXPECTED seq=50 expected=56 -> duplicate ACK
[42795.59ms] SEND_ACK ack_num=56
[42795.62ms] RECV_UNEXPECTED seq=51 expected=56 -> duplicate ACK
[42895.93ms] SEND_ACK ack_num=56
[42895.96ms] RECV_UNEXPECTED seq=52 expected=56 -> duplicate ACK
[42996.20ms] SEND_ACK ack_num=56
[42996.23ms] SIM_LOSS seq=53 dropped artificially
[42996.23ms] RECV_UNEXPECTED seq=54 expected=56 -> duplicate ACK
[43096.50ms] SEND_ACK ack_num=56
[43096.54ms] RECV_UNEXPECTED seq=55 expected=56 -> duplicate ACK
[43196.80ms] SEND_ACK ack_num=56
[43196.90ms] RECV_UNEXPECTED seq=61 expected=56 -> duplicate ACK
[43297.10ms] SEND_ACK ack_num=56
[43297.12ms] SIM_LOSS seq=54 dropped artificially
[43297.12ms] SIM_LOSS seq=55 dropped artificially
[43297.13ms] SIM_LOSS seq=56 dropped artificially
[43297.13ms] RECV_UNEXPECTED seq=57 expected=56 -> duplicate ACK
[43397.35ms] SEND_ACK ack_num=56
[43397.38ms] RECV_UNEXPECTED seq=58 expected=56 -> duplicate ACK
[43497.64ms] SEND_ACK ack_num=56
[43497.67ms] RECV_UNEXPECTED seq=59 expected=56 -> duplicate ACK
[43597.84ms] SEND_ACK ack_num=56
[43597.86ms] RECV_UNEXPECTED seq=60 expected=56 -> duplicate ACK
[43698.05ms] SEND_ACK ack_num=56
[43698.08ms] RECV_UNEXPECTED seq=61 expected=56 -> duplicate ACK
[43798.28ms] SEND_ACK ack_num=56
[43798.31ms] RECV_UNEXPECTED seq=54 expected=56 -> duplicate ACK
[43898.48ms] SEND_ACK ack_num=56
[43898.51ms] RECV_UNEXPECTED seq=55 expected=56 -> duplicate ACK
[43998.76ms] SEND_ACK ack_num=56
[43998.79ms] RECV seq=56 len=512 accepted, expecting seq=57
[44098.99ms] SEND_ACK ack_num=57
[44099.02ms] RECV seq=57 len=512 accepted, expecting seq=58
[44199.21ms] SEND_ACK ack_num=58
[44199.26ms] RECV seq=58 len=512 accepted, expecting seq=59
[44299.45ms] SEND_ACK ack_num=59
[44299.47ms] RECV seq=59 len=512 accepted, expecting seq=60
[44399.66ms] SEND_ACK ack_num=60
[44399.69ms] RECV seq=60 len=512 accepted, expecting seq=61
[44499.87ms] SEND_ACK ack_num=61
[44499.89ms] RECV seq=61 len=512 accepted, expecting seq=62
[44600.06ms] SEND_ACK ack_num=62
[44600.09ms] SIM_LOSS seq=54 dropped artificially
[44600.09ms] RECV_UNEXPECTED seq=55 expected=62 -> duplicate ACK
[44700.30ms] SEND_ACK ack_num=62
[44700.33ms] RECV_UNEXPECTED seq=56 expected=62 -> duplicate ACK
[44800.52ms] SEND_ACK ack_num=62
[44800.55ms] RECV_UNEXPECTED seq=57 expected=62 -> duplicate ACK
[44900.71ms] SEND_ACK ack_num=62
[44900.73ms] RECV_UNEXPECTED seq=58 expected=62 -> duplicate ACK
[45000.92ms] SEND_ACK ack_num=62
[45000.95ms] RECV_UNEXPECTED seq=59 expected=62 -> duplicate ACK
[45101.15ms] SEND_ACK ack_num=62
[45101.20ms] RECV_UNEXPECTED seq=60 expected=62 -> duplicate ACK
[45201.38ms] SEND_ACK ack_num=62
[45201.40ms] RECV_UNEXPECTED seq=61 expected=62 -> duplicate ACK
[45301.61ms] SEND_ACK ack_num=62
[45301.63ms] RECV_UNEXPECTED seq=54 expected=62 -> duplicate ACK
[45401.83ms] SEND_ACK ack_num=62
[45401.86ms] RECV_UNEXPECTED seq=55 expected=62 -> duplicate ACK
[45502.05ms] SEND_ACK ack_num=62
[45502.07ms] RECV_UNEXPECTED seq=56 expected=62 -> duplicate ACK
[45637.92ms] SEND_ACK ack_num=62
[45637.96ms] RECV_UNEXPECTED seq=57 expected=62 -> duplicate ACK
[45738.21ms] SEND_ACK ack_num=62
[45738.24ms] RECV_UNEXPECTED seq=58 expected=62 -> duplicate ACK
[45838.53ms] SEND_ACK ack_num=62
[45838.56ms] RECV_UNEXPECTED seq=59 expected=62 -> duplicate ACK
[45938.79ms] SEND_ACK ack_num=62
[45938.82ms] RECV_UNEXPECTED seq=60 expected=62 -> duplicate ACK
[46039.04ms] SEND_ACK ack_num=62
[46039.07ms] RECV_UNEXPECTED seq=61 expected=62 -> duplicate ACK
[46139.28ms] SEND_ACK ack_num=62
[46139.31ms] RECV_UNEXPECTED seq=54 expected=62 -> duplicate ACK
[46239.52ms] SEND_ACK ack_num=62
[46239.57ms] RECV_UNEXPECTED seq=55 expected=62 -> duplicate ACK
[46339.80ms] SEND_ACK ack_num=62
[46339.84ms] RECV_UNEXPECTED seq=56 expected=62 -> duplicate ACK
[46440.14ms] SEND_ACK ack_num=62
[46440.17ms] RECV_UNEXPECTED seq=57 expected=62 -> duplicate ACK
[46540.38ms] SEND_ACK ack_num=62
[46540.46ms] RECV_UNEXPECTED seq=58 expected=62 -> duplicate ACK
[46640.66ms] SEND_ACK ack_num=62
[46640.70ms] RECV_UNEXPECTED seq=59 expected=62 -> duplicate ACK
[46740.93ms] SEND_ACK ack_num=62
[46740.97ms] SIM_LOSS seq=60 dropped artificially
[46740.97ms] RECV_UNEXPECTED seq=61 expected=62 -> duplicate ACK
[46841.15ms] SEND_ACK ack_num=62
[46841.18ms] SIM_LOSS seq=54 dropped artificially
[46841.19ms] RECV_UNEXPECTED seq=54 expected=62 -> duplicate ACK
[46941.41ms] SEND_ACK ack_num=62
[46941.44ms] RECV_UNEXPECTED seq=55 expected=62 -> duplicate ACK
[47041.64ms] SEND_ACK ack_num=62
[47041.67ms] RECV_UNEXPECTED seq=56 expected=62 -> duplicate ACK
[47141.91ms] SEND_ACK ack_num=62
[47141.94ms] SIM_LOSS seq=57 dropped artificially
[47141.94ms] RECV_UNEXPECTED seq=58 expected=62 -> duplicate ACK
[47242.15ms] SEND_ACK ack_num=62
[47242.18ms] SIM_LOSS seq=59 dropped artificially
[47242.19ms] RECV_UNEXPECTED seq=60 expected=62 -> duplicate ACK
[47342.39ms] SEND_ACK ack_num=62
[47342.41ms] RECV_UNEXPECTED seq=61 expected=62 -> duplicate ACK
[47442.61ms] SEND_ACK ack_num=62
[47442.64ms] SIM_LOSS seq=54 dropped artificially
[47442.65ms] RECV_UNEXPECTED seq=55 expected=62 -> duplicate ACK
[47542.90ms] SEND_ACK ack_num=62
[47542.93ms] RECV_UNEXPECTED seq=56 expected=62 -> duplicate ACK
[47643.13ms] SEND_ACK ack_num=62
[47643.16ms] RECV_UNEXPECTED seq=57 expected=62 -> duplicate ACK
[47743.38ms] SEND_ACK ack_num=62
[47743.40ms] RECV_UNEXPECTED seq=58 expected=62 -> duplicate ACK
[47843.61ms] SEND_ACK ack_num=62
[47843.64ms] RECV_UNEXPECTED seq=59 expected=62 -> duplicate ACK
[47943.87ms] SEND_ACK ack_num=62
[47943.92ms] RECV_UNEXPECTED seq=60 expected=62 -> duplicate ACK
[48044.10ms] SEND_ACK ack_num=62
[48044.12ms] RECV_UNEXPECTED seq=61 expected=62 -> duplicate ACK
[48144.35ms] SEND_ACK ack_num=62
[48144.37ms] SIM_LOSS seq=54 dropped artificially
[48144.38ms] RECV_UNEXPECTED seq=55 expected=62 -> duplicate ACK
[48244.62ms] SEND_ACK ack_num=62
[48244.65ms] SIM_LOSS seq=56 dropped artificially
[48244.65ms] RECV_UNEXPECTED seq=57 expected=62 -> duplicate ACK
[48344.94ms] SEND_ACK ack_num=62
[48344.97ms] RECV_UNEXPECTED seq=58 expected=62 -> duplicate ACK
[48445.16ms] SEND_ACK ack_num=62
[48445.19ms] RECV_UNEXPECTED seq=59 expected=62 -> duplicate ACK
[48545.44ms] SEND_ACK ack_num=62
[48545.48ms] RECV_UNEXPECTED seq=60 expected=62 -> duplicate ACK
[48645.70ms] SEND_ACK ack_num=62
[48645.72ms] RECV_UNEXPECTED seq=61 expected=62 -> duplicate ACK
[48745.94ms] SEND_ACK ack_num=62
[48745.96ms] RECV_UNEXPECTED seq=54 expected=62 -> duplicate ACK
[48846.11ms] SEND_ACK ack_num=62
[48846.14ms] RECV_UNEXPECTED seq=55 expected=62 -> duplicate ACK
[48946.34ms] SEND_ACK ack_num=62
[48946.37ms] RECV_UNEXPECTED seq=56 expected=62 -> duplicate ACK
[49046.69ms] SEND_ACK ack_num=62
[49046.72ms] RECV_UNEXPECTED seq=57 expected=62 -> duplicate ACK
[49146.93ms] SEND_ACK ack_num=62
[49146.96ms] RECV_UNEXPECTED seq=58 expected=62 -> duplicate ACK
[49247.17ms] SEND_ACK ack_num=62
[49247.20ms] SIM_LOSS seq=59 dropped artificially
[49247.20ms] RECV_UNEXPECTED seq=60 expected=62 -> duplicate ACK
[49347.41ms] SEND_ACK ack_num=62
[49347.43ms] SIM_LOSS seq=61 dropped artificially
[49347.44ms] RECV_UNEXPECTED seq=54 expected=62 -> duplicate ACK
[49447.61ms] SEND_ACK ack_num=62
[49447.64ms] SIM_LOSS seq=55 dropped artificially
[49447.64ms] RECV_UNEXPECTED seq=56 expected=62 -> duplicate ACK
[49547.86ms] SEND_ACK ack_num=62
[49547.88ms] SIM_LOSS seq=57 dropped artificially
[49547.89ms] RECV_UNEXPECTED seq=58 expected=62 -> duplicate ACK
[49648.08ms] SEND_ACK ack_num=62
[49648.11ms] RECV_UNEXPECTED seq=59 expected=62 -> duplicate ACK
[49748.30ms] SEND_ACK ack_num=62
[49748.33ms] RECV_UNEXPECTED seq=60 expected=62 -> duplicate ACK
[49848.53ms] SEND_ACK ack_num=62
[49848.56ms] RECV_UNEXPECTED seq=61 expected=62 -> duplicate ACK
[49948.78ms] SEND_ACK ack_num=62
[49948.90ms] RECV_UNEXPECTED seq=54 expected=62 -> duplicate ACK
[50049.11ms] SEND_ACK ack_num=62
[50049.13ms] RECV_UNEXPECTED seq=55 expected=62 -> duplicate ACK
[50149.40ms] SEND_ACK ack_num=62
[50149.43ms] RECV_UNEXPECTED seq=54 expected=62 -> duplicate ACK
[50249.67ms] SEND_ACK ack_num=62
[50249.70ms] SIM_LOSS seq=55 dropped artificially
[50249.70ms] RECV_UNEXPECTED seq=56 expected=62 -> duplicate ACK
[50349.90ms] SEND_ACK ack_num=62
[50349.92ms] RECV_UNEXPECTED seq=57 expected=62 -> duplicate ACK
[50450.14ms] SEND_ACK ack_num=62
[50450.17ms] RECV_UNEXPECTED seq=58 expected=62 -> duplicate ACK
[50550.35ms] SEND_ACK ack_num=62
[50550.38ms] RECV_UNEXPECTED seq=59 expected=62 -> duplicate ACK
[50650.61ms] SEND_ACK ack_num=62
[50650.64ms] RECV_UNEXPECTED seq=60 expected=62 -> duplicate ACK
[50750.87ms] SEND_ACK ack_num=62
[50750.92ms] RECV_UNEXPECTED seq=61 expected=62 -> duplicate ACK
[50851.13ms] SEND_ACK ack_num=62
[50851.16ms] RECV_UNEXPECTED seq=54 expected=62 -> duplicate ACK
[50951.35ms] SEND_ACK ack_num=62
[50951.37ms] RECV_UNEXPECTED seq=55 expected=62 -> duplicate ACK
[51051.59ms] SEND_ACK ack_num=62
[51051.62ms] RECV_UNEXPECTED seq=56 expected=62 -> duplicate ACK
[51151.82ms] SEND_ACK ack_num=62
[51151.85ms] SIM_LOSS seq=57 dropped artificially
[51151.86ms] SIM_LOSS seq=58 dropped artificially
[51151.86ms] RECV_UNEXPECTED seq=59 expected=62 -> duplicate ACK
[51252.09ms] SEND_ACK ack_num=62
[51252.11ms] RECV_UNEXPECTED seq=60 expected=62 -> duplicate ACK
[51352.30ms] SEND_ACK ack_num=62
[51352.33ms] RECV_UNEXPECTED seq=61 expected=62 -> duplicate ACK
[51452.52ms] SEND_ACK ack_num=62
[51452.55ms] RECV seq=62 len=512 accepted, expecting seq=63
[51552.86ms] SEND_ACK ack_num=63
[51552.89ms] RECV_UNEXPECTED seq=55 expected=63 -> duplicate ACK
[51653.25ms] SEND_ACK ack_num=63
[51653.29ms] RECV_UNEXPECTED seq=56 expected=63 -> duplicate ACK
[51753.50ms] SEND_ACK ack_num=63
[51753.53ms] RECV_UNEXPECTED seq=57 expected=63 -> duplicate ACK
[51853.74ms] SEND_ACK ack_num=63
[51853.76ms] SIM_LOSS seq=58 dropped artificially
[51853.76ms] RECV_UNEXPECTED seq=59 expected=63 -> duplicate ACK
[51954.01ms] SEND_ACK ack_num=63
[51954.04ms] SIM_LOSS seq=60 dropped artificially
[51954.04ms] SIM_LOSS seq=61 dropped artificially
[51954.05ms] RECV_UNEXPECTED seq=62 expected=63 -> duplicate ACK
[52054.22ms] SEND_ACK ack_num=63
[52054.26ms] RECV_UNEXPECTED seq=55 expected=63 -> duplicate ACK
[52154.43ms] SEND_ACK ack_num=63
[52154.45ms] RECV_UNEXPECTED seq=56 expected=63 -> duplicate ACK
[52254.72ms] SEND_ACK ack_num=63
[52254.75ms] RECV_UNEXPECTED seq=57 expected=63 -> duplicate ACK
[52354.96ms] SEND_ACK ack_num=63
[52354.99ms] RECV_UNEXPECTED seq=58 expected=63 -> duplicate ACK
[52455.21ms] SEND_ACK ack_num=63
[52455.23ms] RECV_UNEXPECTED seq=59 expected=63 -> duplicate ACK
[52555.45ms] SEND_ACK ack_num=63
[52555.48ms] RECV_UNEXPECTED seq=60 expected=63 -> duplicate ACK
[52655.74ms] SEND_ACK ack_num=63
[52655.77ms] SIM_LOSS seq=61 dropped artificially
[52655.79ms] RECV_UNEXPECTED seq=62 expected=63 -> duplicate ACK
[52755.97ms] SEND_ACK ack_num=63
[52755.99ms] RECV_UNEXPECTED seq=55 expected=63 -> duplicate ACK
[52902.14ms] SEND_ACK ack_num=63
[52902.19ms] RECV_UNEXPECTED seq=56 expected=63 -> duplicate ACK
[53002.36ms] SEND_ACK ack_num=63
[53002.40ms] RECV_UNEXPECTED seq=57 expected=63 -> duplicate ACK
[53102.63ms] SEND_ACK ack_num=63
[53102.67ms] RECV_UNEXPECTED seq=58 expected=63 -> duplicate ACK
[53202.84ms] SEND_ACK ack_num=63
[53202.88ms] RECV_UNEXPECTED seq=59 expected=63 -> duplicate ACK
[53303.06ms] SEND_ACK ack_num=63
[53303.09ms] SIM_LOSS seq=60 dropped artificially
[53303.09ms] RECV_UNEXPECTED seq=61 expected=63 -> duplicate ACK
[53403.28ms] SEND_ACK ack_num=63
[53403.32ms] RECV_UNEXPECTED seq=62 expected=63 -> duplicate ACK
[53503.49ms] SEND_ACK ack_num=63
[53503.54ms] RECV_UNEXPECTED seq=55 expected=63 -> duplicate ACK
[53603.73ms] SEND_ACK ack_num=63
[53603.76ms] SIM_LOSS seq=56 dropped artificially
[53603.77ms] RECV_UNEXPECTED seq=57 expected=63 -> duplicate ACK
[53703.98ms] SEND_ACK ack_num=63
[53704.01ms] RECV_UNEXPECTED seq=58 expected=63 -> duplicate ACK
[53804.36ms] SEND_ACK ack_num=63
[53804.41ms] RECV_UNEXPECTED seq=59 expected=63 -> duplicate ACK
[53904.61ms] SEND_ACK ack_num=63
[53904.64ms] SIM_LOSS seq=60 dropped artificially
[53904.69ms] RECV_UNEXPECTED seq=61 expected=63 -> duplicate ACK
[54004.93ms] SEND_ACK ack_num=63
[54004.97ms] RECV_UNEXPECTED seq=62 expected=63 -> duplicate ACK
[54105.17ms] SEND_ACK ack_num=63
[54105.25ms] RECV seq=63 len=512 accepted, expecting seq=64
[54205.45ms] SEND_ACK ack_num=64
[54205.51ms] RECV_UNEXPECTED seq=56 expected=64 -> duplicate ACK
[54305.68ms] SEND_ACK ack_num=64
[54305.72ms] SIM_LOSS seq=57 dropped artificially
[54305.72ms] SIM_LOSS seq=58 dropped artificially
[54305.72ms] SIM_LOSS seq=59 dropped artificially
[54305.72ms] RECV_UNEXPECTED seq=60 expected=64 -> duplicate ACK
[54405.92ms] SEND_ACK ack_num=64
[54405.96ms] SIM_LOSS seq=61 dropped artificially
[54405.96ms] SIM_LOSS seq=62 dropped artificially
[54405.96ms] RECV_UNEXPECTED seq=63 expected=64 -> duplicate ACK
[54506.18ms] SEND_ACK ack_num=64
[54506.21ms] RECV seq=64 len=512 accepted, expecting seq=65
[54606.46ms] SEND_ACK ack_num=65
[54606.49ms] RECV seq=65 len=512 accepted, expecting seq=66
[54706.68ms] SEND_ACK ack_num=66
[54706.71ms] RECV seq=66 len=512 accepted, expecting seq=67
[54806.91ms] SEND_ACK ack_num=67
[54806.95ms] SIM_LOSS seq=67 dropped artificially
[54806.95ms] RECV_UNEXPECTED seq=68 expected=67 -> duplicate ACK
[54907.15ms] SEND_ACK ack_num=67
[54907.18ms] SIM_LOSS seq=69 dropped artificially
[54907.18ms] SIM_LOSS seq=62 dropped artificially
[54907.20ms] RECV_UNEXPECTED seq=63 expected=67 -> duplicate ACK
[55007.38ms] SEND_ACK ack_num=67
[55007.43ms] SIM_LOSS seq=64 dropped artificially
[55007.43ms] SIM_LOSS seq=65 dropped artificially
[55007.44ms] RECV_UNEXPECTED seq=66 expected=67 -> duplicate ACK
[55107.65ms] SEND_ACK ack_num=67
[55107.67ms] RECV seq=67 len=512 accepted, expecting seq=68
[55207.87ms] SEND_ACK ack_num=68
[55207.90ms] RECV seq=68 len=512 accepted, expecting seq=69
[55308.17ms] SEND_ACK ack_num=69
[55308.21ms] RECV seq=69 len=512 accepted, expecting seq=70
[55408.41ms] SEND_ACK ack_num=70
[55408.45ms] RECV_UNEXPECTED seq=62 expected=70 -> duplicate ACK
[55508.64ms] SEND_ACK ack_num=70
[55508.67ms] SIM_LOSS seq=63 dropped artificially
[55508.67ms] RECV_UNEXPECTED seq=64 expected=70 -> duplicate ACK
[55608.88ms] SEND_ACK ack_num=70
[55608.91ms] RECV_UNEXPECTED seq=65 expected=70 -> duplicate ACK
[55709.11ms] SEND_ACK ack_num=70
[55709.13ms] SIM_LOSS seq=66 dropped artificially
[55709.13ms] SIM_LOSS seq=67 dropped artificially
[55709.13ms] RECV_UNEXPECTED seq=68 expected=70 -> duplicate ACK
[55809.37ms] SEND_ACK ack_num=70
[55809.41ms] RECV_UNEXPECTED seq=69 expected=70 -> duplicate ACK
[55909.63ms] SEND_ACK ack_num=70
[55909.66ms] RECV_UNEXPECTED seq=62 expected=70 -> duplicate ACK
[56009.84ms] SEND_ACK ack_num=70
[56009.87ms] RECV_UNEXPECTED seq=63 expected=70 -> duplicate ACK
[56110.05ms] SEND_ACK ack_num=70
[56110.08ms] RECV_UNEXPECTED seq=64 expected=70 -> duplicate ACK
[56210.36ms] SEND_ACK ack_num=70
[56210.39ms] RECV_UNEXPECTED seq=65 expected=70 -> duplicate ACK
[56310.60ms] SEND_ACK ack_num=70
[56310.62ms] RECV_UNEXPECTED seq=62 expected=70 -> duplicate ACK
[56410.84ms] SEND_ACK ack_num=70
[56410.88ms] RECV_UNEXPECTED seq=63 expected=70 -> duplicate ACK
[56554.27ms] SEND_ACK ack_num=70
[56554.34ms] RECV_UNEXPECTED seq=64 expected=70 -> duplicate ACK
[56654.63ms] SEND_ACK ack_num=70
[56654.67ms] SIM_LOSS seq=65 dropped artificially
[56654.67ms] RECV_UNEXPECTED seq=66 expected=70 -> duplicate ACK
[56754.96ms] SEND_ACK ack_num=70
[56754.99ms] RECV_UNEXPECTED seq=67 expected=70 -> duplicate ACK
[56855.22ms] SEND_ACK ack_num=70
[56855.29ms] RECV_UNEXPECTED seq=68 expected=70 -> duplicate ACK
[56955.50ms] SEND_ACK ack_num=70
[56955.53ms] RECV_UNEXPECTED seq=69 expected=70 -> duplicate ACK
[57055.70ms] SEND_ACK ack_num=70
[57055.73ms] SIM_LOSS seq=62 dropped artificially
[57055.74ms] RECV_UNEXPECTED seq=63 expected=70 -> duplicate ACK
[57155.93ms] SEND_ACK ack_num=70
[57155.96ms] RECV_UNEXPECTED seq=64 expected=70 -> duplicate ACK
[57256.15ms] SEND_ACK ack_num=70
[57256.18ms] RECV_UNEXPECTED seq=65 expected=70 -> duplicate ACK
[57363.10ms] SEND_ACK ack_num=70
[57363.13ms] SIM_LOSS seq=66 dropped artificially
[57363.14ms] RECV_UNEXPECTED seq=67 expected=70 -> duplicate ACK
[57463.39ms] SEND_ACK ack_num=70
[57463.43ms] RECV_UNEXPECTED seq=68 expected=70 -> duplicate ACK
[57563.60ms] SEND_ACK ack_num=70
[57563.63ms] RECV_UNEXPECTED seq=69 expected=70 -> duplicate ACK
[57663.83ms] SEND_ACK ack_num=70
[57663.87ms] RECV_UNEXPECTED seq=62 expected=70 -> duplicate ACK
[57764.13ms] SEND_ACK ack_num=70
[57764.16ms] RECV_UNEXPECTED seq=63 expected=70 -> duplicate ACK
[57864.36ms] SEND_ACK ack_num=70
[57864.39ms] SIM_LOSS seq=64 dropped artificially
[57864.40ms] SIM_LOSS seq=65 dropped artificially
[57864.40ms] RECV_UNEXPECTED seq=66 expected=70 -> duplicate ACK
[57964.56ms] SEND_ACK ack_num=70
[57964.60ms] SIM_LOSS seq=67 dropped artificially
[57964.60ms] RECV_UNEXPECTED seq=68 expected=70 -> duplicate ACK
[58064.87ms] SEND_ACK ack_num=70
[58064.90ms] SIM_LOSS seq=69 dropped artificially
[58064.90ms] RECV_UNEXPECTED seq=62 expected=70 -> duplicate ACK
[58165.13ms] SEND_ACK ack_num=70
[58165.20ms] RECV_UNEXPECTED seq=63 expected=70 -> duplicate ACK
[58265.41ms] SEND_ACK ack_num=70
[58265.44ms] RECV_UNEXPECTED seq=64 expected=70 -> duplicate ACK
[58365.65ms] SEND_ACK ack_num=70
[58365.70ms] RECV_UNEXPECTED seq=65 expected=70 -> duplicate ACK
[58465.92ms] SEND_ACK ack_num=70
[58465.97ms] RECV_UNEXPECTED seq=66 expected=70 -> duplicate ACK
[58566.21ms] SEND_ACK ack_num=70
[58566.24ms] RECV_UNEXPECTED seq=67 expected=70 -> duplicate ACK
[58666.43ms] SEND_ACK ack_num=70
[58666.46ms] RECV_UNEXPECTED seq=68 expected=70 -> duplicate ACK
[58766.64ms] SEND_ACK ack_num=70
[58766.67ms] RECV_UNEXPECTED seq=69 expected=70 -> duplicate ACK
[58866.89ms] SEND_ACK ack_num=70
[58866.92ms] RECV_UNEXPECTED seq=62 expected=70 -> duplicate ACK
[58967.13ms] SEND_ACK ack_num=70
[58967.17ms] RECV_UNEXPECTED seq=63 expected=70 -> duplicate ACK
[59067.36ms] SEND_ACK ack_num=70
[59067.39ms] SIM_LOSS seq=64 dropped artificially
[59067.40ms] RECV_UNEXPECTED seq=65 expected=70 -> duplicate ACK
[59167.59ms] SEND_ACK ack_num=70
[59167.63ms] SIM_LOSS seq=66 dropped artificially
[59167.63ms] RECV_UNEXPECTED seq=67 expected=70 -> duplicate ACK
[59267.85ms] SEND_ACK ack_num=70
[59267.90ms] RECV_UNEXPECTED seq=68 expected=70 -> duplicate ACK
[59368.09ms] SEND_ACK ack_num=70
[59368.13ms] RECV_UNEXPECTED seq=69 expected=70 -> duplicate ACK
[59468.33ms] SEND_ACK ack_num=70
[59468.37ms] RECV_UNEXPECTED seq=62 expected=70 -> duplicate ACK
[59568.57ms] SEND_ACK ack_num=70
[59568.60ms] RECV_UNEXPECTED seq=63 expected=70 -> duplicate ACK
[59668.88ms] SEND_ACK ack_num=70
[59668.92ms] RECV_UNEXPECTED seq=62 expected=70 -> duplicate ACK
[59769.13ms] SEND_ACK ack_num=70
[59769.16ms] SIM_LOSS seq=63 dropped artificially
[59769.17ms] RECV_UNEXPECTED seq=64 expected=70 -> duplicate ACK
[59869.37ms] SEND_ACK ack_num=70
[59869.40ms] RECV_UNEXPECTED seq=65 expected=70 -> duplicate ACK
[59969.57ms] SEND_ACK ack_num=70
[59969.61ms] RECV_UNEXPECTED seq=66 expected=70 -> duplicate ACK
[60069.84ms] SEND_ACK ack_num=70
[60069.87ms] SIM_LOSS seq=67 dropped artificially
[60069.88ms] RECV_UNEXPECTED seq=68 expected=70 -> duplicate ACK
[60170.09ms] SEND_ACK ack_num=70
[60170.12ms] RECV_UNEXPECTED seq=69 expected=70 -> duplicate ACK
[60270.33ms] SEND_ACK ack_num=70
[60270.36ms] RECV_UNEXPECTED seq=62 expected=70 -> duplicate ACK
[60370.56ms] SEND_ACK ack_num=70
[60370.60ms] RECV_UNEXPECTED seq=63 expected=70 -> duplicate ACK
[60470.83ms] SEND_ACK ack_num=70
[60470.86ms] RECV_UNEXPECTED seq=64 expected=70 -> duplicate ACK
[60572.07ms] SEND_ACK ack_num=70
[60572.11ms] RECV_UNEXPECTED seq=65 expected=70 -> duplicate ACK
[60672.34ms] SEND_ACK ack_num=70
[60672.39ms] RECV_UNEXPECTED seq=66 expected=70 -> duplicate ACK
[60772.68ms] SEND_ACK ack_num=70
[60772.72ms] RECV_UNEXPECTED seq=67 expected=70 -> duplicate ACK
[60872.91ms] SEND_ACK ack_num=70
[60872.98ms] RECV_UNEXPECTED seq=68 expected=70 -> duplicate ACK
[60973.25ms] SEND_ACK ack_num=70
[60973.28ms] RECV_UNEXPECTED seq=69 expected=70 -> duplicate ACK
[61073.57ms] SEND_ACK ack_num=70
[61073.61ms] RECV_UNEXPECTED seq=62 expected=70 -> duplicate ACK
[61173.78ms] SEND_ACK ack_num=70
[61173.84ms] RECV_UNEXPECTED seq=63 expected=70 -> duplicate ACK
[61274.06ms] SEND_ACK ack_num=70
[61274.10ms] RECV_UNEXPECTED seq=64 expected=70 -> duplicate ACK
[61374.28ms] SEND_ACK ack_num=70
[61374.32ms] RECV_UNEXPECTED seq=65 expected=70 -> duplicate ACK
[61474.63ms] SEND_ACK ack_num=70
[61474.66ms] RECV_UNEXPECTED seq=66 expected=70 -> duplicate ACK
[61574.86ms] SEND_ACK ack_num=70
[61574.93ms] RECV_UNEXPECTED seq=67 expected=70 -> duplicate ACK
[61675.10ms] SEND_ACK ack_num=70
[61675.13ms] RECV_UNEXPECTED seq=68 expected=70 -> duplicate ACK
[61775.32ms] SEND_ACK ack_num=70
[61775.35ms] RECV_UNEXPECTED seq=69 expected=70 -> duplicate ACK
[61875.57ms] SEND_ACK ack_num=70
[61875.60ms] SIM_LOSS seq=62 dropped artificially
[61875.60ms] SIM_LOSS seq=63 dropped artificially
[61875.61ms] RECV_UNEXPECTED seq=64 expected=70 -> duplicate ACK
[61975.84ms] SEND_ACK ack_num=70
[61975.91ms] RECV_UNEXPECTED seq=65 expected=70 -> duplicate ACK
[62076.09ms] SEND_ACK ack_num=70
[62076.11ms] RECV_UNEXPECTED seq=66 expected=70 -> duplicate ACK
[62176.33ms] SEND_ACK ack_num=70
[62176.36ms] RECV_UNEXPECTED seq=67 expected=70 -> duplicate ACK
[62276.64ms] SEND_ACK ack_num=70
[62276.73ms] RECV_UNEXPECTED seq=68 expected=70 -> duplicate ACK
[62376.95ms] SEND_ACK ack_num=70
[62376.98ms] RECV_UNEXPECTED seq=69 expected=70 -> duplicate ACK
[62477.25ms] SEND_ACK ack_num=70
[62477.28ms] RECV_UNEXPECTED seq=62 expected=70 -> duplicate ACK
[62577.58ms] SEND_ACK ack_num=70
[62577.62ms] RECV_UNEXPECTED seq=63 expected=70 -> duplicate ACK
[62677.85ms] SEND_ACK ack_num=70
[62677.88ms] SIM_LOSS seq=64 dropped artificially
[62677.89ms] RECV_UNEXPECTED seq=65 expected=70 -> duplicate ACK
[62778.10ms] SEND_ACK ack_num=70
[62778.14ms] RECV_UNEXPECTED seq=66 expected=70 -> duplicate ACK
[62878.36ms] SEND_ACK ack_num=70
[62878.40ms] RECV_UNEXPECTED seq=67 expected=70 -> duplicate ACK
[62978.60ms] SEND_ACK ack_num=70
[62978.63ms] RECV_UNEXPECTED seq=68 expected=70 -> duplicate ACK
[63078.83ms] SEND_ACK ack_num=70
[63078.87ms] RECV_UNEXPECTED seq=69 expected=70 -> duplicate ACK
[63179.14ms] SEND_ACK ack_num=70
[63179.18ms] RECV seq=70 len=512 accepted, expecting seq=71
[63279.37ms] SEND_ACK ack_num=71
[63279.39ms] RECV_UNEXPECTED seq=63 expected=71 -> duplicate ACK
[63379.63ms] SEND_ACK ack_num=71
[63379.67ms] RECV_UNEXPECTED seq=63 expected=71 -> duplicate ACK
[63479.92ms] SEND_ACK ack_num=71
[63479.95ms] RECV_UNEXPECTED seq=64 expected=71 -> duplicate ACK
[63580.15ms] SEND_ACK ack_num=71
[63580.17ms] RECV_UNEXPECTED seq=65 expected=71 -> duplicate ACK
[63680.35ms] SEND_ACK ack_num=71
[63680.38ms] SIM_LOSS seq=66 dropped artificially
[63680.38ms] RECV_UNEXPECTED seq=67 expected=71 -> duplicate ACK
[63780.57ms] SEND_ACK ack_num=71
[63780.61ms] RECV_UNEXPECTED seq=68 expected=71 -> duplicate ACK
[63880.92ms] SEND_ACK ack_num=71
[63880.94ms] RECV_UNEXPECTED seq=69 expected=71 -> duplicate ACK
[63981.16ms] SEND_ACK ack_num=71
[63981.19ms] SIM_LOSS seq=70 dropped artificially
[63981.20ms] RECV_UNEXPECTED seq=63 expected=71 -> duplicate ACK
[64081.44ms] SEND_ACK ack_num=71
[64081.49ms] RECV_UNEXPECTED seq=64 expected=71 -> duplicate ACK
[64181.79ms] SEND_ACK ack_num=71
[64181.83ms] RECV_UNEXPECTED seq=65 expected=71 -> duplicate ACK
[64282.11ms] SEND_ACK ack_num=71
[64282.15ms] RECV_UNEXPECTED seq=66 expected=71 -> duplicate ACK
[64382.36ms] SEND_ACK ack_num=71
[64382.39ms] RECV_UNEXPECTED seq=67 expected=71 -> duplicate ACK
[64482.57ms] SEND_ACK ack_num=71
[64482.60ms] SIM_LOSS seq=68 dropped artificially
[64482.60ms] RECV_UNEXPECTED seq=69 expected=71 -> duplicate ACK
[64582.90ms] SEND_ACK ack_num=71
[64582.94ms] RECV_UNEXPECTED seq=70 expected=71 -> duplicate ACK
[64683.15ms] SEND_ACK ack_num=71
[64683.19ms] RECV seq=71 len=512 accepted, expecting seq=72
[64783.38ms] SEND_ACK ack_num=72
[64783.41ms] SIM_LOSS seq=64 dropped artificially
[64783.41ms] RECV_UNEXPECTED seq=65 expected=72 -> duplicate ACK
[64883.67ms] SEND_ACK ack_num=72
[64883.70ms] SIM_LOSS seq=66 dropped artificially
[64883.70ms] RECV_UNEXPECTED seq=67 expected=72 -> duplicate ACK
[64983.92ms] SEND_ACK ack_num=72
[64983.96ms] RECV_UNEXPECTED seq=68 expected=72 -> duplicate ACK
[65107.07ms] SEND_ACK ack_num=72
[65107.11ms] RECV_UNEXPECTED seq=69 expected=72 -> duplicate ACK
[65207.26ms] SEND_ACK ack_num=72
[65207.30ms] RECV_UNEXPECTED seq=70 expected=72 -> duplicate ACK
[65307.56ms] SEND_ACK ack_num=72
[65307.61ms] RECV_UNEXPECTED seq=71 expected=72 -> duplicate ACK
[65407.79ms] SEND_ACK ack_num=72
[65407.83ms] RECV seq=72 len=512 accepted, expecting seq=73
[65508.04ms] SEND_ACK ack_num=73
[65508.07ms] RECV seq=73 len=512 accepted, expecting seq=74
[65608.31ms] SEND_ACK ack_num=74
[65608.34ms] RECV seq=74 len=512 accepted, expecting seq=75
[65708.57ms] SEND_ACK ack_num=75
[65708.63ms] RECV_UNEXPECTED seq=67 expected=75 -> duplicate ACK
[65808.94ms] SEND_ACK ack_num=75
[65808.99ms] RECV_UNEXPECTED seq=68 expected=75 -> duplicate ACK
[65909.17ms] SEND_ACK ack_num=75
[65909.21ms] RECV_UNEXPECTED seq=69 expected=75 -> duplicate ACK
[66009.46ms] SEND_ACK ack_num=75
[66009.49ms] SIM_LOSS seq=70 dropped artificially
[66009.49ms] RECV_UNEXPECTED seq=71 expected=75 -> duplicate ACK
[66109.76ms] SEND_ACK ack_num=75
[66109.80ms] RECV_UNEXPECTED seq=72 expected=75 -> duplicate ACK
[66210.02ms] SEND_ACK ack_num=75
[66210.05ms] RECV_UNEXPECTED seq=73 expected=75 -> duplicate ACK
[66310.24ms] SEND_ACK ack_num=75
[66310.27ms] RECV_UNEXPECTED seq=74 expected=75 -> duplicate ACK
[66410.49ms] SEND_ACK ack_num=75
[66410.52ms] SIM_LOSS seq=75 dropped artificially
[66410.52ms] RECV_UNEXPECTED seq=76 expected=75 -> duplicate ACK
[66510.72ms] SEND_ACK ack_num=75
[66510.76ms] RECV_UNEXPECTED seq=77 expected=75 -> duplicate ACK
[66610.97ms] SEND_ACK ack_num=75
[66611.00ms] RECV_UNEXPECTED seq=70 expected=75 -> duplicate ACK
[66711.20ms] SEND_ACK ack_num=75
[66711.23ms] RECV_UNEXPECTED seq=71 expected=75 -> duplicate ACK
[66811.47ms] SEND_ACK ack_num=75
[66811.54ms] RECV_UNEXPECTED seq=72 expected=75 -> duplicate ACK
[66911.78ms] SEND_ACK ack_num=75
[66911.81ms] SIM_LOSS seq=70 dropped artificially
[66911.81ms] SIM_LOSS seq=71 dropped artificially
[66911.82ms] RECV_UNEXPECTED seq=72 expected=75 -> duplicate ACK
[67012.03ms] SEND_ACK ack_num=75
[67012.07ms] RECV_UNEXPECTED seq=73 expected=75 -> duplicate ACK
[67112.28ms] SEND_ACK ack_num=75
[67112.32ms] RECV_UNEXPECTED seq=74 expected=75 -> duplicate ACK
[67212.56ms] SEND_ACK ack_num=75
[67212.61ms] RECV seq=75 len=512 accepted, expecting seq=76
[67312.92ms] SEND_ACK ack_num=76
[67312.96ms] RECV seq=76 len=512 accepted, expecting seq=77
[67413.18ms] SEND_ACK ack_num=77
[67413.22ms] RECV seq=77 len=512 accepted, expecting seq=78
[67513.47ms] SEND_ACK ack_num=78
[67513.51ms] RECV_UNEXPECTED seq=70 expected=78 -> duplicate ACK
[67613.73ms] SEND_ACK ack_num=78
[67613.76ms] RECV_UNEXPECTED seq=71 expected=78 -> duplicate ACK
[67713.99ms] SEND_ACK ack_num=78
[67714.02ms] RECV_UNEXPECTED seq=72 expected=78 -> duplicate ACK
[67814.19ms] SEND_ACK ack_num=78
[67814.21ms] RECV_UNEXPECTED seq=73 expected=78 -> duplicate ACK
[67914.46ms] SEND_ACK ack_num=78
[67914.49ms] RECV_UNEXPECTED seq=74 expected=78 -> duplicate ACK
[68014.69ms] SEND_ACK ack_num=78
[68014.73ms] RECV_UNEXPECTED seq=75 expected=78 -> duplicate ACK
[68114.91ms] SEND_ACK ack_num=78
[68114.93ms] RECV_UNEXPECTED seq=76 expected=78 -> duplicate ACK
[68215.18ms] SEND_ACK ack_num=78
[68215.22ms] RECV_UNEXPECTED seq=77 expected=78 -> duplicate ACK
[68315.46ms] SEND_ACK ack_num=78
[68315.49ms] RECV_UNEXPECTED seq=70 expected=78 -> duplicate ACK
[68415.71ms] SEND_ACK ack_num=78
[68415.73ms] RECV_UNEXPECTED seq=71 expected=78 -> duplicate ACK
[68515.96ms] SEND_ACK ack_num=78
[68515.99ms] RECV_UNEXPECTED seq=72 expected=78 -> duplicate ACK
[68636.47ms] SEND_ACK ack_num=78
[68636.51ms] RECV_UNEXPECTED seq=73 expected=78 -> duplicate ACK
[68736.72ms] SEND_ACK ack_num=78
[68736.76ms] RECV_UNEXPECTED seq=74 expected=78 -> duplicate ACK
[68836.98ms] SEND_ACK ack_num=78
[68837.01ms] RECV_UNEXPECTED seq=75 expected=78 -> duplicate ACK
[68937.27ms] SEND_ACK ack_num=78
[68937.30ms] SIM_LOSS seq=76 dropped artificially
[68937.31ms] RECV_UNEXPECTED seq=77 expected=78 -> duplicate ACK
[69037.73ms] SEND_ACK ack_num=78
[69037.76ms] RECV_UNEXPECTED seq=70 expected=78 -> duplicate ACK
[69138.02ms] SEND_ACK ack_num=78
[69138.06ms] RECV_UNEXPECTED seq=71 expected=78 -> duplicate ACK
[69238.23ms] SEND_ACK ack_num=78
[69238.26ms] RECV_UNEXPECTED seq=72 expected=78 -> duplicate ACK
[69338.47ms] SEND_ACK ack_num=78
[69338.50ms] RECV_UNEXPECTED seq=73 expected=78 -> duplicate ACK
[69438.70ms] SEND_ACK ack_num=78
[69438.73ms] RECV_UNEXPECTED seq=74 expected=78 -> duplicate ACK
[69538.99ms] SEND_ACK ack_num=78
[69539.03ms] RECV_UNEXPECTED seq=75 expected=78 -> duplicate ACK
[69639.21ms] SEND_ACK ack_num=78
[69639.23ms] RECV_UNEXPECTED seq=76 expected=78 -> duplicate ACK
[69739.43ms] SEND_ACK ack_num=78
[69739.46ms] RECV_UNEXPECTED seq=77 expected=78 -> duplicate ACK
[69839.66ms] SEND_ACK ack_num=78
[69839.69ms] SIM_LOSS seq=70 dropped artificially
[69839.70ms] RECV_UNEXPECTED seq=71 expected=78 -> duplicate ACK
[69939.89ms] SEND_ACK ack_num=78
[69939.91ms] RECV_UNEXPECTED seq=72 expected=78 -> duplicate ACK
[70040.10ms] SEND_ACK ack_num=78
[70040.13ms] SIM_LOSS seq=73 dropped artificially
[70040.13ms] SIM_LOSS seq=74 dropped artificially
[70040.13ms] RECV_UNEXPECTED seq=75 expected=78 -> duplicate ACK
[70140.39ms] SEND_ACK ack_num=78
[70140.42ms] RECV_UNEXPECTED seq=76 expected=78 -> duplicate ACK
[70240.63ms] SEND_ACK ack_num=78
[70240.66ms] RECV_UNEXPECTED seq=77 expected=78 -> duplicate ACK
[70340.90ms] SEND_ACK ack_num=78
[70340.93ms] RECV_UNEXPECTED seq=70 expected=78 -> duplicate ACK
[70441.10ms] SEND_ACK ack_num=78
[70441.13ms] RECV_UNEXPECTED seq=71 expected=78 -> duplicate ACK
[70541.32ms] SEND_ACK ack_num=78
[70541.35ms] RECV_UNEXPECTED seq=70 expected=78 -> duplicate ACK
[70641.54ms] SEND_ACK ack_num=78
[70641.57ms] RECV_UNEXPECTED seq=71 expected=78 -> duplicate ACK
[70741.76ms] SEND_ACK ack_num=78
[70741.79ms] RECV_UNEXPECTED seq=72 expected=78 -> duplicate ACK
[70841.97ms] SEND_ACK ack_num=78
[70842.00ms] RECV_UNEXPECTED seq=73 expected=78 -> duplicate ACK
[70942.22ms] SEND_ACK ack_num=78
[70942.25ms] RECV_UNEXPECTED seq=74 expected=78 -> duplicate ACK
[71042.42ms] SEND_ACK ack_num=78
[71042.46ms] RECV_UNEXPECTED seq=75 expected=78 -> duplicate ACK
[71142.67ms] SEND_ACK ack_num=78
[71142.70ms] RECV_UNEXPECTED seq=76 expected=78 -> duplicate ACK
[71242.94ms] SEND_ACK ack_num=78
[71242.98ms] RECV_UNEXPECTED seq=77 expected=78 -> duplicate ACK
[71343.25ms] SEND_ACK ack_num=78
[71343.29ms] RECV_UNEXPECTED seq=70 expected=78 -> duplicate ACK
[71443.48ms] SEND_ACK ack_num=78
[71443.51ms] RECV_UNEXPECTED seq=71 expected=78 -> duplicate ACK
[71543.73ms] SEND_ACK ack_num=78
[71543.76ms] RECV_UNEXPECTED seq=72 expected=78 -> duplicate ACK
[71644.02ms] SEND_ACK ack_num=78
[71644.05ms] RECV_UNEXPECTED seq=73 expected=78 -> duplicate ACK
[71744.28ms] SEND_ACK ack_num=78
[71744.31ms] RECV_UNEXPECTED seq=74 expected=78 -> duplicate ACK
[71844.51ms] SEND_ACK ack_num=78
[71844.54ms] RECV_UNEXPECTED seq=75 expected=78 -> duplicate ACK
[71944.74ms] SEND_ACK ack_num=78
[71944.78ms] RECV_UNEXPECTED seq=76 expected=78 -> duplicate ACK
[72044.99ms] SEND_ACK ack_num=78
[72045.02ms] RECV_UNEXPECTED seq=77 expected=78 -> duplicate ACK
[72145.23ms] SEND_ACK ack_num=78
[72145.27ms] RECV_UNEXPECTED seq=70 expected=78 -> duplicate ACK
[72245.58ms] SEND_ACK ack_num=78
[72245.66ms] RECV_UNEXPECTED seq=71 expected=78 -> duplicate ACK
[72345.88ms] SEND_ACK ack_num=78
[72345.92ms] RECV_UNEXPECTED seq=72 expected=78 -> duplicate ACK
[72446.16ms] SEND_ACK ack_num=78
[72446.20ms] RECV_UNEXPECTED seq=73 expected=78 -> duplicate ACK
[72546.37ms] SEND_ACK ack_num=78
[72546.40ms] RECV_UNEXPECTED seq=74 expected=78 -> duplicate ACK
[72646.62ms] SEND_ACK ack_num=78
[72646.64ms] RECV_UNEXPECTED seq=75 expected=78 -> duplicate ACK
[72746.86ms] SEND_ACK ack_num=78
[72746.89ms] RECV_UNEXPECTED seq=76 expected=78 -> duplicate ACK
[72847.11ms] SEND_ACK ack_num=78
[72847.15ms] RECV_UNEXPECTED seq=77 expected=78 -> duplicate ACK
[72947.33ms] SEND_ACK ack_num=78
[72947.36ms] RECV_UNEXPECTED seq=70 expected=78 -> duplicate ACK
[73047.56ms] SEND_ACK ack_num=78
[73047.59ms] SIM_LOSS seq=71 dropped artificially
[73047.60ms] RECV_UNEXPECTED seq=72 expected=78 -> duplicate ACK
[73147.82ms] SEND_ACK ack_num=78
[73147.85ms] RECV_UNEXPECTED seq=73 expected=78 -> duplicate ACK
[73248.07ms] SEND_ACK ack_num=78
[73248.10ms] RECV_UNEXPECTED seq=74 expected=78 -> duplicate ACK
[73348.32ms] SEND_ACK ack_num=78
[73348.36ms] RECV_UNEXPECTED seq=75 expected=78 -> duplicate ACK
[73448.55ms] SEND_ACK ack_num=78
[73448.59ms] RECV_UNEXPECTED seq=76 expected=78 -> duplicate ACK
[73548.80ms] SEND_ACK ack_num=78
[73548.88ms] RECV_UNEXPECTED seq=77 expected=78 -> duplicate ACK
[73649.13ms] SEND_ACK ack_num=78
[73649.16ms] RECV_UNEXPECTED seq=70 expected=78 -> duplicate ACK
[73749.34ms] SEND_ACK ack_num=78
[73749.37ms] RECV_UNEXPECTED seq=71 expected=78 -> duplicate ACK
[73849.58ms] SEND_ACK ack_num=78
[73849.61ms] RECV_UNEXPECTED seq=72 expected=78 -> duplicate ACK
[73949.82ms] SEND_ACK ack_num=78
[73949.85ms] RECV_UNEXPECTED seq=73 expected=78 -> duplicate ACK
[74050.05ms] SEND_ACK ack_num=78
[74050.08ms] RECV_UNEXPECTED seq=74 expected=78 -> duplicate ACK
[74150.31ms] SEND_ACK ack_num=78
[74150.34ms] RECV_UNEXPECTED seq=75 expected=78 -> duplicate ACK
[74250.54ms] SEND_ACK ack_num=78
[74250.57ms] RECV_UNEXPECTED seq=76 expected=78 -> duplicate ACK
[74350.85ms] SEND_ACK ack_num=78
[74350.89ms] RECV_UNEXPECTED seq=77 expected=78 -> duplicate ACK
[74451.13ms] SEND_ACK ack_num=78
[74451.16ms] RECV_UNEXPECTED seq=70 expected=78 -> duplicate ACK
[74551.40ms] SEND_ACK ack_num=78
[74551.44ms] RECV_UNEXPECTED seq=71 expected=78 -> duplicate ACK
[74651.63ms] SEND_ACK ack_num=78
[74651.66ms] RECV_UNEXPECTED seq=71 expected=78 -> duplicate ACK
[74751.87ms] SEND_ACK ack_num=78
[74751.93ms] RECV_UNEXPECTED seq=72 expected=78 -> duplicate ACK
[74852.16ms] SEND_ACK ack_num=78
[74852.20ms] RECV_UNEXPECTED seq=73 expected=78 -> duplicate ACK
[74952.36ms] SEND_ACK ack_num=78
[74952.39ms] SIM_LOSS seq=74 dropped artificially
[74952.39ms] RECV_UNEXPECTED seq=75 expected=78 -> duplicate ACK
[75052.59ms] SEND_ACK ack_num=78
[75052.62ms] RECV_UNEXPECTED seq=76 expected=78 -> duplicate ACK
[75152.95ms] SEND_ACK ack_num=78
[75152.98ms] RECV_UNEXPECTED seq=77 expected=78 -> duplicate ACK
[75253.14ms] SEND_ACK ack_num=78
[75253.17ms] RECV seq=78 len=512 accepted, expecting seq=79
[75353.34ms] SEND_ACK ack_num=79
[75353.37ms] SIM_LOSS seq=71 dropped artificially
[75353.38ms] RECV_UNEXPECTED seq=72 expected=79 -> duplicate ACK
[75453.56ms] SEND_ACK ack_num=79
[75453.59ms] RECV_UNEXPECTED seq=73 expected=79 -> duplicate ACK
[75553.82ms] SEND_ACK ack_num=79
[75553.88ms] RECV_UNEXPECTED seq=74 expected=79 -> duplicate ACK
[75654.13ms] SEND_ACK ack_num=79
[75654.15ms] SIM_LOSS seq=75 dropped artificially
[75654.16ms] RECV_UNEXPECTED seq=76 expected=79 -> duplicate ACK
[75754.34ms] SEND_ACK ack_num=79
[75754.37ms] RECV_UNEXPECTED seq=77 expected=79 -> duplicate ACK
[75854.58ms] SEND_ACK ack_num=79
[75854.61ms] RECV_UNEXPECTED seq=78 expected=79 -> duplicate ACK
[75954.91ms] SEND_ACK ack_num=79
[75954.94ms] RECV_UNEXPECTED seq=71 expected=79 -> duplicate ACK
[76055.16ms] SEND_ACK ack_num=79
[76055.19ms] RECV_UNEXPECTED seq=72 expected=79 -> duplicate ACK
[76155.38ms] SEND_ACK ack_num=79
[76155.42ms] RECV_UNEXPECTED seq=73 expected=79 -> duplicate ACK
[76255.63ms] SEND_ACK ack_num=79
[76255.65ms] RECV_UNEXPECTED seq=74 expected=79 -> duplicate ACK
[76355.86ms] SEND_ACK ack_num=79
[76355.90ms] RECV_UNEXPECTED seq=75 expected=79 -> duplicate ACK
[76456.09ms] SEND_ACK ack_num=79
[76456.13ms] RECV_UNEXPECTED seq=76 expected=79 -> duplicate ACK
[76556.30ms] SEND_ACK ack_num=79
[76556.32ms] SIM_LOSS seq=77 dropped artificially
[76556.33ms] RECV_UNEXPECTED seq=78 expected=79 -> duplicate ACK
[76656.54ms] SEND_ACK ack_num=79
[76656.57ms] RECV_UNEXPECTED seq=71 expected=79 -> duplicate ACK
[76756.92ms] SEND_ACK ack_num=79
[76756.96ms] RECV_UNEXPECTED seq=72 expected=79 -> duplicate ACK
[76857.21ms] SEND_ACK ack_num=79
[76857.23ms] RECV_UNEXPECTED seq=73 expected=79 -> duplicate ACK
[76957.43ms] SEND_ACK ack_num=79
[76957.47ms] RECV_UNEXPECTED seq=74 expected=79 -> duplicate ACK
[77057.77ms] SEND_ACK ack_num=79
[77057.81ms] RECV_UNEXPECTED seq=75 expected=79 -> duplicate ACK
[77158.02ms] SEND_ACK ack_num=79
[77158.05ms] RECV_UNEXPECTED seq=76 expected=79 -> duplicate ACK
[77258.25ms] SEND_ACK ack_num=79
[77258.29ms] RECV_UNEXPECTED seq=77 expected=79 -> duplicate ACK
[77358.52ms] SEND_ACK ack_num=79
[77358.55ms] RECV_UNEXPECTED seq=78 expected=79 -> duplicate ACK
[77459.05ms] SEND_ACK ack_num=79
[77459.08ms] RECV_UNEXPECTED seq=71 expected=79 -> duplicate ACK
[77559.32ms] SEND_ACK ack_num=79
[77559.35ms] RECV_UNEXPECTED seq=72 expected=79 -> duplicate ACK
[77659.59ms] SEND_ACK ack_num=79
[77659.63ms] SIM_LOSS seq=73 dropped artificially
[77659.63ms] RECV_UNEXPECTED seq=74 expected=79 -> duplicate ACK
[77759.83ms] SEND_ACK ack_num=79
[77759.86ms] SIM_LOSS seq=75 dropped artificially
[77759.87ms] RECV_UNEXPECTED seq=76 expected=79 -> duplicate ACK
[77860.07ms] SEND_ACK ack_num=79
[77860.11ms] RECV_UNEXPECTED seq=77 expected=79 -> duplicate ACK
[77960.43ms] SEND_ACK ack_num=79
[77960.46ms] RECV_UNEXPECTED seq=78 expected=79 -> duplicate ACK
[78060.66ms] SEND_ACK ack_num=79
[78060.73ms] RECV seq=79 len=512 accepted, expecting seq=80
[78160.99ms] SEND_ACK ack_num=80
[78161.03ms] SIM_LOSS seq=72 dropped artificially
[78161.03ms] RECV_UNEXPECTED seq=75 expected=80 -> duplicate ACK
[78261.31ms] SEND_ACK ack_num=80
[78261.35ms] RECV_UNEXPECTED seq=76 expected=80 -> duplicate ACK
[78361.55ms] SEND_ACK ack_num=80
[78361.59ms] RECV_UNEXPECTED seq=77 expected=80 -> duplicate ACK
[78461.78ms] SEND_ACK ack_num=80
[78461.80ms] RECV_UNEXPECTED seq=78 expected=80 -> duplicate ACK
[78562.06ms] SEND_ACK ack_num=80
[78562.10ms] SIM_LOSS seq=79 dropped artificially
[78562.11ms] RECV seq=80 len=512 accepted, expecting seq=81
[78662.31ms] SEND_ACK ack_num=81
[78662.35ms] RECV seq=81 len=512 accepted, expecting seq=82
[78762.57ms] SEND_ACK ack_num=82
[78762.65ms] SIM_LOSS seq=82 dropped artificially
[78762.66ms] RECV_UNEXPECTED seq=83 expected=82 -> duplicate ACK
[78862.87ms] SEND_ACK ack_num=82
[78862.90ms] SIM_LOSS seq=84 dropped artificially
[78862.91ms] RECV_UNEXPECTED seq=85 expected=82 -> duplicate ACK
[78963.15ms] SEND_ACK ack_num=82
[78963.19ms] RECV_UNEXPECTED seq=78 expected=82 -> duplicate ACK
[79063.40ms] SEND_ACK ack_num=82
[79063.42ms] RECV_UNEXPECTED seq=79 expected=82 -> duplicate ACK
[79163.62ms] SEND_ACK ack_num=82
[79163.66ms] RECV_UNEXPECTED seq=80 expected=82 -> duplicate ACK
[79263.84ms] SEND_ACK ack_num=82
[79263.87ms] RECV_UNEXPECTED seq=81 expected=82 -> duplicate ACK
[79364.07ms] SEND_ACK ack_num=82
[79364.09ms] RECV seq=82 len=512 accepted, expecting seq=83
[79464.31ms] SEND_ACK ack_num=83
[79464.34ms] RECV seq=83 len=512 accepted, expecting seq=84
[79564.61ms] SEND_ACK ack_num=84
[79564.64ms] SIM_LOSS seq=84 dropped artificially
[79564.64ms] SIM_LOSS seq=85 dropped artificially
[79564.65ms] RECV_UNEXPECTED seq=78 expected=84 -> duplicate ACK
[79664.97ms] SEND_ACK ack_num=84
[79665.02ms] SIM_LOSS seq=79 dropped artificially
[79665.02ms] RECV_UNEXPECTED seq=80 expected=84 -> duplicate ACK
[79765.32ms] SEND_ACK ack_num=84
[79765.35ms] RECV_UNEXPECTED seq=81 expected=84 -> duplicate ACK
[79865.58ms] SEND_ACK ack_num=84
[79865.60ms] RECV_UNEXPECTED seq=82 expected=84 -> duplicate ACK
[79965.82ms] SEND_ACK ack_num=84
[79965.86ms] RECV_UNEXPECTED seq=83 expected=84 -> duplicate ACK
[80066.11ms] SEND_ACK ack_num=84
[80066.15ms] RECV seq=84 len=512 accepted, expecting seq=85
[80166.33ms] SEND_ACK ack_num=85
[80166.35ms] RECV seq=85 len=512 accepted, expecting seq=86
[80266.55ms] SEND_ACK ack_num=86
[80266.58ms] RECV_UNEXPECTED seq=78 expected=86 -> duplicate ACK
[80366.82ms] SEND_ACK ack_num=86
[80366.85ms] RECV_UNEXPECTED seq=79 expected=86 -> duplicate ACK
[80467.05ms] SEND_ACK ack_num=86
[80467.08ms] RECV_UNEXPECTED seq=80 expected=86 -> duplicate ACK
[80567.32ms] SEND_ACK ack_num=86
[80567.34ms] RECV_UNEXPECTED seq=81 expected=86 -> duplicate ACK
[80667.64ms] SEND_ACK ack_num=86
[80667.68ms] RECV_UNEXPECTED seq=82 expected=86 -> duplicate ACK
[80767.88ms] SEND_ACK ack_num=86
[80767.93ms] SIM_LOSS seq=83 dropped artificially
[80767.93ms] RECV_UNEXPECTED seq=84 expected=86 -> duplicate ACK
[80868.15ms] SEND_ACK ack_num=86
[80868.17ms] RECV_UNEXPECTED seq=85 expected=86 -> duplicate ACK
[80968.35ms] SEND_ACK ack_num=86
[80968.39ms] RECV_UNEXPECTED seq=78 expected=86 -> duplicate ACK
[81068.71ms] SEND_ACK ack_num=86
[81068.76ms] RECV_UNEXPECTED seq=79 expected=86 -> duplicate ACK
[81168.92ms] SEND_ACK ack_num=86
[81168.94ms] RECV_UNEXPECTED seq=80 expected=86 -> duplicate ACK
[81269.14ms] SEND_ACK ack_num=86
[81269.19ms] SIM_LOSS seq=81 dropped artificially
[81269.20ms] RECV_UNEXPECTED seq=82 expected=86 -> duplicate ACK
[81369.50ms] SEND_ACK ack_num=86
[81369.53ms] RECV_UNEXPECTED seq=83 expected=86 -> duplicate ACK
[81469.70ms] SEND_ACK ack_num=86
[81469.72ms] RECV_UNEXPECTED seq=84 expected=86 -> duplicate ACK
[81569.96ms] SEND_ACK ack_num=86
[81570.00ms] RECV_UNEXPECTED seq=78 expected=86 -> duplicate ACK
[81684.95ms] SEND_ACK ack_num=86
[81684.99ms] RECV_UNEXPECTED seq=79 expected=86 -> duplicate ACK
[81785.24ms] SEND_ACK ack_num=86
[81785.29ms] RECV_UNEXPECTED seq=80 expected=86 -> duplicate ACK
[81885.53ms] SEND_ACK ack_num=86
[81885.56ms] RECV_UNEXPECTED seq=81 expected=86 -> duplicate ACK
[81985.77ms] SEND_ACK ack_num=86
[81985.80ms] RECV_UNEXPECTED seq=82 expected=86 -> duplicate ACK
[82085.98ms] SEND_ACK ack_num=86
[82086.00ms] RECV_UNEXPECTED seq=83 expected=86 -> duplicate ACK
[82186.26ms] SEND_ACK ack_num=86
[82186.29ms] RECV_UNEXPECTED seq=84 expected=86 -> duplicate ACK
[82286.58ms] SEND_ACK ack_num=86
[82286.60ms] SIM_LOSS seq=85 dropped artificially
[82286.61ms] RECV_UNEXPECTED seq=78 expected=86 -> duplicate ACK
[82386.85ms] SEND_ACK ack_num=86
[82386.88ms] RECV_UNEXPECTED seq=79 expected=86 -> duplicate ACK
[82487.13ms] SEND_ACK ack_num=86
[82487.17ms] RECV_UNEXPECTED seq=80 expected=86 -> duplicate ACK
[82587.51ms] SEND_ACK ack_num=86
[82587.56ms] SIM_LOSS seq=81 dropped artificially
[82587.56ms] SIM_LOSS seq=82 dropped artificially
[82587.57ms] SIM_LOSS seq=83 dropped artificially
[82587.57ms] RECV_UNEXPECTED seq=84 expected=86 -> duplicate ACK
[82687.79ms] SEND_ACK ack_num=86
[82687.82ms] RECV_UNEXPECTED seq=85 expected=86 -> duplicate ACK
[82788.08ms] SEND_ACK ack_num=86
[82788.12ms] RECV_UNEXPECTED seq=78 expected=86 -> duplicate ACK
[82888.32ms] SEND_ACK ack_num=86
[82888.35ms] RECV_UNEXPECTED seq=79 expected=86 -> duplicate ACK
[82988.53ms] SEND_ACK ack_num=86
[82988.57ms] SIM_LOSS seq=80 dropped artificially
[82988.58ms] RECV_UNEXPECTED seq=81 expected=86 -> duplicate ACK
[83088.74ms] SEND_ACK ack_num=86
[83088.77ms] SIM_LOSS seq=82 dropped artificially
[83088.77ms] RECV_UNEXPECTED seq=83 expected=86 -> duplicate ACK
[83241.34ms] SEND_ACK ack_num=86
[83241.38ms] RECV_UNEXPECTED seq=84 expected=86 -> duplicate ACK
[83341.58ms] SEND_ACK ack_num=86
[83341.64ms] RECV_UNEXPECTED seq=85 expected=86 -> duplicate ACK
[83441.86ms] SEND_ACK ack_num=86
[83441.89ms] SIM_LOSS seq=78 dropped artificially
[83441.90ms] RECV_UNEXPECTED seq=79 expected=86 -> duplicate ACK
[83542.15ms] SEND_ACK ack_num=86
[83542.18ms] SIM_LOSS seq=80 dropped artificially
[83542.18ms] RECV_UNEXPECTED seq=81 expected=86 -> duplicate ACK
[83642.37ms] SEND_ACK ack_num=86
[83642.40ms] RECV_UNEXPECTED seq=82 expected=86 -> duplicate ACK
[83742.61ms] SEND_ACK ack_num=86
[83742.65ms] RECV_UNEXPECTED seq=83 expected=86 -> duplicate ACK
[83842.84ms] SEND_ACK ack_num=86
[83842.88ms] RECV_UNEXPECTED seq=84 expected=86 -> duplicate ACK
[83943.09ms] SEND_ACK ack_num=86
[83943.12ms] SIM_LOSS seq=85 dropped artificially
[83943.12ms] RECV_UNEXPECTED seq=78 expected=86 -> duplicate ACK
[84043.34ms] SEND_ACK ack_num=86
[84043.37ms] RECV_UNEXPECTED seq=79 expected=86 -> duplicate ACK
[84143.62ms] SEND_ACK ack_num=86
[84143.65ms] SIM_LOSS seq=80 dropped artificially
[84143.66ms] RECV_UNEXPECTED seq=81 expected=86 -> duplicate ACK
[84243.87ms] SEND_ACK ack_num=86
[84243.91ms] RECV_UNEXPECTED seq=82 expected=86 -> duplicate ACK
[84344.09ms] SEND_ACK ack_num=86
[84344.12ms] RECV_UNEXPECTED seq=83 expected=86 -> duplicate ACK
[84444.37ms] SEND_ACK ack_num=86
[84444.45ms] SIM_LOSS seq=84 dropped artificially
[84444.45ms] RECV_UNEXPECTED seq=85 expected=86 -> duplicate ACK
[84544.74ms] SEND_ACK ack_num=86
[84544.77ms] SIM_LOSS seq=78 dropped artificially
[84544.77ms] SIM_LOSS seq=79 dropped artificially
[84544.78ms] RECV_UNEXPECTED seq=78 expected=86 -> duplicate ACK
[84644.98ms] SEND_ACK ack_num=86
[84645.01ms] RECV_UNEXPECTED seq=79 expected=86 -> duplicate ACK
[84745.27ms] SEND_ACK ack_num=86
[84745.30ms] SIM_LOSS seq=80 dropped artificially
[84745.30ms] RECV_UNEXPECTED seq=81 expected=86 -> duplicate ACK
[84845.49ms] SEND_ACK ack_num=86
[84845.53ms] RECV_UNEXPECTED seq=82 expected=86 -> duplicate ACK
[84945.72ms] SEND_ACK ack_num=86
[84945.75ms] RECV_UNEXPECTED seq=83 expected=86 -> duplicate ACK
[85045.94ms] SEND_ACK ack_num=86
[85045.97ms] RECV_UNEXPECTED seq=84 expected=86 -> duplicate ACK
[85146.25ms] SEND_ACK ack_num=86
[85146.29ms] RECV_UNEXPECTED seq=85 expected=86 -> duplicate ACK
[85246.49ms] SEND_ACK ack_num=86
[85246.52ms] RECV_UNEXPECTED seq=78 expected=86 -> duplicate ACK
[85346.79ms] SEND_ACK ack_num=86
[85346.82ms] RECV_UNEXPECTED seq=79 expected=86 -> duplicate ACK
[85447.03ms] SEND_ACK ack_num=86
[85447.07ms] RECV_UNEXPECTED seq=80 expected=86 -> duplicate ACK
[85547.40ms] SEND_ACK ack_num=86
[85547.44ms] RECV_UNEXPECTED seq=81 expected=86 -> duplicate ACK
[85647.64ms] SEND_ACK ack_num=86
[85647.68ms] RECV_UNEXPECTED seq=82 expected=86 -> duplicate ACK
[85747.89ms] SEND_ACK ack_num=86
[85747.92ms] RECV_UNEXPECTED seq=83 expected=86 -> duplicate ACK
[85848.16ms] SEND_ACK ack_num=86
[85848.19ms] RECV_UNEXPECTED seq=84 expected=86 -> duplicate ACK
[85948.39ms] SEND_ACK ack_num=86
[85948.42ms] RECV_UNEXPECTED seq=85 expected=86 -> duplicate ACK
[86048.62ms] SEND_ACK ack_num=86
[86048.66ms] RECV seq=86 len=512 accepted, expecting seq=87
[86148.89ms] SEND_ACK ack_num=87
[86148.92ms] RECV_UNEXPECTED seq=79 expected=87 -> duplicate ACK
[86249.20ms] SEND_ACK ack_num=87
[86249.23ms] SIM_LOSS seq=80 dropped artificially
[86249.24ms] SIM_LOSS seq=81 dropped artificially
[86249.24ms] RECV_UNEXPECTED seq=82 expected=87 -> duplicate ACK
[86349.47ms] SEND_ACK ack_num=87
[86349.50ms] RECV_UNEXPECTED seq=83 expected=87 -> duplicate ACK
[86449.75ms] SEND_ACK ack_num=87
[86449.77ms] RECV_UNEXPECTED seq=84 expected=87 -> duplicate ACK
[86550.07ms] SEND_ACK ack_num=87
[86550.11ms] RECV_UNEXPECTED seq=85 expected=87 -> duplicate ACK
[86650.30ms] SEND_ACK ack_num=87
[86650.33ms] RECV_UNEXPECTED seq=86 expected=87 -> duplicate ACK
[86750.52ms] SEND_ACK ack_num=87
[86750.54ms] RECV_UNEXPECTED seq=79 expected=87 -> duplicate ACK
[86850.74ms] SEND_ACK ack_num=87
[86850.78ms] RECV_UNEXPECTED seq=80 expected=87 -> duplicate ACK
[86951.04ms] SEND_ACK ack_num=87
[86951.07ms] RECV_UNEXPECTED seq=81 expected=87 -> duplicate ACK
[87051.25ms] SEND_ACK ack_num=87
[87051.28ms] RECV_UNEXPECTED seq=82 expected=87 -> duplicate ACK
[87151.51ms] SEND_ACK ack_num=87
[87151.54ms] SIM_LOSS seq=83 dropped artificially
[87151.54ms] RECV_UNEXPECTED seq=84 expected=87 -> duplicate ACK
[87251.77ms] SEND_ACK ack_num=87
[87251.80ms] RECV_UNEXPECTED seq=85 expected=87 -> duplicate ACK
[87352.03ms] SEND_ACK ack_num=87
[87352.06ms] RECV_UNEXPECTED seq=86 expected=87 -> duplicate ACK
[87452.28ms] SEND_ACK ack_num=87
[87452.31ms] RECV_UNEXPECTED seq=79 expected=87 -> duplicate ACK
[87552.52ms] SEND_ACK ack_num=87
[87552.55ms] RECV_UNEXPECTED seq=80 expected=87 -> duplicate ACK
[87652.75ms] SEND_ACK ack_num=87
[87652.78ms] RECV_UNEXPECTED seq=81 expected=87 -> duplicate ACK
[87753.03ms] SEND_ACK ack_num=87
[87753.06ms] RECV_UNEXPECTED seq=82 expected=87 -> duplicate ACK
[87853.30ms] SEND_ACK ack_num=87
[87853.34ms] RECV_UNEXPECTED seq=83 expected=87 -> duplicate ACK
[87953.53ms] SEND_ACK ack_num=87
[87953.56ms] RECV_UNEXPECTED seq=84 expected=87 -> duplicate ACK
[88053.77ms] SEND_ACK ack_num=87
[88053.80ms] RECV_UNEXPECTED seq=85 expected=87 -> duplicate ACK
[88154.04ms] SEND_ACK ack_num=87
[88154.07ms] SIM_LOSS seq=86 dropped artificially
[88154.08ms] SIM_LOSS seq=79 dropped artificially
[88154.08ms] RECV_UNEXPECTED seq=80 expected=87 -> duplicate ACK
[88254.31ms] SEND_ACK ack_num=87
[88254.34ms] RECV_UNEXPECTED seq=81 expected=87 -> duplicate ACK
[88354.59ms] SEND_ACK ack_num=87
[88354.62ms] RECV_UNEXPECTED seq=82 expected=87 -> duplicate ACK
[88454.83ms] SEND_ACK ack_num=87
[88454.88ms] RECV_UNEXPECTED seq=83 expected=87 -> duplicate ACK
[88555.12ms] SEND_ACK ack_num=87
[88555.14ms] RECV_UNEXPECTED seq=84 expected=87 -> duplicate ACK
[88655.37ms] SEND_ACK ack_num=87
[88655.41ms] RECV_UNEXPECTED seq=85 expected=87 -> duplicate ACK
[88755.58ms] SEND_ACK ack_num=87
[88755.61ms] SIM_LOSS seq=86 dropped artificially
[88755.62ms] RECV seq=87 len=512 accepted, expecting seq=88
[88855.81ms] SEND_ACK ack_num=88
[88855.86ms] RECV seq=88 len=512 accepted, expecting seq=89
[88956.06ms] SEND_ACK ack_num=89
[88956.10ms] RECV seq=89 len=512 accepted, expecting seq=90
[89056.33ms] SEND_ACK ack_num=90
[89056.36ms] RECV_UNEXPECTED seq=82 expected=90 -> duplicate ACK
[89156.59ms] SEND_ACK ack_num=90
[89156.62ms] SIM_LOSS seq=83 dropped artificially
[89156.63ms] RECV_UNEXPECTED seq=84 expected=90 -> duplicate ACK
[89256.92ms] SEND_ACK ack_num=90
[89256.95ms] RECV_UNEXPECTED seq=85 expected=90 -> duplicate ACK
[89357.14ms] SEND_ACK ack_num=90
[89357.17ms] RECV_UNEXPECTED seq=86 expected=90 -> duplicate ACK
[89457.46ms] SEND_ACK ack_num=90
[89457.49ms] RECV_UNEXPECTED seq=87 expected=90 -> duplicate ACK
[89557.86ms] SEND_ACK ack_num=90
[89557.89ms] RECV_UNEXPECTED seq=88 expected=90 -> duplicate ACK
[89658.11ms] SEND_ACK ack_num=90
[89658.13ms] RECV_UNEXPECTED seq=89 expected=90 -> duplicate ACK
[89758.31ms] SEND_ACK ack_num=90
[89758.35ms] RECV_UNEXPECTED seq=82 expected=90 -> duplicate ACK
[89858.62ms] SEND_ACK ack_num=90
[89858.66ms] SIM_LOSS seq=83 dropped artificially
[89858.67ms] RECV_UNEXPECTED seq=84 expected=90 -> duplicate ACK
[89958.89ms] SEND_ACK ack_num=90
[89958.91ms] RECV_UNEXPECTED seq=85 expected=90 -> duplicate ACK
[90059.14ms] SEND_ACK ack_num=90
[90059.18ms] SIM_LOSS seq=86 dropped artificially
[90059.18ms] RECV_UNEXPECTED seq=87 expected=90 -> duplicate ACK
[90159.40ms] SEND_ACK ack_num=90
[90159.43ms] RECV_UNEXPECTED seq=88 expected=90 -> duplicate ACK
[90259.63ms] SEND_ACK ack_num=90
[90259.65ms] RECV_UNEXPECTED seq=89 expected=90 -> duplicate ACK
[90359.82ms] SEND_ACK ack_num=90
[90359.86ms] RECV seq=90 len=512 accepted, expecting seq=91
[90460.03ms] SEND_ACK ack_num=91
[90460.06ms] RECV seq=91 len=512 accepted, expecting seq=92
[90560.41ms] SEND_ACK ack_num=92
[90560.44ms] SIM_LOSS seq=84 dropped artificially
[90560.45ms] RECV_UNEXPECTED seq=85 expected=92 -> duplicate ACK
[90660.73ms] SEND_ACK ack_num=92
[90660.78ms] RECV_UNEXPECTED seq=86 expected=92 -> duplicate ACK
[90761.03ms] SEND_ACK ack_num=92
[90761.06ms] RECV_UNEXPECTED seq=87 expected=92 -> duplicate ACK
[90861.25ms] SEND_ACK ack_num=92
[90861.27ms] RECV_UNEXPECTED seq=88 expected=92 -> duplicate ACK
[90961.56ms] SEND_ACK ack_num=92
[90961.60ms] RECV_UNEXPECTED seq=89 expected=92 -> duplicate ACK
[91061.80ms] SEND_ACK ack_num=92
[91061.83ms] RECV_UNEXPECTED seq=90 expected=92 -> duplicate ACK
[91162.05ms] SEND_ACK ack_num=92
[91162.07ms] SIM_LOSS seq=91 dropped artificially
[91162.08ms] SIM_LOSS seq=84 dropped artificially
[91162.08ms] RECV_UNEXPECTED seq=85 expected=92 -> duplicate ACK
[91262.29ms] SEND_ACK ack_num=92
[91262.33ms] RECV_UNEXPECTED seq=86 expected=92 -> duplicate ACK
[91362.54ms] SEND_ACK ack_num=92
[91362.57ms] SIM_LOSS seq=87 dropped artificially
[91362.58ms] SIM_LOSS seq=88 dropped artificially
[91362.58ms] SIM_LOSS seq=89 dropped artificially
[91362.58ms] RECV_UNEXPECTED seq=86 expected=92 -> duplicate ACK
[91462.76ms] SEND_ACK ack_num=92
[91462.79ms] RECV_UNEXPECTED seq=87 expected=92 -> duplicate ACK
[91563.07ms] SEND_ACK ack_num=92
[91563.10ms] RECV_UNEXPECTED seq=88 expected=92 -> duplicate ACK
[91663.38ms] SEND_ACK ack_num=92
[91663.45ms] RECV_UNEXPECTED seq=89 expected=92 -> duplicate ACK
[91763.75ms] SEND_ACK ack_num=92
[91763.77ms] SIM_LOSS seq=90 dropped artificially
[91763.78ms] RECV_UNEXPECTED seq=91 expected=92 -> duplicate ACK
[91864.07ms] SEND_ACK ack_num=92
[91864.15ms] RECV seq=92 len=512 accepted, expecting seq=93
[91964.32ms] SEND_ACK ack_num=93
[91964.35ms] RECV seq=93 len=512 accepted, expecting seq=94
[92064.65ms] SEND_ACK ack_num=94
[92064.68ms] RECV_UNEXPECTED seq=86 expected=94 -> duplicate ACK
[92164.96ms] SEND_ACK ack_num=94
[92164.99ms] RECV_UNEXPECTED seq=87 expected=94 -> duplicate ACK
[92265.35ms] SEND_ACK ack_num=94
[92265.38ms] RECV_UNEXPECTED seq=88 expected=94 -> duplicate ACK
[92365.67ms] SEND_ACK ack_num=94
[92365.70ms] SIM_LOSS seq=89 dropped artificially
[92365.70ms] SIM_LOSS seq=90 dropped artificially
[92365.70ms] RECV_UNEXPECTED seq=91 expected=94 -> duplicate ACK
[92465.92ms] SEND_ACK ack_num=94
[92465.96ms] RECV_UNEXPECTED seq=92 expected=94 -> duplicate ACK
[92566.15ms] SEND_ACK ack_num=94
[92566.18ms] RECV_UNEXPECTED seq=93 expected=94 -> duplicate ACK
[92666.37ms] SEND_ACK ack_num=94
[92666.40ms] SIM_LOSS seq=86 dropped artificially
[92666.41ms] RECV_UNEXPECTED seq=87 expected=94 -> duplicate ACK
[92766.67ms] SEND_ACK ack_num=94
[92766.70ms] SIM_LOSS seq=88 dropped artificially
[92766.70ms] RECV_UNEXPECTED seq=89 expected=94 -> duplicate ACK
[92868.80ms] SEND_ACK ack_num=94
[92868.89ms] RECV_UNEXPECTED seq=90 expected=94 -> duplicate ACK
[92969.09ms] SEND_ACK ack_num=94
[92969.12ms] RECV_UNEXPECTED seq=91 expected=94 -> duplicate ACK
[93069.34ms] SEND_ACK ack_num=94
[93069.37ms] RECV_UNEXPECTED seq=92 expected=94 -> duplicate ACK
[93169.64ms] SEND_ACK ack_num=94
[93169.69ms] RECV_UNEXPECTED seq=93 expected=94 -> duplicate ACK
[93269.96ms] SEND_ACK ack_num=94
[93270.00ms] RECV_UNEXPECTED seq=86 expected=94 -> duplicate ACK
[93370.24ms] SEND_ACK ack_num=94
[93370.28ms] RECV_UNEXPECTED seq=87 expected=94 -> duplicate ACK
[93470.59ms] SEND_ACK ack_num=94
[93470.62ms] RECV_UNEXPECTED seq=88 expected=94 -> duplicate ACK
[93570.88ms] SEND_ACK ack_num=94
[93570.91ms] SIM_LOSS seq=89 dropped artificially
[93570.92ms] RECV_UNEXPECTED seq=90 expected=94 -> duplicate ACK
[93671.16ms] SEND_ACK ack_num=94
[93671.19ms] RECV_UNEXPECTED seq=91 expected=94 -> duplicate ACK
[93771.52ms] SEND_ACK ack_num=94
[93771.55ms] SIM_LOSS seq=92 dropped artificially
[93771.55ms] RECV_UNEXPECTED seq=93 expected=94 -> duplicate ACK
[93871.75ms] SEND_ACK ack_num=94
[93871.79ms] RECV_UNEXPECTED seq=86 expected=94 -> duplicate ACK
[93972.00ms] SEND_ACK ack_num=94
[93972.04ms] RECV_UNEXPECTED seq=87 expected=94 -> duplicate ACK
[94072.25ms] SEND_ACK ack_num=94
[94072.29ms] RECV_UNEXPECTED seq=88 expected=94 -> duplicate ACK
[94172.50ms] SEND_ACK ack_num=94
[94172.53ms] RECV_UNEXPECTED seq=89 expected=94 -> duplicate ACK
[94272.72ms] SEND_ACK ack_num=94
[94272.75ms] RECV_UNEXPECTED seq=90 expected=94 -> duplicate ACK
[94372.93ms] SEND_ACK ack_num=94
[94372.96ms] RECV_UNEXPECTED seq=91 expected=94 -> duplicate ACK
[94473.21ms] SEND_ACK ack_num=94
[94473.24ms] RECV_UNEXPECTED seq=92 expected=94 -> duplicate ACK
[94573.51ms] SEND_ACK ack_num=94
[94573.54ms] RECV_UNEXPECTED seq=93 expected=94 -> duplicate ACK
[94673.79ms] SEND_ACK ack_num=94
[94673.83ms] RECV_UNEXPECTED seq=86 expected=94 -> duplicate ACK
[94774.08ms] SEND_ACK ack_num=94
[94774.11ms] RECV_UNEXPECTED seq=87 expected=94 -> duplicate ACK
[94874.27ms] SEND_ACK ack_num=94
[94874.31ms] RECV_UNEXPECTED seq=86 expected=94 -> duplicate ACK
[94974.50ms] SEND_ACK ack_num=94
[94974.53ms] RECV_UNEXPECTED seq=87 expected=94 -> duplicate ACK
[95074.72ms] SEND_ACK ack_num=94
[95074.75ms] RECV_UNEXPECTED seq=88 expected=94 -> duplicate ACK
[95174.93ms] SEND_ACK ack_num=94
[95174.96ms] RECV_UNEXPECTED seq=89 expected=94 -> duplicate ACK
[95275.22ms] SEND_ACK ack_num=94
[95275.26ms] RECV_UNEXPECTED seq=90 expected=94 -> duplicate ACK
[95375.50ms] SEND_ACK ack_num=94
[95375.53ms] RECV_UNEXPECTED seq=91 expected=94 -> duplicate ACK
[95475.71ms] SEND_ACK ack_num=94
[95475.74ms] RECV_UNEXPECTED seq=92 expected=94 -> duplicate ACK
[95575.97ms] SEND_ACK ack_num=94
[95576.02ms] RECV_UNEXPECTED seq=93 expected=94 -> duplicate ACK
[95676.20ms] SEND_ACK ack_num=94
[95676.23ms] RECV_UNEXPECTED seq=86 expected=94 -> duplicate ACK
[95776.45ms] SEND_ACK ack_num=94
[95776.50ms] SIM_LOSS seq=87 dropped artificially
[95776.50ms] RECV_UNEXPECTED seq=88 expected=94 -> duplicate ACK
[95876.73ms] SEND_ACK ack_num=94
[95876.77ms] RECV_UNEXPECTED seq=89 expected=94 -> duplicate ACK
[95977.02ms] SEND_ACK ack_num=94
[95977.05ms] RECV_UNEXPECTED seq=90 expected=94 -> duplicate ACK
[96077.30ms] SEND_ACK ack_num=94
[96077.33ms] RECV_UNEXPECTED seq=91 expected=94 -> duplicate ACK
[96177.58ms] SEND_ACK ack_num=94
[96177.61ms] RECV_UNEXPECTED seq=92 expected=94 -> duplicate ACK
[96277.82ms] SEND_ACK ack_num=94
[96277.85ms] RECV_UNEXPECTED seq=93 expected=94 -> duplicate ACK
[96378.07ms] SEND_ACK ack_num=94
[96378.09ms] RECV_UNEXPECTED seq=86 expected=94 -> duplicate ACK
[96478.32ms] SEND_ACK ack_num=94
[96478.35ms] RECV_UNEXPECTED seq=87 expected=94 -> duplicate ACK
[96578.52ms] SEND_ACK ack_num=94
[96578.55ms] RECV_UNEXPECTED seq=88 expected=94 -> duplicate ACK
[96678.81ms] SEND_ACK ack_num=94
[96678.87ms] RECV_UNEXPECTED seq=89 expected=94 -> duplicate ACK
[96779.11ms] SEND_ACK ack_num=94
[96779.14ms] RECV_UNEXPECTED seq=90 expected=94 -> duplicate ACK
[96879.37ms] SEND_ACK ack_num=94
[96879.41ms] SIM_LOSS seq=91 dropped artificially
[96879.42ms] RECV_UNEXPECTED seq=92 expected=94 -> duplicate ACK
[96979.62ms] SEND_ACK ack_num=94
[96979.65ms] RECV_UNEXPECTED seq=93 expected=94 -> duplicate ACK
[97079.85ms] SEND_ACK ack_num=94
[97079.89ms] RECV_UNEXPECTED seq=86 expected=94 -> duplicate ACK
[97180.07ms] SEND_ACK ack_num=94
[97180.11ms] RECV_UNEXPECTED seq=87 expected=94 -> duplicate ACK
[97280.38ms] SEND_ACK ack_num=94
[97280.42ms] SIM_LOSS seq=88 dropped artificially
[97280.43ms] RECV_UNEXPECTED seq=89 expected=94 -> duplicate ACK
[97380.68ms] SEND_ACK ack_num=94
[97380.72ms] RECV_UNEXPECTED seq=90 expected=94 -> duplicate ACK
[97481.02ms] SEND_ACK ack_num=94
[97481.05ms] SIM_LOSS seq=91 dropped artificially
[97481.06ms] RECV_UNEXPECTED seq=92 expected=94 -> duplicate ACK
[97581.43ms] SEND_ACK ack_num=94
[97581.47ms] SIM_LOSS seq=93 dropped artificially
[97581.47ms] SIM_LOSS seq=86 dropped artificially
[97581.47ms] RECV_UNEXPECTED seq=87 expected=94 -> duplicate ACK
[97681.69ms] SEND_ACK ack_num=94
[97681.72ms] RECV_UNEXPECTED seq=88 expected=94 -> duplicate ACK
[97781.99ms] SEND_ACK ack_num=94
[97782.02ms] RECV_UNEXPECTED seq=89 expected=94 -> duplicate ACK
[97882.27ms] SEND_ACK ack_num=94
[97882.31ms] RECV_UNEXPECTED seq=90 expected=94 -> duplicate ACK
[97982.53ms] SEND_ACK ack_num=94
[97982.57ms] RECV_UNEXPECTED seq=91 expected=94 -> duplicate ACK
[98082.78ms] SEND_ACK ack_num=94
[98082.84ms] RECV_UNEXPECTED seq=92 expected=94 -> duplicate ACK
[98183.08ms] SEND_ACK ack_num=94
[98183.15ms] RECV_UNEXPECTED seq=93 expected=94 -> duplicate ACK
[98283.35ms] SEND_ACK ack_num=94
[98283.39ms] RECV seq=94 len=512 accepted, expecting seq=95
[98383.57ms] SEND_ACK ack_num=95
[98383.60ms] RECV_UNEXPECTED seq=87 expected=95 -> duplicate ACK
[98511.70ms] SEND_ACK ack_num=95
[98511.74ms] RECV_UNEXPECTED seq=87 expected=95 -> duplicate ACK
[98612.01ms] SEND_ACK ack_num=95
[98612.04ms] RECV_UNEXPECTED seq=88 expected=95 -> duplicate ACK
[98712.26ms] SEND_ACK ack_num=95
[98712.29ms] RECV_UNEXPECTED seq=89 expected=95 -> duplicate ACK
[98812.49ms] SEND_ACK ack_num=95
[98812.52ms] RECV_UNEXPECTED seq=90 expected=95 -> duplicate ACK
[98912.75ms] SEND_ACK ack_num=95
[98912.78ms] RECV_UNEXPECTED seq=91 expected=95 -> duplicate ACK
[99012.99ms] SEND_ACK ack_num=95
[99013.03ms] SIM_LOSS seq=92 dropped artificially
[99013.03ms] RECV_UNEXPECTED seq=93 expected=95 -> duplicate ACK
[99113.25ms] SEND_ACK ack_num=95
[99113.29ms] SIM_LOSS seq=94 dropped artificially
[99113.29ms] SIM_LOSS seq=87 dropped artificially
[99113.29ms] RECV_UNEXPECTED seq=88 expected=95 -> duplicate ACK
[99213.50ms] SEND_ACK ack_num=95
[99213.53ms] RECV_UNEXPECTED seq=89 expected=95 -> duplicate ACK
[99313.76ms] SEND_ACK ack_num=95
[99313.79ms] RECV_UNEXPECTED seq=90 expected=95 -> duplicate ACK
[99413.99ms] SEND_ACK ack_num=95
[99414.04ms] RECV_UNEXPECTED seq=91 expected=95 -> duplicate ACK
[99514.26ms] SEND_ACK ack_num=95
[99514.30ms] RECV_UNEXPECTED seq=92 expected=95 -> duplicate ACK
[99614.65ms] SEND_ACK ack_num=95
[99614.69ms] RECV_UNEXPECTED seq=93 expected=95 -> duplicate ACK
[99714.89ms] SEND_ACK ack_num=95
[99714.92ms] SIM_LOSS seq=94 dropped artificially
[99715.09ms] RECV seq=95 len=512 accepted, expecting seq=96
[99815.31ms] SEND_ACK ack_num=96
[99815.34ms] SIM_LOSS seq=96 dropped artificially
[99815.35ms] RECV_UNEXPECTED seq=97 expected=96 -> duplicate ACK
[99915.56ms] SEND_ACK ack_num=96
[99915.59ms] RECV_UNEXPECTED seq=90 expected=96 -> duplicate ACK
[100015.84ms] SEND_ACK ack_num=96
[100015.87ms] SIM_LOSS seq=91 dropped artificially
[100015.87ms] RECV_UNEXPECTED seq=92 expected=96 -> duplicate ACK
[100116.10ms] SEND_ACK ack_num=96
[100116.13ms] RECV_UNEXPECTED seq=93 expected=96 -> duplicate ACK
[100216.33ms] SEND_ACK ack_num=96
[100216.36ms] RECV_UNEXPECTED seq=94 expected=96 -> duplicate ACK
[100316.58ms] SEND_ACK ack_num=96
[100316.62ms] SIM_LOSS seq=95 dropped artificially
[100316.63ms] RECV seq=96 len=512 accepted, expecting seq=97
[100416.79ms] SEND_ACK ack_num=97
[100416.87ms] RECV seq=97 len=512 accepted, expecting seq=98
[100517.10ms] SEND_ACK ack_num=98
[100517.13ms] SIM_LOSS seq=90 dropped artificially
[100517.14ms] RECV_UNEXPECTED seq=91 expected=98 -> duplicate ACK
[100617.32ms] SEND_ACK ack_num=98
[100617.35ms] RECV_UNEXPECTED seq=92 expected=98 -> duplicate ACK
[100717.59ms] SEND_ACK ack_num=98
[100717.62ms] RECV_UNEXPECTED seq=93 expected=98 -> duplicate ACK
[100817.79ms] SEND_ACK ack_num=98
[100817.87ms] RECV_UNEXPECTED seq=94 expected=98 -> duplicate ACK
[100918.06ms] SEND_ACK ack_num=98
[100918.10ms] RECV_UNEXPECTED seq=95 expected=98 -> duplicate ACK
[101041.57ms] SEND_ACK ack_num=98
[101041.60ms] RECV_UNEXPECTED seq=96 expected=98 -> duplicate ACK
[101141.97ms] SEND_ACK ack_num=98
[101142.01ms] RECV_UNEXPECTED seq=97 expected=98 -> duplicate ACK
[101242.25ms] SEND_ACK ack_num=98
[101242.28ms] RECV_UNEXPECTED seq=90 expected=98 -> duplicate ACK
[101342.54ms] SEND_ACK ack_num=98
[101342.58ms] RECV_UNEXPECTED seq=91 expected=98 -> duplicate ACK
[101442.79ms] SEND_ACK ack_num=98
[101442.83ms] SIM_LOSS seq=92 dropped artificially
[101442.83ms] SIM_LOSS seq=93 dropped artificially
[101442.83ms] RECV_UNEXPECTED seq=94 expected=98 -> duplicate ACK
[101543.10ms] SEND_ACK ack_num=98
[101543.13ms] RECV_UNEXPECTED seq=95 expected=98 -> duplicate ACK
[101643.37ms] SEND_ACK ack_num=98
[101643.41ms] RECV_UNEXPECTED seq=96 expected=98 -> duplicate ACK
[101743.63ms] SEND_ACK ack_num=98
[101743.67ms] RECV_UNEXPECTED seq=92 expected=98 -> duplicate ACK
[101844.03ms] SEND_ACK ack_num=98
[101844.06ms] SIM_LOSS seq=93 dropped artificially
[101844.06ms] SIM_LOSS seq=94 dropped artificially
[101844.07ms] RECV_UNEXPECTED seq=95 expected=98 -> duplicate ACK
[101944.28ms] SEND_ACK ack_num=98
[101944.31ms] RECV_UNEXPECTED seq=96 expected=98 -> duplicate ACK
[102044.77ms] SEND_ACK ack_num=98
[102044.81ms] RECV_UNEXPECTED seq=97 expected=98 -> duplicate ACK
[102145.03ms] SEND_ACK ack_num=98
[102145.08ms] SIM_LOSS seq=98 dropped artificially
[102145.09ms] RECV_UNEXPECTED seq=99 expected=98 -> duplicate ACK
[102245.38ms] SEND_ACK ack_num=98
[102245.42ms] RECV_UNEXPECTED seq=100 expected=98 -> duplicate ACK
[102350.86ms] SEND_ACK ack_num=98
[102350.90ms] RECV_UNEXPECTED seq=101 expected=98 -> duplicate ACK
[102520.68ms] SEND_ACK ack_num=98
[102520.76ms] RECV_UNEXPECTED seq=94 expected=98 -> duplicate ACK
[102621.05ms] SEND_ACK ack_num=98
[102621.10ms] RECV_UNEXPECTED seq=95 expected=98 -> duplicate ACK
[102721.32ms] SEND_ACK ack_num=98
[102721.35ms] RECV_UNEXPECTED seq=96 expected=98 -> duplicate ACK
[102821.59ms] SEND_ACK ack_num=98
[102821.64ms] SIM_LOSS seq=97 dropped artificially
[102821.64ms] SIM_LOSS seq=98 dropped artificially
[102821.65ms] RECV_UNEXPECTED seq=99 expected=98 -> duplicate ACK
[102921.94ms] SEND_ACK ack_num=98
[102921.98ms] RECV_UNEXPECTED seq=100 expected=98 -> duplicate ACK
[103022.21ms] SEND_ACK ack_num=98
[103022.24ms] RECV_UNEXPECTED seq=101 expected=98 -> duplicate ACK
[103122.56ms] SEND_ACK ack_num=98
[103122.61ms] RECV_UNEXPECTED seq=94 expected=98 -> duplicate ACK
[103222.90ms] SEND_ACK ack_num=98
[103222.94ms] SIM_LOSS seq=95 dropped artificially
[103222.94ms] RECV_UNEXPECTED seq=96 expected=98 -> duplicate ACK
[103323.15ms] SEND_ACK ack_num=98
[103323.19ms] RECV_UNEXPECTED seq=97 expected=98 -> duplicate ACK
[103423.40ms] SEND_ACK ack_num=98
[103423.44ms] RECV seq=98 len=512 accepted, expecting seq=99
[103523.63ms] SEND_ACK ack_num=99
[103523.67ms] SIM_LOSS seq=99 dropped artificially
[103523.67ms] SIM_LOSS seq=100 dropped artificially
[103523.68ms] RECV_UNEXPECTED seq=101 expected=99 -> duplicate ACK
[103623.88ms] SEND_ACK ack_num=99
[103623.91ms] RECV_UNEXPECTED seq=94 expected=99 -> duplicate ACK
[103724.24ms] SEND_ACK ack_num=99
[103724.28ms] RECV_UNEXPECTED seq=95 expected=99 -> duplicate ACK
[103824.52ms] SEND_ACK ack_num=99
[103824.55ms] RECV_UNEXPECTED seq=96 expected=99 -> duplicate ACK
[103924.87ms] SEND_ACK ack_num=99
[103924.91ms] RECV_UNEXPECTED seq=97 expected=99 -> duplicate ACK
[104025.12ms] SEND_ACK ack_num=99
[104025.15ms] RECV_UNEXPECTED seq=98 expected=99 -> duplicate ACK
[104125.39ms] SEND_ACK ack_num=99
[104125.41ms] RECV seq=99 len=512 accepted, expecting seq=100
[104225.62ms] SEND_ACK ack_num=100
[104225.68ms] RECV seq=100 len=512 accepted, expecting seq=101
[104325.88ms] SEND_ACK ack_num=101
[104325.91ms] RECV seq=101 len=512 accepted, expecting seq=102
[104426.13ms] SEND_ACK ack_num=102
[104426.16ms] RECV_UNEXPECTED seq=94 expected=102 -> duplicate ACK
[104526.44ms] SEND_ACK ack_num=102
[104526.48ms] RECV_UNEXPECTED seq=95 expected=102 -> duplicate ACK
[104626.75ms] SEND_ACK ack_num=102
[104626.79ms] RECV_UNEXPECTED seq=96 expected=102 -> duplicate ACK
[104727.03ms] SEND_ACK ack_num=102
[104727.06ms] SIM_LOSS seq=97 dropped artificially
[104727.06ms] RECV_UNEXPECTED seq=98 expected=102 -> duplicate ACK
[104827.39ms] SEND_ACK ack_num=102
[104827.43ms] RECV_UNEXPECTED seq=99 expected=102 -> duplicate ACK
[104927.69ms] SEND_ACK ack_num=102
[104927.72ms] RECV_UNEXPECTED seq=100 expected=102 -> duplicate ACK
[105027.91ms] SEND_ACK ack_num=102
[105027.93ms] RECV_UNEXPECTED seq=101 expected=102 -> duplicate ACK
[105128.18ms] SEND_ACK ack_num=102
[105128.22ms] RECV_UNEXPECTED seq=94 expected=102 -> duplicate ACK
[105228.46ms] SEND_ACK ack_num=102
[105228.49ms] RECV_UNEXPECTED seq=95 expected=102 -> duplicate ACK
[105328.70ms] SEND_ACK ack_num=102
[105328.73ms] RECV_UNEXPECTED seq=96 expected=102 -> duplicate ACK
[105428.99ms] SEND_ACK ack_num=102
[105429.02ms] RECV_UNEXPECTED seq=97 expected=102 -> duplicate ACK
[105529.24ms] SEND_ACK ack_num=102
[105529.27ms] RECV_UNEXPECTED seq=98 expected=102 -> duplicate ACK
[105629.50ms] SEND_ACK ack_num=102
[105629.52ms] SIM_LOSS seq=99 dropped artificially
[105629.52ms] RECV_UNEXPECTED seq=100 expected=102 -> duplicate ACK
[105729.72ms] SEND_ACK ack_num=102
[105729.75ms] RECV_UNEXPECTED seq=101 expected=102 -> duplicate ACK
[105829.99ms] SEND_ACK ack_num=102
[105830.03ms] RECV_UNEXPECTED seq=94 expected=102 -> duplicate ACK
[105930.21ms] SEND_ACK ack_num=102
[105930.24ms] SIM_LOSS seq=95 dropped artificially
[105930.25ms] RECV_UNEXPECTED seq=96 expected=102 -> duplicate ACK
[106030.46ms] SEND_ACK ack_num=102
[106030.50ms] RECV_UNEXPECTED seq=97 expected=102 -> duplicate ACK
[106130.68ms] SEND_ACK ack_num=102
[106130.71ms] RECV_UNEXPECTED seq=98 expected=102 -> duplicate ACK
[106230.94ms] SEND_ACK ack_num=102
[106230.97ms] RECV_UNEXPECTED seq=99 expected=102 -> duplicate ACK
[106331.29ms] SEND_ACK ack_num=102
[106331.32ms] RECV_UNEXPECTED seq=100 expected=102 -> duplicate ACK
[106431.54ms] SEND_ACK ack_num=102
[106431.57ms] RECV_UNEXPECTED seq=101 expected=102 -> duplicate ACK
[106531.76ms] SEND_ACK ack_num=102
[106531.78ms] SIM_LOSS seq=94 dropped artificially
[106531.79ms] RECV_UNEXPECTED seq=95 expected=102 -> duplicate ACK
[106632.15ms] SEND_ACK ack_num=102
[106632.19ms] RECV_UNEXPECTED seq=96 expected=102 -> duplicate ACK
[106732.49ms] SEND_ACK ack_num=102
[106732.53ms] SIM_LOSS seq=97 dropped artificially
[106732.53ms] RECV_UNEXPECTED seq=98 expected=102 -> duplicate ACK
[106832.74ms] SEND_ACK ack_num=102
[106832.76ms] SIM_LOSS seq=99 dropped artificially
[106832.80ms] RECV_UNEXPECTED seq=100 expected=102 -> duplicate ACK
[106933.08ms] SEND_ACK ack_num=102
[106933.13ms] RECV_UNEXPECTED seq=101 expected=102 -> duplicate ACK
[107033.51ms] SEND_ACK ack_num=102
[107033.54ms] RECV_UNEXPECTED seq=94 expected=102 -> duplicate ACK
[107133.74ms] SEND_ACK ack_num=102
[107133.76ms] RECV_UNEXPECTED seq=95 expected=102 -> duplicate ACK
[107233.97ms] SEND_ACK ack_num=102
[107234.01ms] SIM_LOSS seq=96 dropped artificially
[107234.01ms] RECV_UNEXPECTED seq=97 expected=102 -> duplicate ACK
[107334.23ms] SEND_ACK ack_num=102
[107334.26ms] RECV_UNEXPECTED seq=98 expected=102 -> duplicate ACK
[107434.50ms] SEND_ACK ack_num=102
[107434.52ms] RECV_UNEXPECTED seq=99 expected=102 -> duplicate ACK
[107534.74ms] SEND_ACK ack_num=102
[107534.77ms] RECV_UNEXPECTED seq=100 expected=102 -> duplicate ACK
[107635.02ms] SEND_ACK ack_num=102
[107635.06ms] RECV_UNEXPECTED seq=101 expected=102 -> duplicate ACK
[107735.30ms] SEND_ACK ack_num=102
[107735.33ms] RECV_UNEXPECTED seq=94 expected=102 -> duplicate ACK
[107835.57ms] SEND_ACK ack_num=102
[107835.61ms] RECV_UNEXPECTED seq=95 expected=102 -> duplicate ACK
[107935.84ms] SEND_ACK ack_num=102
[107935.89ms] RECV_UNEXPECTED seq=96 expected=102 -> duplicate ACK
[108036.07ms] SEND_ACK ack_num=102
[108036.09ms] RECV_UNEXPECTED seq=97 expected=102 -> duplicate ACK
[108136.33ms] SEND_ACK ack_num=102
[108136.39ms] RECV_UNEXPECTED seq=98 expected=102 -> duplicate ACK
[108236.62ms] SEND_ACK ack_num=102
[108236.65ms] RECV_UNEXPECTED seq=99 expected=102 -> duplicate ACK
[108336.92ms] SEND_ACK ack_num=102
[108336.95ms] RECV_UNEXPECTED seq=100 expected=102 -> duplicate ACK
[108437.21ms] SEND_ACK ack_num=102
[108437.24ms] RECV_UNEXPECTED seq=101 expected=102 -> duplicate ACK
[108537.51ms] SEND_ACK ack_num=102
[108537.54ms] RECV_UNEXPECTED seq=94 expected=102 -> duplicate ACK
[108637.69ms] SEND_ACK ack_num=102
[108637.71ms] SIM_LOSS seq=95 dropped artificially
[108637.72ms] SIM_LOSS seq=95 dropped artificially
[108637.72ms] RECV_UNEXPECTED seq=96 expected=102 -> duplicate ACK
[108737.93ms] SEND_ACK ack_num=102
[108737.96ms] RECV_UNEXPECTED seq=97 expected=102 -> duplicate ACK
[108838.18ms] SEND_ACK ack_num=102
[108838.21ms] RECV_UNEXPECTED seq=98 expected=102 -> duplicate ACK
[108938.41ms] SEND_ACK ack_num=102
[108938.44ms] RECV_UNEXPECTED seq=99 expected=102 -> duplicate ACK
[109038.62ms] SEND_ACK ack_num=102
[109038.66ms] RECV_UNEXPECTED seq=100 expected=102 -> duplicate ACK
[109139.06ms] SEND_ACK ack_num=102
[109139.12ms] RECV_UNEXPECTED seq=101 expected=102 -> duplicate ACK
[109239.33ms] SEND_ACK ack_num=102
[109239.38ms] RECV seq=102 len=512 accepted, expecting seq=103
[109339.59ms] SEND_ACK ack_num=103
[109339.62ms] RECV_UNEXPECTED seq=95 expected=103 -> duplicate ACK
[109439.79ms] SEND_ACK ack_num=103
[109439.83ms] RECV_UNEXPECTED seq=96 expected=103 -> duplicate ACK
[109540.09ms] SEND_ACK ack_num=103
[109540.12ms] RECV_UNEXPECTED seq=97 expected=103 -> duplicate ACK
[109640.38ms] SEND_ACK ack_num=103
[109640.40ms] RECV_UNEXPECTED seq=98 expected=103 -> duplicate ACK
[109803.40ms] SEND_ACK ack_num=103
[109803.44ms] SIM_LOSS seq=99 dropped artificially
[109803.45ms] RECV_UNEXPECTED seq=100 expected=103 -> duplicate ACK
[109903.67ms] SEND_ACK ack_num=103
[109903.71ms] RECV_UNEXPECTED seq=101 expected=103 -> duplicate ACK
[110003.92ms] SEND_ACK ack_num=103
[110003.96ms] RECV_UNEXPECTED seq=102 expected=103 -> duplicate ACK
[110104.15ms] SEND_ACK ack_num=103
[110104.20ms] RECV_UNEXPECTED seq=95 expected=103 -> duplicate ACK
[110204.41ms] SEND_ACK ack_num=103
[110204.44ms] SIM_LOSS seq=96 dropped artificially
[110204.45ms] RECV_UNEXPECTED seq=97 expected=103 -> duplicate ACK
[110304.74ms] SEND_ACK ack_num=103
[110304.78ms] RECV_UNEXPECTED seq=98 expected=103 -> duplicate ACK
[110405.02ms] SEND_ACK ack_num=103
[110405.05ms] SIM_LOSS seq=99 dropped artificially
[110405.06ms] RECV_UNEXPECTED seq=100 expected=103 -> duplicate ACK
[110505.27ms] SEND_ACK ack_num=103
[110505.31ms] SIM_LOSS seq=101 dropped artificially
[110505.31ms] RECV_UNEXPECTED seq=102 expected=103 -> duplicate ACK
[110605.51ms] SEND_ACK ack_num=103
[110605.54ms] RECV_UNEXPECTED seq=95 expected=103 -> duplicate ACK
[110705.75ms] SEND_ACK ack_num=103
[110705.79ms] RECV_UNEXPECTED seq=96 expected=103 -> duplicate ACK
[110806.03ms] SEND_ACK ack_num=103
[110806.07ms] SIM_LOSS seq=97 dropped artificially
[110806.08ms] RECV_UNEXPECTED seq=98 expected=103 -> duplicate ACK
[110906.34ms] SEND_ACK ack_num=103
[110906.37ms] RECV_UNEXPECTED seq=99 expected=103 -> duplicate ACK
[111006.57ms] SEND_ACK ack_num=103
[111006.61ms] RECV_UNEXPECTED seq=100 expected=103 -> duplicate ACK
[111106.81ms] SEND_ACK ack_num=103
[111106.84ms] RECV_UNEXPECTED seq=101 expected=103 -> duplicate ACK
[111207.02ms] SEND_ACK ack_num=103
[111207.06ms] RECV_UNEXPECTED seq=102 expected=103 -> duplicate ACK
[111307.31ms] SEND_ACK ack_num=103
[111307.34ms] RECV seq=103 len=512 accepted, expecting seq=104
[111407.55ms] SEND_ACK ack_num=104
[111407.58ms] SIM_LOSS seq=96 dropped artificially
[111407.59ms] RECV_UNEXPECTED seq=97 expected=104 -> duplicate ACK
[111507.80ms] SEND_ACK ack_num=104
[111507.84ms] RECV_UNEXPECTED seq=98 expected=104 -> duplicate ACK
[111608.02ms] SEND_ACK ack_num=104
[111608.06ms] RECV_UNEXPECTED seq=99 expected=104 -> duplicate ACK
[111708.28ms] SEND_ACK ack_num=104
[111708.31ms] RECV_UNEXPECTED seq=100 expected=104 -> duplicate ACK
[111808.55ms] SEND_ACK ack_num=104
[111808.59ms] RECV_UNEXPECTED seq=101 expected=104 -> duplicate ACK
[111908.78ms] SEND_ACK ack_num=104
[111908.89ms] RECV_UNEXPECTED seq=102 expected=104 -> duplicate ACK
[112009.08ms] SEND_ACK ack_num=104
[112009.11ms] RECV_UNEXPECTED seq=103 expected=104 -> duplicate ACK
[112109.44ms] SEND_ACK ack_num=104
[112109.51ms] SIM_LOSS seq=96 dropped artificially
[112109.51ms] RECV_UNEXPECTED seq=98 expected=104 -> duplicate ACK
[112209.79ms] SEND_ACK ack_num=104
[112209.83ms] RECV_UNEXPECTED seq=99 expected=104 -> duplicate ACK
[112310.12ms] SEND_ACK ack_num=104
[112310.15ms] RECV_UNEXPECTED seq=100 expected=104 -> duplicate ACK
[112410.36ms] SEND_ACK ack_num=104
[112410.39ms] SIM_LOSS seq=101 dropped artificially
[112410.40ms] SIM_LOSS seq=102 dropped artificially
[112410.40ms] RECV_UNEXPECTED seq=103 expected=104 -> duplicate ACK
[112510.61ms] SEND_ACK ack_num=104
[112510.64ms] RECV seq=104 len=512 accepted, expecting seq=105
[112610.83ms] SEND_ACK ack_num=105
[112610.86ms] RECV seq=105 len=512 accepted, expecting seq=106
[112711.14ms] SEND_ACK ack_num=106
[112711.18ms] RECV_UNEXPECTED seq=98 expected=106 -> duplicate ACK
[112811.46ms] SEND_ACK ack_num=106
[112811.50ms] RECV_UNEXPECTED seq=99 expected=106 -> duplicate ACK
[112911.70ms] SEND_ACK ack_num=106
[112911.74ms] RECV_UNEXPECTED seq=100 expected=106 -> duplicate ACK
[113011.91ms] SEND_ACK ack_num=106
[113011.93ms] RECV_UNEXPECTED seq=101 expected=106 -> duplicate ACK
[113112.14ms] SEND_ACK ack_num=106
[113112.18ms] RECV_UNEXPECTED seq=102 expected=106 -> duplicate ACK
[113212.43ms] SEND_ACK ack_num=106
[113212.47ms] SIM_LOSS seq=103 dropped artificially
[113212.48ms] RECV_UNEXPECTED seq=104 expected=106 -> duplicate ACK
[113312.78ms] SEND_ACK ack_num=106
[113312.81ms] SIM_LOSS seq=105 dropped artificially
[113312.81ms] RECV_UNEXPECTED seq=98 expected=106 -> duplicate ACK
[113413.01ms] SEND_ACK ack_num=106
[113413.05ms] RECV_UNEXPECTED seq=99 expected=106 -> duplicate ACK
[113513.25ms] SEND_ACK ack_num=106
[113513.28ms] RECV_UNEXPECTED seq=100 expected=106 -> duplicate ACK
[113613.47ms] SEND_ACK ack_num=106
[113613.49ms] RECV_UNEXPECTED seq=101 expected=106 -> duplicate ACK
[113713.70ms] SEND_ACK ack_num=106
[113713.73ms] RECV_UNEXPECTED seq=102 expected=106 -> duplicate ACK
[113813.99ms] SEND_ACK ack_num=106
[113814.03ms] RECV_UNEXPECTED seq=103 expected=106 -> duplicate ACK
[113914.21ms] SEND_ACK ack_num=106
[113914.24ms] RECV_UNEXPECTED seq=104 expected=106 -> duplicate ACK
[114014.44ms] SEND_ACK ack_num=106
[114014.47ms] SIM_LOSS seq=105 dropped artificially
[114014.48ms] RECV_UNEXPECTED seq=98 expected=106 -> duplicate ACK
[114114.65ms] SEND_ACK ack_num=106
[114114.69ms] RECV_UNEXPECTED seq=99 expected=106 -> duplicate ACK
[114214.94ms] SEND_ACK ack_num=106
[114214.97ms] RECV_UNEXPECTED seq=100 expected=106 -> duplicate ACK
[114315.19ms] SEND_ACK ack_num=106
[114315.23ms] RECV_UNEXPECTED seq=101 expected=106 -> duplicate ACK
[114415.49ms] SEND_ACK ack_num=106
[114415.52ms] RECV_UNEXPECTED seq=102 expected=106 -> duplicate ACK
[114515.79ms] SEND_ACK ack_num=106
[114515.81ms] RECV_UNEXPECTED seq=103 expected=106 -> duplicate ACK
[114616.05ms] SEND_ACK ack_num=106
[114616.08ms] SIM_LOSS seq=104 dropped artificially
[114616.09ms] RECV_UNEXPECTED seq=105 expected=106 -> duplicate ACK
[114716.36ms] SEND_ACK ack_num=106
[114716.39ms] RECV_UNEXPECTED seq=98 expected=106 -> duplicate ACK
[114816.59ms] SEND_ACK ack_num=106
[114816.61ms] RECV_UNEXPECTED seq=99 expected=106 -> duplicate ACK
[114916.95ms] SEND_ACK ack_num=106
[114916.98ms] SIM_LOSS seq=100 dropped artificially
[114916.99ms] RECV_UNEXPECTED seq=101 expected=106 -> duplicate ACK
[115017.22ms] SEND_ACK ack_num=106
[115017.26ms] RECV_UNEXPECTED seq=102 expected=106 -> duplicate ACK
[115117.49ms] SEND_ACK ack_num=106
[115117.52ms] RECV_UNEXPECTED seq=103 expected=106 -> duplicate ACK
[115217.73ms] SEND_ACK ack_num=106
[115217.77ms] SIM_LOSS seq=104 dropped artificially
[115217.77ms] RECV_UNEXPECTED seq=105 expected=106 -> duplicate ACK
[115317.97ms] SEND_ACK ack_num=106
[115318.01ms] RECV seq=106 len=512 accepted, expecting seq=107
[115424.59ms] SEND_ACK ack_num=107
[115424.61ms] RECV_UNEXPECTED seq=99 expected=107 -> duplicate ACK
[115529.52ms] SEND_ACK ack_num=107
[115529.55ms] SIM_LOSS seq=102 dropped artificially
[115529.55ms] RECV_UNEXPECTED seq=103 expected=107 -> duplicate ACK
[115629.73ms] SEND_ACK ack_num=107
[115629.76ms] RECV_UNEXPECTED seq=104 expected=107 -> duplicate ACK
[115730.01ms] SEND_ACK ack_num=107
[115730.05ms] SIM_LOSS seq=105 dropped artificially
[115730.05ms] RECV_UNEXPECTED seq=106 expected=107 -> duplicate ACK
[115830.24ms] SEND_ACK ack_num=107
[115830.26ms] RECV seq=107 len=512 accepted, expecting seq=108
[115930.50ms] SEND_ACK ack_num=108
[115930.53ms] RECV seq=108 len=512 accepted, expecting seq=109
[116030.73ms] SEND_ACK ack_num=109
[116030.78ms] RECV seq=109 len=512 accepted, expecting seq=110
[116131.00ms] SEND_ACK ack_num=110
[116131.03ms] SIM_LOSS seq=102 dropped artificially
[116131.03ms] RECV_UNEXPECTED seq=103 expected=110 -> duplicate ACK
[116231.24ms] SEND_ACK ack_num=110
[116231.27ms] RECV_UNEXPECTED seq=104 expected=110 -> duplicate ACK
[116331.46ms] SEND_ACK ack_num=110
[116331.49ms] RECV_UNEXPECTED seq=105 expected=110 -> duplicate ACK
[116431.74ms] SEND_ACK ack_num=110
[116431.76ms] RECV_UNEXPECTED seq=106 expected=110 -> duplicate ACK
[116532.01ms] SEND_ACK ack_num=110
[116532.05ms] RECV_UNEXPECTED seq=107 expected=110 -> duplicate ACK
[116632.22ms] SEND_ACK ack_num=110
[116632.25ms] SIM_LOSS seq=108 dropped artificially
[116632.25ms] RECV_UNEXPECTED seq=109 expected=110 -> duplicate ACK
[116732.48ms] SEND_ACK ack_num=110
[116732.51ms] SIM_LOSS seq=102 dropped artificially
[116732.51ms] RECV_UNEXPECTED seq=103 expected=110 -> duplicate ACK
[116832.81ms] SEND_ACK ack_num=110
[116832.88ms] RECV_UNEXPECTED seq=104 expected=110 -> duplicate ACK
[116933.10ms] SEND_ACK ack_num=110
[116933.13ms] RECV_UNEXPECTED seq=105 expected=110 -> duplicate ACK
[117033.31ms] SEND_ACK ack_num=110
[117033.33ms] RECV_UNEXPECTED seq=106 expected=110 -> duplicate ACK
[117133.55ms] SEND_ACK ack_num=110
[117133.59ms] RECV_UNEXPECTED seq=107 expected=110 -> duplicate ACK
[117233.82ms] SEND_ACK ack_num=110
[117233.85ms] RECV_UNEXPECTED seq=108 expected=110 -> duplicate ACK
[117334.04ms] SEND_ACK ack_num=110
[117334.06ms] RECV_UNEXPECTED seq=109 expected=110 -> duplicate ACK
[117434.23ms] SEND_ACK ack_num=110
[117434.26ms] RECV_UNEXPECTED seq=102 expected=110 -> duplicate ACK
[117534.52ms] SEND_ACK ack_num=110
[117534.55ms] RECV_UNEXPECTED seq=103 expected=110 -> duplicate ACK
[117634.77ms] SEND_ACK ack_num=110
[117634.79ms] SIM_LOSS seq=104 dropped artificially
[117634.79ms] RECV_UNEXPECTED seq=105 expected=110 -> duplicate ACK
[117735.04ms] SEND_ACK ack_num=110
[117735.08ms] RECV_UNEXPECTED seq=106 expected=110 -> duplicate ACK
[117835.31ms] SEND_ACK ack_num=110
[117835.34ms] RECV_UNEXPECTED seq=107 expected=110 -> duplicate ACK
[117935.53ms] SEND_ACK ack_num=110
[117935.56ms] SIM_LOSS seq=108 dropped artificially
[117935.56ms] RECV_UNEXPECTED seq=109 expected=110 -> duplicate ACK
[118035.78ms] SEND_ACK ack_num=110
[118035.81ms] RECV_UNEXPECTED seq=102 expected=110 -> duplicate ACK
[118135.98ms] SEND_ACK ack_num=110
[118136.01ms] RECV_UNEXPECTED seq=103 expected=110 -> duplicate ACK
[118236.19ms] SEND_ACK ack_num=110
[118236.21ms] RECV_UNEXPECTED seq=104 expected=110 -> duplicate ACK
[118336.49ms] SEND_ACK ack_num=110
[118336.52ms] RECV_UNEXPECTED seq=105 expected=110 -> duplicate ACK
[118436.89ms] SEND_ACK ack_num=110
[118436.92ms] RECV_UNEXPECTED seq=106 expected=110 -> duplicate ACK
[118537.10ms] SEND_ACK ack_num=110
[118537.12ms] RECV_UNEXPECTED seq=107 expected=110 -> duplicate ACK
[118637.36ms] SEND_ACK ack_num=110
[118637.39ms] SIM_LOSS seq=108 dropped artificially
[118637.39ms] RECV_UNEXPECTED seq=109 expected=110 -> duplicate ACK
[118737.66ms] SEND_ACK ack_num=110
[118737.70ms] RECV_UNEXPECTED seq=102 expected=110 -> duplicate ACK
[118837.88ms] SEND_ACK ack_num=110
[118837.91ms] RECV_UNEXPECTED seq=103 expected=110 -> duplicate ACK
[118938.31ms] SEND_ACK ack_num=110
[118938.34ms] RECV_UNEXPECTED seq=102 expected=110 -> duplicate ACK
[119038.61ms] SEND_ACK ack_num=110
[119038.64ms] RECV_UNEXPECTED seq=103 expected=110 -> duplicate ACK
[119138.90ms] SEND_ACK ack_num=110
[119138.92ms] RECV_UNEXPECTED seq=104 expected=110 -> duplicate ACK
[119239.12ms] SEND_ACK ack_num=110
[119239.15ms] RECV_UNEXPECTED seq=105 expected=110 -> duplicate ACK
[119339.39ms] SEND_ACK ack_num=110
[119339.42ms] SIM_LOSS seq=106 dropped artificially
[119339.42ms] SIM_LOSS seq=107 dropped artificially
[119339.42ms] RECV_UNEXPECTED seq=108 expected=110 -> duplicate ACK
[119439.73ms] SEND_ACK ack_num=110
[119439.75ms] RECV_UNEXPECTED seq=109 expected=110 -> duplicate ACK
[119539.93ms] SEND_ACK ack_num=110
[119539.96ms] RECV_UNEXPECTED seq=102 expected=110 -> duplicate ACK
[119640.26ms] SEND_ACK ack_num=110
[119640.29ms] RECV_UNEXPECTED seq=103 expected=110 -> duplicate ACK
[119740.61ms] SEND_ACK ack_num=110
[119740.63ms] RECV_UNEXPECTED seq=104 expected=110 -> duplicate ACK
[119840.95ms] SEND_ACK ack_num=110
[119840.98ms] RECV_UNEXPECTED seq=105 expected=110 -> duplicate ACK
[119941.22ms] SEND_ACK ack_num=110
[119941.25ms] RECV_UNEXPECTED seq=106 expected=110 -> duplicate ACK
[120041.51ms] SEND_ACK ack_num=110
[120041.54ms] RECV_UNEXPECTED seq=107 expected=110 -> duplicate ACK
[120141.82ms] SEND_ACK ack_num=110
[120141.84ms] RECV_UNEXPECTED seq=108 expected=110 -> duplicate ACK
[120242.05ms] SEND_ACK ack_num=110
[120242.07ms] SIM_LOSS seq=109 dropped artificially
[120242.08ms] RECV seq=110 len=512 accepted, expecting seq=111
[120342.33ms] SEND_ACK ack_num=111
[120342.35ms] RECV_UNEXPECTED seq=103 expected=111 -> duplicate ACK
[120442.56ms] SEND_ACK ack_num=111
[120442.60ms] RECV_UNEXPECTED seq=104 expected=111 -> duplicate ACK
[120542.78ms] SEND_ACK ack_num=111
[120542.81ms] RECV_UNEXPECTED seq=105 expected=111 -> duplicate ACK
[120642.96ms] SEND_ACK ack_num=111
[120642.98ms] RECV_UNEXPECTED seq=106 expected=111 -> duplicate ACK
[120743.24ms] SEND_ACK ack_num=111
[120743.27ms] SIM_LOSS seq=107 dropped artificially
[120743.27ms] RECV_UNEXPECTED seq=108 expected=111 -> duplicate ACK
[120843.57ms] SEND_ACK ack_num=111
[120843.60ms] RECV_UNEXPECTED seq=109 expected=111 -> duplicate ACK
[120943.81ms] SEND_ACK ack_num=111
[120943.84ms] SIM_LOSS seq=110 dropped artificially
[120943.85ms] RECV_UNEXPECTED seq=103 expected=111 -> duplicate ACK
[121158.57ms] SEND_ACK ack_num=111
[121158.62ms] SIM_LOSS seq=104 dropped artificially
[121158.62ms] RECV_UNEXPECTED seq=105 expected=111 -> duplicate ACK
[121259.02ms] SEND_ACK ack_num=111
[121259.05ms] SIM_LOSS seq=106 dropped artificially
[121259.06ms] RECV_UNEXPECTED seq=107 expected=111 -> duplicate ACK
[121359.32ms] SEND_ACK ack_num=111
[121359.39ms] RECV_UNEXPECTED seq=108 expected=111 -> duplicate ACK
[121459.69ms] SEND_ACK ack_num=111
[121459.74ms] RECV_UNEXPECTED seq=109 expected=111 -> duplicate ACK
[121560.16ms] SEND_ACK ack_num=111
[121560.20ms] RECV_UNEXPECTED seq=110 expected=111 -> duplicate ACK
[121660.44ms] SEND_ACK ack_num=111
[121660.48ms] RECV_UNEXPECTED seq=103 expected=111 -> duplicate ACK
[121760.70ms] SEND_ACK ack_num=111
[121760.75ms] RECV_UNEXPECTED seq=104 expected=111 -> duplicate ACK
[121861.01ms] SEND_ACK ack_num=111
[121861.05ms] RECV_UNEXPECTED seq=105 expected=111 -> duplicate ACK
[121961.25ms] SEND_ACK ack_num=111
[121961.29ms] RECV_UNEXPECTED seq=106 expected=111 -> duplicate ACK
[122061.65ms] SEND_ACK ack_num=111
[122061.69ms] RECV_UNEXPECTED seq=107 expected=111 -> duplicate ACK
[122193.59ms] SEND_ACK ack_num=111
[122193.62ms] RECV_UNEXPECTED seq=108 expected=111 -> duplicate ACK
[122293.92ms] SEND_ACK ack_num=111
[122293.95ms] RECV_UNEXPECTED seq=109 expected=111 -> duplicate ACK
[122394.44ms] SEND_ACK ack_num=111
[122394.48ms] RECV_UNEXPECTED seq=110 expected=111 -> duplicate ACK
[122494.73ms] SEND_ACK ack_num=111
[122494.76ms] SIM_LOSS seq=103 dropped artificially
[122494.76ms] RECV_UNEXPECTED seq=104 expected=111 -> duplicate ACK
[122595.01ms] SEND_ACK ack_num=111
[122595.06ms] RECV_UNEXPECTED seq=105 expected=111 -> duplicate ACK
[122695.48ms] SEND_ACK ack_num=111
[122695.52ms] SIM_LOSS seq=106 dropped artificially
[122695.52ms] RECV_UNEXPECTED seq=107 expected=111 -> duplicate ACK
[122795.93ms] SEND_ACK ack_num=111
[122795.95ms] RECV_UNEXPECTED seq=108 expected=111 -> duplicate ACK
[122896.20ms] SEND_ACK ack_num=111
[122896.27ms] SIM_LOSS seq=109 dropped artificially
[122896.28ms] RECV_UNEXPECTED seq=110 expected=111 -> duplicate ACK
[122996.52ms] SEND_ACK ack_num=111
[122996.66ms] RECV seq=111 len=512 accepted, expecting seq=112
[123096.93ms] SEND_ACK ack_num=112
[123096.96ms] SIM_LOSS seq=104 dropped artificially
[123096.97ms] RECV_UNEXPECTED seq=105 expected=112 -> duplicate ACK
[123197.20ms] SEND_ACK ack_num=112
[123197.29ms] RECV_UNEXPECTED seq=106 expected=112 -> duplicate ACK
[123297.68ms] SEND_ACK ack_num=112
[123297.71ms] RECV_UNEXPECTED seq=107 expected=112 -> duplicate ACK
[123397.90ms] SEND_ACK ack_num=112
[123397.92ms] SIM_LOSS seq=108 dropped artificially
[123397.93ms] SIM_LOSS seq=109 dropped artificially
[123397.93ms] SIM_LOSS seq=110 dropped artificially
[123397.93ms] RECV_UNEXPECTED seq=111 expected=112 -> duplicate ACK
[123498.39ms] SEND_ACK ack_num=112
[123498.43ms] RECV seq=112 len=512 accepted, expecting seq=113
[123598.78ms] SEND_ACK ack_num=113
[123598.83ms] RECV seq=113 len=512 accepted, expecting seq=114
[123699.37ms] SEND_ACK ack_num=114
[123699.41ms] RECV_UNEXPECTED seq=106 expected=114 -> duplicate ACK
[123799.87ms] SEND_ACK ack_num=114
[123799.91ms] RECV_UNEXPECTED seq=107 expected=114 -> duplicate ACK
[123900.27ms] SEND_ACK ack_num=114
[123900.32ms] RECV_UNEXPECTED seq=108 expected=114 -> duplicate ACK
[124000.63ms] SEND_ACK ack_num=114
[124000.65ms] RECV_UNEXPECTED seq=109 expected=114 -> duplicate ACK
[124100.98ms] SEND_ACK ack_num=114
[124101.01ms] RECV_UNEXPECTED seq=110 expected=114 -> duplicate ACK
[124201.35ms] SEND_ACK ack_num=114
[124201.39ms] RECV_UNEXPECTED seq=111 expected=114 -> duplicate ACK
[124301.67ms] SEND_ACK ack_num=114
[124301.70ms] RECV_UNEXPECTED seq=112 expected=114 -> duplicate ACK
[124402.07ms] SEND_ACK ack_num=114
[124402.11ms] RECV_UNEXPECTED seq=113 expected=114 -> duplicate ACK
[124502.36ms] SEND_ACK ack_num=114
[124502.40ms] SIM_LOSS seq=106 dropped artificially
[124502.41ms] RECV_UNEXPECTED seq=107 expected=114 -> duplicate ACK
[124602.75ms] SEND_ACK ack_num=114
[124602.77ms] RECV_UNEXPECTED seq=108 expected=114 -> duplicate ACK
[124702.99ms] SEND_ACK ack_num=114
[124703.02ms] RECV_UNEXPECTED seq=109 expected=114 -> duplicate ACK
[124803.24ms] SEND_ACK ack_num=114
[124803.27ms] RECV_UNEXPECTED seq=110 expected=114 -> duplicate ACK
[124903.49ms] SEND_ACK ack_num=114
[124903.52ms] RECV_UNEXPECTED seq=111 expected=114 -> duplicate ACK
[125003.97ms] SEND_ACK ack_num=114
[125004.03ms] RECV_UNEXPECTED seq=112 expected=114 -> duplicate ACK
[125104.32ms] SEND_ACK ack_num=114
[125104.36ms] RECV_UNEXPECTED seq=113 expected=114 -> duplicate ACK
[125204.67ms] SEND_ACK ack_num=114
[125204.70ms] SIM_LOSS seq=106 dropped artificially
[125204.71ms] RECV_UNEXPECTED seq=107 expected=114 -> duplicate ACK
[125304.97ms] SEND_ACK ack_num=114
[125305.01ms] SIM_LOSS seq=108 dropped artificially
[125305.02ms] RECV_UNEXPECTED seq=109 expected=114 -> duplicate ACK
[125405.29ms] SEND_ACK ack_num=114
[125405.33ms] RECV_UNEXPECTED seq=110 expected=114 -> duplicate ACK
[125505.60ms] SEND_ACK ack_num=114
[125505.63ms] RECV_UNEXPECTED seq=111 expected=114 -> duplicate ACK
[125605.86ms] SEND_ACK ack_num=114
[125605.89ms] SIM_LOSS seq=112 dropped artificially
[125605.90ms] SIM_LOSS seq=113 dropped artificially
[125605.90ms] SIM_LOSS seq=107 dropped artificially
[125605.90ms] RECV_UNEXPECTED seq=108 expected=114 -> duplicate ACK
[125706.25ms] SEND_ACK ack_num=114
[125706.28ms] RECV_UNEXPECTED seq=109 expected=114 -> duplicate ACK
[125806.47ms] SEND_ACK ack_num=114
[125806.50ms] RECV_UNEXPECTED seq=110 expected=114 -> duplicate ACK
[125906.74ms] SEND_ACK ack_num=114
[125906.78ms] RECV_UNEXPECTED seq=111 expected=114 -> duplicate ACK
[126007.04ms] SEND_ACK ack_num=114
[126007.08ms] RECV_UNEXPECTED seq=112 expected=114 -> duplicate ACK
[126107.37ms] SEND_ACK ack_num=114
[126107.40ms] RECV_UNEXPECTED seq=113 expected=114 -> duplicate ACK
[126207.63ms] SEND_ACK ack_num=114
[126207.67ms] RECV seq=114 len=512 accepted, expecting seq=115
[126307.92ms] SEND_ACK ack_num=115
[126307.95ms] RECV seq=115 len=512 accepted, expecting seq=116
[126408.21ms] SEND_ACK ack_num=116
[126408.24ms] RECV seq=116 len=512 accepted, expecting seq=117
[126508.43ms] SEND_ACK ack_num=117
[126508.46ms] RECV seq=117 len=512 accepted, expecting seq=118
[126608.67ms] SEND_ACK ack_num=118
[126608.70ms] RECV_UNEXPECTED seq=110 expected=118 -> duplicate ACK
[126709.06ms] SEND_ACK ack_num=118
[126709.13ms] RECV_UNEXPECTED seq=111 expected=118 -> duplicate ACK
[126809.32ms] SEND_ACK ack_num=118
[126809.35ms] SIM_LOSS seq=112 dropped artificially
[126809.35ms] RECV_UNEXPECTED seq=113 expected=118 -> duplicate ACK
[126909.54ms] SEND_ACK ack_num=118
[126909.57ms] RECV_UNEXPECTED seq=114 expected=118 -> duplicate ACK
[127009.79ms] SEND_ACK ack_num=118
[127009.82ms] RECV_UNEXPECTED seq=115 expected=118 -> duplicate ACK
[127110.08ms] SEND_ACK ack_num=118
[127110.11ms] RECV_UNEXPECTED seq=116 expected=118 -> duplicate ACK
[127210.45ms] SEND_ACK ack_num=118
[127210.49ms] RECV_UNEXPECTED seq=117 expected=118 -> duplicate ACK
[127310.74ms] SEND_ACK ack_num=118
[127310.78ms] RECV_UNEXPECTED seq=110 expected=118 -> duplicate ACK
[127411.15ms] SEND_ACK ack_num=118
[127411.18ms] RECV_UNEXPECTED seq=111 expected=118 -> duplicate ACK
[127511.53ms] SEND_ACK ack_num=118
[127511.56ms] RECV_UNEXPECTED seq=112 expected=118 -> duplicate ACK
[127611.83ms] SEND_ACK ack_num=118
[127611.90ms] RECV_UNEXPECTED seq=113 expected=118 -> duplicate ACK
[127712.10ms] SEND_ACK ack_num=118
[127712.13ms] SIM_LOSS seq=114 dropped artificially
[127712.14ms] RECV_UNEXPECTED seq=115 expected=118 -> duplicate ACK
[127812.39ms] SEND_ACK ack_num=118
[127812.41ms] RECV_UNEXPECTED seq=116 expected=118 -> duplicate ACK
[127912.69ms] SEND_ACK ack_num=118
[127912.72ms] RECV_UNEXPECTED seq=117 expected=118 -> duplicate ACK
[128012.97ms] SEND_ACK ack_num=118
[128013.00ms] RECV_UNEXPECTED seq=110 expected=118 -> duplicate ACK
[128113.21ms] SEND_ACK ack_num=118
[128113.23ms] RECV_UNEXPECTED seq=111 expected=118 -> duplicate ACK
[128213.49ms] SEND_ACK ack_num=118
[128213.52ms] RECV_UNEXPECTED seq=112 expected=118 -> duplicate ACK
[128313.73ms] SEND_ACK ack_num=118
[128313.76ms] RECV_UNEXPECTED seq=113 expected=118 -> duplicate ACK
[128414.01ms] SEND_ACK ack_num=118
[128414.04ms] RECV_UNEXPECTED seq=114 expected=118 -> duplicate ACK
[128514.22ms] SEND_ACK ack_num=118
[128514.26ms] SIM_LOSS seq=115 dropped artificially
[128514.26ms] RECV_UNEXPECTED seq=116 expected=118 -> duplicate ACK
[128614.50ms] SEND_ACK ack_num=118
[128614.53ms] RECV_UNEXPECTED seq=117 expected=118 -> duplicate ACK
[128714.74ms] SEND_ACK ack_num=118
[128714.77ms] SIM_LOSS seq=110 dropped artificially
[128714.77ms] RECV_UNEXPECTED seq=111 expected=118 -> duplicate ACK
[128815.00ms] SEND_ACK ack_num=118
[128815.03ms] RECV_UNEXPECTED seq=112 expected=118 -> duplicate ACK
[128915.31ms] SEND_ACK ack_num=118
[128915.35ms] SIM_LOSS seq=113 dropped artificially
[128915.35ms] RECV_UNEXPECTED seq=114 expected=118 -> duplicate ACK
[129015.64ms] SEND_ACK ack_num=118
[129015.67ms] SIM_LOSS seq=115 dropped artificially
[129015.68ms] RECV_UNEXPECTED seq=116 expected=118 -> duplicate ACK
[129115.99ms] SEND_ACK ack_num=118
[129116.03ms] RECV_UNEXPECTED seq=110 expected=118 -> duplicate ACK
[129216.26ms] SEND_ACK ack_num=118
[129216.29ms] RECV_UNEXPECTED seq=111 expected=118 -> duplicate ACK
[129316.47ms] SEND_ACK ack_num=118
[129316.50ms] RECV_UNEXPECTED seq=112 expected=118 -> duplicate ACK
[129416.71ms] SEND_ACK ack_num=118
[129416.77ms] RECV_UNEXPECTED seq=113 expected=118 -> duplicate ACK
[129517.01ms] SEND_ACK ack_num=118
[129517.06ms] SIM_LOSS seq=114 dropped artificially
[129517.06ms] RECV_UNEXPECTED seq=115 expected=118 -> duplicate ACK
[129617.39ms] SEND_ACK ack_num=118
[129617.42ms] SIM_LOSS seq=116 dropped artificially
[129617.42ms] SIM_LOSS seq=117 dropped artificially
[129617.42ms] SIM_LOSS seq=110 dropped artificially
[129617.43ms] RECV_UNEXPECTED seq=111 expected=118 -> duplicate ACK
[129717.65ms] SEND_ACK ack_num=118
[129717.68ms] RECV_UNEXPECTED seq=112 expected=118 -> duplicate ACK
[129817.99ms] SEND_ACK ack_num=118
[129818.03ms] RECV_UNEXPECTED seq=113 expected=118 -> duplicate ACK
[129918.33ms] SEND_ACK ack_num=118
[129918.36ms] RECV_UNEXPECTED seq=114 expected=118 -> duplicate ACK
[130018.61ms] SEND_ACK ack_num=118
[130018.64ms] SIM_LOSS seq=115 dropped artificially
[130018.65ms] RECV_UNEXPECTED seq=116 expected=118 -> duplicate ACK
[130118.93ms] SEND_ACK ack_num=118
[130118.96ms] RECV_UNEXPECTED seq=117 expected=118 -> duplicate ACK
[130219.16ms] SEND_ACK ack_num=118
[130219.19ms] RECV_UNEXPECTED seq=110 expected=118 -> duplicate ACK
[130319.52ms] SEND_ACK ack_num=118
[130319.56ms] SIM_LOSS seq=111 dropped artificially
[130319.56ms] RECV_UNEXPECTED seq=112 expected=118 -> duplicate ACK
[130419.84ms] SEND_ACK ack_num=118
[130419.87ms] RECV_UNEXPECTED seq=113 expected=118 -> duplicate ACK
[130520.15ms] SEND_ACK ack_num=118
[130520.18ms] RECV_UNEXPECTED seq=114 expected=118 -> duplicate ACK
[130620.56ms] SEND_ACK ack_num=118
[130620.59ms] RECV_UNEXPECTED seq=115 expected=118 -> duplicate ACK
[130720.97ms] SEND_ACK ack_num=118
[130721.01ms] RECV_UNEXPECTED seq=116 expected=118 -> duplicate ACK
[130821.25ms] SEND_ACK ack_num=118
[130821.28ms] RECV_UNEXPECTED seq=117 expected=118 -> duplicate ACK
[130921.52ms] SEND_ACK ack_num=118
[130921.56ms] RECV_UNEXPECTED seq=110 expected=118 -> duplicate ACK
[131021.94ms] SEND_ACK ack_num=118
[131022.00ms] RECV_UNEXPECTED seq=111 expected=118 -> duplicate ACK
[131122.27ms] SEND_ACK ack_num=118
[131122.31ms] SIM_LOSS seq=112 dropped artificially
[131122.31ms] SIM_LOSS seq=113 dropped artificially
[131122.32ms] RECV_UNEXPECTED seq=114 expected=118 -> duplicate ACK
[131222.59ms] SEND_ACK ack_num=118
[131222.65ms] RECV_UNEXPECTED seq=115 expected=118 -> duplicate ACK
[131322.91ms] SEND_ACK ack_num=118
[131322.94ms] RECV_UNEXPECTED seq=116 expected=118 -> duplicate ACK
[131423.21ms] SEND_ACK ack_num=118
[131423.25ms] RECV_UNEXPECTED seq=117 expected=118 -> duplicate ACK
[131523.53ms] SEND_ACK ack_num=118
[131523.64ms] RECV_UNEXPECTED seq=110 expected=118 -> duplicate ACK
[131623.83ms] SEND_ACK ack_num=118
[131623.86ms] RECV_UNEXPECTED seq=111 expected=118 -> duplicate ACK
[131724.22ms] SEND_ACK ack_num=118
[131724.25ms] RECV_UNEXPECTED seq=112 expected=118 -> duplicate ACK
[131824.43ms] SEND_ACK ack_num=118
[131824.46ms] RECV_UNEXPECTED seq=113 expected=118 -> duplicate ACK
[131924.72ms] SEND_ACK ack_num=118
[131924.76ms] SIM_LOSS seq=114 dropped artificially
[131924.76ms] SIM_LOSS seq=115 dropped artificially
[131924.77ms] RECV_UNEXPECTED seq=116 expected=118 -> duplicate ACK
[132024.99ms] SEND_ACK ack_num=118
[132025.03ms] RECV_UNEXPECTED seq=117 expected=118 -> duplicate ACK
[132125.28ms] SEND_ACK ack_num=118
[132125.31ms] RECV seq=118 len=512 accepted, expecting seq=119
[132225.83ms] SEND_ACK ack_num=119
[132225.89ms] RECV_UNEXPECTED seq=111 expected=119 -> duplicate ACK
[132326.21ms] SEND_ACK ack_num=119
[132326.26ms] RECV_UNEXPECTED seq=111 expected=119 -> duplicate ACK
[132426.54ms] SEND_ACK ack_num=119
[132426.59ms] SIM_LOSS seq=112 dropped artificially
[132426.60ms] RECV_UNEXPECTED seq=113 expected=119 -> duplicate ACK
[132526.84ms] SEND_ACK ack_num=119
[132526.86ms] SIM_LOSS seq=114 dropped artificially
[132526.87ms] RECV_UNEXPECTED seq=115 expected=119 -> duplicate ACK
[132627.14ms] SEND_ACK ack_num=119
[132627.17ms] RECV_UNEXPECTED seq=116 expected=119 -> duplicate ACK
[132727.42ms] SEND_ACK ack_num=119
[132727.46ms] SIM_LOSS seq=117 dropped artificially
[132727.46ms] RECV_UNEXPECTED seq=118 expected=119 -> duplicate ACK
[132827.62ms] SEND_ACK ack_num=119
[132827.65ms] RECV_UNEXPECTED seq=111 expected=119 -> duplicate ACK
[132927.86ms] SEND_ACK ack_num=119
[132927.92ms] RECV_UNEXPECTED seq=112 expected=119 -> duplicate ACK
[133028.16ms] SEND_ACK ack_num=119
[133028.20ms] SIM_LOSS seq=113 dropped artificially
[133028.20ms] SIM_LOSS seq=114 dropped artificially
[133028.20ms] RECV_UNEXPECTED seq=115 expected=119 -> duplicate ACK
[133128.37ms] SEND_ACK ack_num=119
[133128.40ms] RECV_UNEXPECTED seq=116 expected=119 -> duplicate ACK
[133228.70ms] SEND_ACK ack_num=119
[133228.74ms] RECV_UNEXPECTED seq=117 expected=119 -> duplicate ACK
[133329.22ms] SEND_ACK ack_num=119
[133329.28ms] RECV_UNEXPECTED seq=118 expected=119 -> duplicate ACK
[133429.61ms] SEND_ACK ack_num=119
[133429.64ms] RECV seq=119 len=512 accepted, expecting seq=120
[133530.01ms] SEND_ACK ack_num=120
[133530.04ms] RECV_UNEXPECTED seq=112 expected=120 -> duplicate ACK
[133630.29ms] SEND_ACK ack_num=120
[133630.32ms] RECV_UNEXPECTED seq=113 expected=120 -> duplicate ACK
[133730.58ms] SEND_ACK ack_num=120
[133730.61ms] RECV_UNEXPECTED seq=114 expected=120 -> duplicate ACK
[133830.85ms] SEND_ACK ack_num=120
[133830.87ms] SIM_LOSS seq=115 dropped artificially
[133830.87ms] RECV_UNEXPECTED seq=116 expected=120 -> duplicate ACK
[133931.20ms] SEND_ACK ack_num=120
[133931.24ms] RECV_UNEXPECTED seq=117 expected=120 -> duplicate ACK
[134031.47ms] SEND_ACK ack_num=120
[134031.50ms] RECV_UNEXPECTED seq=118 expected=120 -> duplicate ACK
[134171.68ms] SEND_ACK ack_num=120
[134171.71ms] RECV_UNEXPECTED seq=119 expected=120 -> duplicate ACK
[134271.96ms] SEND_ACK ack_num=120
[134272.01ms] RECV seq=120 len=512 accepted, expecting seq=121
[134372.26ms] SEND_ACK ack_num=121
[134372.31ms] RECV seq=121 len=512 accepted, expecting seq=122
[134472.63ms] SEND_ACK ack_num=122
[134472.66ms] RECV_UNEXPECTED seq=114 expected=122 -> duplicate ACK
[134572.93ms] SEND_ACK ack_num=122
[134572.97ms] RECV_UNEXPECTED seq=115 expected=122 -> duplicate ACK
[134673.21ms] SEND_ACK ack_num=122
[134673.24ms] RECV_UNEXPECTED seq=116 expected=122 -> duplicate ACK
[134773.45ms] SEND_ACK ack_num=122
[134773.47ms] RECV_UNEXPECTED seq=117 expected=122 -> duplicate ACK
[134873.70ms] SEND_ACK ack_num=122
[134873.73ms] RECV_UNEXPECTED seq=118 expected=122 -> duplicate ACK
[134973.93ms] SEND_ACK ack_num=122
[134973.97ms] RECV_UNEXPECTED seq=119 expected=122 -> duplicate ACK
[135074.23ms] SEND_ACK ack_num=122
[135074.25ms] RECV_UNEXPECTED seq=120 expected=122 -> duplicate ACK
[135174.47ms] SEND_ACK ack_num=122
[135174.50ms] RECV_UNEXPECTED seq=121 expected=122 -> duplicate ACK
[135274.72ms] SEND_ACK ack_num=122
[135274.75ms] RECV_UNEXPECTED seq=114 expected=122 -> duplicate ACK
[135374.94ms] SEND_ACK ack_num=122
[135374.97ms] SIM_LOSS seq=115 dropped artificially
[135374.97ms] SIM_LOSS seq=116 dropped artificially
[135374.97ms] SIM_LOSS seq=117 dropped artificially
[135374.98ms] RECV_UNEXPECTED seq=118 expected=122 -> duplicate ACK
[135475.22ms] SEND_ACK ack_num=122
[135475.25ms] RECV_UNEXPECTED seq=119 expected=122 -> duplicate ACK
[135575.47ms] SEND_ACK ack_num=122
[135575.50ms] SIM_LOSS seq=120 dropped artificially
[135575.54ms] RECV_UNEXPECTED seq=114 expected=122 -> duplicate ACK
[135675.72ms] SEND_ACK ack_num=122
[135675.75ms] RECV_UNEXPECTED seq=115 expected=122 -> duplicate ACK
[135775.95ms] SEND_ACK ack_num=122
[135775.99ms] RECV_UNEXPECTED seq=116 expected=122 -> duplicate ACK
[135876.17ms] SEND_ACK ack_num=122
[135876.21ms] RECV_UNEXPECTED seq=117 expected=122 -> duplicate ACK
[135976.41ms] SEND_ACK ack_num=122
[135976.44ms] RECV_UNEXPECTED seq=118 expected=122 -> duplicate ACK
[136076.67ms] SEND_ACK ack_num=122
[136076.71ms] RECV_UNEXPECTED seq=119 expected=122 -> duplicate ACK
[136176.92ms] SEND_ACK ack_num=122
[136176.95ms] RECV_UNEXPECTED seq=120 expected=122 -> duplicate ACK
[136277.18ms] SEND_ACK ack_num=122
[136277.20ms] RECV_UNEXPECTED seq=121 expected=122 -> duplicate ACK
[136377.44ms] SEND_ACK ack_num=122
[136377.47ms] RECV_UNEXPECTED seq=114 expected=122 -> duplicate ACK
[136477.71ms] SEND_ACK ack_num=122
[136477.74ms] RECV_UNEXPECTED seq=115 expected=122 -> duplicate ACK
[136577.92ms] SEND_ACK ack_num=122
[136577.94ms] RECV_UNEXPECTED seq=116 expected=122 -> duplicate ACK
[136678.17ms] SEND_ACK ack_num=122
[136678.24ms] RECV_UNEXPECTED seq=117 expected=122 -> duplicate ACK
[136778.46ms] SEND_ACK ack_num=122
[136778.49ms] RECV_UNEXPECTED seq=118 expected=122 -> duplicate ACK
[136878.77ms] SEND_ACK ack_num=122
[136878.81ms] RECV_UNEXPECTED seq=119 expected=122 -> duplicate ACK
[136979.05ms] SEND_ACK ack_num=122
[136979.08ms] RECV_UNEXPECTED seq=120 expected=122 -> duplicate ACK
[137079.26ms] SEND_ACK ack_num=122
[137079.29ms] RECV_UNEXPECTED seq=121 expected=122 -> duplicate ACK
[137179.44ms] SEND_ACK ack_num=122
[137179.46ms] SIM_LOSS seq=122 dropped artificially
[137179.47ms] RECV_UNEXPECTED seq=123 expected=122 -> duplicate ACK
[137279.70ms] SEND_ACK ack_num=122
[137279.74ms] RECV_UNEXPECTED seq=124 expected=122 -> duplicate ACK
[137379.93ms] SEND_ACK ack_num=122
[137379.97ms] RECV_UNEXPECTED seq=125 expected=122 -> duplicate ACK
[137480.19ms] SEND_ACK ack_num=122
[137480.21ms] RECV_UNEXPECTED seq=118 expected=122 -> duplicate ACK
[137580.41ms] SEND_ACK ack_num=122
[137580.45ms] SIM_LOSS seq=119 dropped artificially
[137580.45ms] SIM_LOSS seq=120 dropped artificially
[137580.45ms] RECV_UNEXPECTED seq=121 expected=122 -> duplicate ACK
[137680.69ms] SEND_ACK ack_num=122
[137680.72ms] RECV seq=122 len=512 accepted, expecting seq=123
[137780.92ms] SEND_ACK ack_num=123
[137780.94ms] RECV seq=123 len=512 accepted, expecting seq=124
[137881.13ms] SEND_ACK ack_num=124
[137881.16ms] RECV seq=124 len=512 accepted, expecting seq=125
[137981.35ms] SEND_ACK ack_num=125
[137981.38ms] RECV seq=125 len=512 accepted, expecting seq=126
[138081.62ms] SEND_ACK ack_num=126
[138081.66ms] RECV_UNEXPECTED seq=118 expected=126 -> duplicate ACK
[138181.86ms] SEND_ACK ack_num=126
[138181.89ms] RECV_UNEXPECTED seq=119 expected=126 -> duplicate ACK
[138282.13ms] SEND_ACK ack_num=126
[138282.16ms] SIM_LOSS seq=120 dropped artificially
[138282.17ms] RECV_UNEXPECTED seq=121 expected=126 -> duplicate ACK
[138382.39ms] SEND_ACK ack_num=126
[138382.42ms] RECV_UNEXPECTED seq=122 expected=126 -> duplicate ACK
[138482.66ms] SEND_ACK ack_num=126
[138482.69ms] RECV_UNEXPECTED seq=123 expected=126 -> duplicate ACK
[138582.91ms] SEND_ACK ack_num=126
[138582.93ms] SIM_LOSS seq=124 dropped artificially
[138582.94ms] SIM_LOSS seq=125 dropped artificially
[138582.94ms] RECV_UNEXPECTED seq=118 expected=126 -> duplicate ACK
[138683.16ms] SEND_ACK ack_num=126
[138683.19ms] RECV_UNEXPECTED seq=119 expected=126 -> duplicate ACK
[138783.44ms] SEND_ACK ack_num=126
[138783.47ms] RECV_UNEXPECTED seq=120 expected=126 -> duplicate ACK
[138883.69ms] SEND_ACK ack_num=126
[138883.72ms] RECV_UNEXPECTED seq=121 expected=126 -> duplicate ACK
[138984.11ms] SEND_ACK ack_num=126
[138984.14ms] SIM_LOSS seq=122 dropped artificially
[138984.15ms] RECV_UNEXPECTED seq=123 expected=126 -> duplicate ACK
[139084.38ms] SEND_ACK ack_num=126
[139084.42ms] RECV_UNEXPECTED seq=118 expected=126 -> duplicate ACK
[139184.70ms] SEND_ACK ack_num=126
[139184.74ms] RECV_UNEXPECTED seq=119 expected=126 -> duplicate ACK
[139284.95ms] SEND_ACK ack_num=126
[139285.02ms] RECV_UNEXPECTED seq=120 expected=126 -> duplicate ACK
[139385.20ms] SEND_ACK ack_num=126
[139385.24ms] RECV_UNEXPECTED seq=121 expected=126 -> duplicate ACK
[139485.46ms] SEND_ACK ack_num=126
[139485.49ms] RECV_UNEXPECTED seq=122 expected=126 -> duplicate ACK
[139585.69ms] SEND_ACK ack_num=126
[139585.71ms] RECV_UNEXPECTED seq=123 expected=126 -> duplicate ACK
[139685.93ms] SEND_ACK ack_num=126
[139686.00ms] RECV_UNEXPECTED seq=124 expected=126 -> duplicate ACK
[139786.23ms] SEND_ACK ack_num=126
[139786.26ms] RECV_UNEXPECTED seq=125 expected=126 -> duplicate ACK
[139886.56ms] SEND_ACK ack_num=126
[139886.59ms] RECV_UNEXPECTED seq=118 expected=126 -> duplicate ACK
[139986.80ms] SEND_ACK ack_num=126
[139986.82ms] RECV_UNEXPECTED seq=119 expected=126 -> duplicate ACK
[140087.00ms] SEND_ACK ack_num=126
[140087.03ms] RECV_UNEXPECTED seq=120 expected=126 -> duplicate ACK
[140187.20ms] SEND_ACK ack_num=126
[140187.23ms] RECV_UNEXPECTED seq=121 expected=126 -> duplicate ACK
[140287.48ms] SEND_ACK ack_num=126
[140287.50ms] RECV_UNEXPECTED seq=122 expected=126 -> duplicate ACK
[140387.72ms] SEND_ACK ack_num=126
[140387.75ms] SIM_LOSS seq=123 dropped artificially
[140387.75ms] SIM_LOSS seq=124 dropped artificially
[140387.76ms] RECV_UNEXPECTED seq=125 expected=126 -> duplicate ACK
[140487.97ms] SEND_ACK ack_num=126
[140487.99ms] RECV_UNEXPECTED seq=118 expected=126 -> duplicate ACK
[140588.20ms] SEND_ACK ack_num=126
[140588.24ms] RECV_UNEXPECTED seq=119 expected=126 -> duplicate ACK
[140688.46ms] SEND_ACK ack_num=126
[140688.50ms] RECV_UNEXPECTED seq=120 expected=126 -> duplicate ACK
[140788.66ms] SEND_ACK ack_num=126
[140788.69ms] RECV_UNEXPECTED seq=121 expected=126 -> duplicate ACK
[140888.97ms] SEND_ACK ack_num=126
[140889.01ms] RECV_UNEXPECTED seq=122 expected=126 -> duplicate ACK
[140989.23ms] SEND_ACK ack_num=126
[140989.27ms] RECV_UNEXPECTED seq=123 expected=126 -> duplicate ACK
[141089.47ms] SEND_ACK ack_num=126
[141089.50ms] RECV_UNEXPECTED seq=124 expected=126 -> duplicate ACK
[141189.70ms] SEND_ACK ack_num=126
[141189.74ms] RECV_UNEXPECTED seq=125 expected=126 -> duplicate ACK
[141289.93ms] SEND_ACK ack_num=126
[141289.97ms] RECV_UNEXPECTED seq=118 expected=126 -> duplicate ACK
[141390.15ms] SEND_ACK ack_num=126
[141390.18ms] SIM_LOSS seq=119 dropped artificially
[141390.18ms] RECV_UNEXPECTED seq=120 expected=126 -> duplicate ACK
[141490.43ms] SEND_ACK ack_num=126
[141490.47ms] SIM_LOSS seq=121 dropped artificially
[141490.48ms] RECV_UNEXPECTED seq=122 expected=126 -> duplicate ACK
[141590.66ms] SEND_ACK ack_num=126
[141590.69ms] RECV_UNEXPECTED seq=123 expected=126 -> duplicate ACK
[141690.87ms] SEND_ACK ack_num=126
[141690.89ms] SIM_LOSS seq=124 dropped artificially
[141690.90ms] RECV_UNEXPECTED seq=125 expected=126 -> duplicate ACK
[141791.07ms] SEND_ACK ack_num=126
[141791.10ms] RECV_UNEXPECTED seq=118 expected=126 -> duplicate ACK
[141891.30ms] SEND_ACK ack_num=126
[141891.33ms] RECV_UNEXPECTED seq=119 expected=126 -> duplicate ACK
[141991.50ms] SEND_ACK ack_num=126
[141991.52ms] SIM_LOSS seq=120 dropped artificially
[141991.52ms] RECV_UNEXPECTED seq=121 expected=126 -> duplicate ACK
[142091.75ms] SEND_ACK ack_num=126
[142091.81ms] SIM_LOSS seq=122 dropped artificially
[142091.82ms] RECV_UNEXPECTED seq=123 expected=126 -> duplicate ACK
[142192.04ms] SEND_ACK ack_num=126
[142192.07ms] RECV_UNEXPECTED seq=124 expected=126 -> duplicate ACK
[142292.24ms] SEND_ACK ack_num=126
[142292.26ms] RECV_UNEXPECTED seq=125 expected=126 -> duplicate ACK
[142392.47ms] SEND_ACK ack_num=126
[142392.51ms] RECV_UNEXPECTED seq=118 expected=126 -> duplicate ACK
[142492.75ms] SEND_ACK ack_num=126
[142492.79ms] RECV_UNEXPECTED seq=119 expected=126 -> duplicate ACK
[142592.98ms] SEND_ACK ack_num=126
[142593.01ms] RECV_UNEXPECTED seq=119 expected=126 -> duplicate ACK
[142693.23ms] SEND_ACK ack_num=126
[142693.26ms] RECV_UNEXPECTED seq=120 expected=126 -> duplicate ACK
[142793.46ms] SEND_ACK ack_num=126
[142793.50ms] RECV_UNEXPECTED seq=121 expected=126 -> duplicate ACK
[142893.73ms] SEND_ACK ack_num=126
[142893.75ms] RECV_UNEXPECTED seq=122 expected=126 -> duplicate ACK
[142993.92ms] SEND_ACK ack_num=126
[142993.95ms] RECV_UNEXPECTED seq=123 expected=126 -> duplicate ACK
[143094.14ms] SEND_ACK ack_num=126
[143094.18ms] SIM_LOSS seq=124 dropped artificially
[143094.19ms] RECV_UNEXPECTED seq=125 expected=126 -> duplicate ACK
[143194.41ms] SEND_ACK ack_num=126
[143194.45ms] RECV seq=126 len=512 accepted, expecting seq=127
[143294.70ms] SEND_ACK ack_num=127
[143294.75ms] RECV_UNEXPECTED seq=119 expected=127 -> duplicate ACK
[143394.94ms] SEND_ACK ack_num=127
[143394.97ms] RECV_UNEXPECTED seq=120 expected=127 -> duplicate ACK
[143495.16ms] SEND_ACK ack_num=127
[143495.19ms] RECV_UNEXPECTED seq=121 expected=127 -> duplicate ACK
[143595.42ms] SEND_ACK ack_num=127
[143595.45ms] RECV_UNEXPECTED seq=122 expected=127 -> duplicate ACK
[143695.66ms] SEND_ACK ack_num=127
[143695.70ms] RECV_UNEXPECTED seq=123 expected=127 -> duplicate ACK
[143795.88ms] SEND_ACK ack_num=127
[143795.92ms] RECV_UNEXPECTED seq=124 expected=127 -> duplicate ACK
[143896.10ms] SEND_ACK ack_num=127
[143896.12ms] RECV_UNEXPECTED seq=125 expected=127 -> duplicate ACK
[143996.34ms] SEND_ACK ack_num=127
[143996.37ms] SIM_LOSS seq=126 dropped artificially
[143996.37ms] SIM_LOSS seq=119 dropped artificially
[143996.37ms] SIM_LOSS seq=120 dropped artificially
[143996.38ms] RECV_UNEXPECTED seq=121 expected=127 -> duplicate ACK
[144096.57ms] SEND_ACK ack_num=127
[144096.61ms] RECV_UNEXPECTED seq=122 expected=127 -> duplicate ACK
[144196.78ms] SEND_ACK ack_num=127
[144196.80ms] RECV_UNEXPECTED seq=123 expected=127 -> duplicate ACK
[144297.02ms] SEND_ACK ack_num=127
[144297.06ms] SIM_LOSS seq=124 dropped artificially
[144297.06ms] SIM_LOSS seq=125 dropped artificially
[144297.06ms] SIM_LOSS seq=126 dropped artificially
[144297.06ms] SIM_LOSS seq=119 dropped artificially
[144297.07ms] RECV_UNEXPECTED seq=120 expected=127 -> duplicate ACK
[144397.27ms] SEND_ACK ack_num=127
[144397.30ms] SIM_LOSS seq=121 dropped artificially
[144397.31ms] RECV_UNEXPECTED seq=122 expected=127 -> duplicate ACK
[144497.50ms] SEND_ACK ack_num=127
[144497.52ms] RECV_UNEXPECTED seq=123 expected=127 -> duplicate ACK
[144597.73ms] SEND_ACK ack_num=127
[144597.76ms] RECV_UNEXPECTED seq=124 expected=127 -> duplicate ACK
[144697.98ms] SEND_ACK ack_num=127
[144698.02ms] SIM_LOSS seq=125 dropped artificially
[144698.02ms] RECV_UNEXPECTED seq=126 expected=127 -> duplicate ACK
[144798.24ms] SEND_ACK ack_num=127
[144798.46ms] RECV seq=127 len=512 accepted, expecting seq=128
[144898.69ms] SEND_ACK ack_num=128
[144898.72ms] RECV_UNEXPECTED seq=120 expected=128 -> duplicate ACK
[144998.97ms] SEND_ACK ack_num=128
[144999.01ms] RECV_UNEXPECTED seq=121 expected=128 -> duplicate ACK
[145099.26ms] SEND_ACK ack_num=128
[145099.29ms] RECV_UNEXPECTED seq=122 expected=128 -> duplicate ACK
[145199.50ms] SEND_ACK ack_num=128
[145199.52ms] SIM_LOSS seq=123 dropped artificially
[145199.53ms] RECV_UNEXPECTED seq=124 expected=128 -> duplicate ACK
[145299.82ms] SEND_ACK ack_num=128
[145299.85ms] RECV_UNEXPECTED seq=125 expected=128 -> duplicate ACK
[145400.06ms] SEND_ACK ack_num=128
[145400.09ms] RECV_UNEXPECTED seq=126 expected=128 -> duplicate ACK
[145500.31ms] SEND_ACK ack_num=128
[145500.33ms] RECV_UNEXPECTED seq=127 expected=128 -> duplicate ACK
[145600.52ms] SEND_ACK ack_num=128
[145600.55ms] RECV_UNEXPECTED seq=120 expected=128 -> duplicate ACK
[145700.80ms] SEND_ACK ack_num=128
[145700.91ms] SIM_LOSS seq=122 dropped artificially
[145700.91ms] RECV_UNEXPECTED seq=123 expected=128 -> duplicate ACK
[145801.10ms] SEND_ACK ack_num=128
[145801.12ms] RECV_UNEXPECTED seq=124 expected=128 -> duplicate ACK
[145901.36ms] SEND_ACK ack_num=128
[145901.39ms] RECV_UNEXPECTED seq=125 expected=128 -> duplicate ACK
[146001.65ms] SEND_ACK ack_num=128
[146001.68ms] SIM_LOSS seq=126 dropped artificially
[146001.69ms] RECV_UNEXPECTED seq=127 expected=128 -> duplicate ACK
[146101.94ms] SEND_ACK ack_num=128
[146101.97ms] RECV seq=128 len=512 accepted, expecting seq=129
[146202.25ms] SEND_ACK ack_num=129
[146202.29ms] RECV seq=129 len=512 accepted, expecting seq=130
[146302.57ms] SEND_ACK ack_num=130
[146302.61ms] RECV_UNEXPECTED seq=122 expected=130 -> duplicate ACK
[146402.87ms] SEND_ACK ack_num=130
[146402.90ms] RECV_UNEXPECTED seq=123 expected=130 -> duplicate ACK
[146503.08ms] SEND_ACK ack_num=130
[146503.12ms] RECV_UNEXPECTED seq=124 expected=130 -> duplicate ACK
[146603.34ms] SEND_ACK ack_num=130
[146603.36ms] SIM_LOSS seq=125 dropped artificially
[146603.37ms] RECV_UNEXPECTED seq=126 expected=130 -> duplicate ACK
[146703.57ms] SEND_ACK ack_num=130
[146703.61ms] RECV_UNEXPECTED seq=127 expected=130 -> duplicate ACK
[146803.87ms] SEND_ACK ack_num=130
[146803.91ms] RECV_UNEXPECTED seq=128 expected=130 -> duplicate ACK
[146904.08ms] SEND_ACK ack_num=130
[146904.11ms] RECV_UNEXPECTED seq=129 expected=130 -> duplicate ACK
[147004.31ms] SEND_ACK ack_num=130
[147004.34ms] RECV_UNEXPECTED seq=122 expected=130 -> duplicate ACK
[147104.53ms] SEND_ACK ack_num=130
[147104.56ms] RECV_UNEXPECTED seq=123 expected=130 -> duplicate ACK
[147204.75ms] SEND_ACK ack_num=130
[147204.77ms] RECV_UNEXPECTED seq=124 expected=130 -> duplicate ACK
[147304.99ms] SEND_ACK ack_num=130
[147305.02ms] RECV_UNEXPECTED seq=125 expected=130 -> duplicate ACK
[147405.21ms] SEND_ACK ack_num=130
[147405.24ms] RECV_UNEXPECTED seq=126 expected=130 -> duplicate ACK
[147505.45ms] SEND_ACK ack_num=130
[147505.47ms] RECV_UNEXPECTED seq=127 expected=130 -> duplicate ACK
[147605.68ms] SEND_ACK ack_num=130
[147605.71ms] RECV_UNEXPECTED seq=128 expected=130 -> duplicate ACK
[147705.91ms] SEND_ACK ack_num=130
[147705.94ms] RECV_UNEXPECTED seq=129 expected=130 -> duplicate ACK
[147806.13ms] SEND_ACK ack_num=130
[147806.16ms] SIM_LOSS seq=122 dropped artificially
[147806.16ms] RECV_UNEXPECTED seq=123 expected=130 -> duplicate ACK
[147906.39ms] SEND_ACK ack_num=130
[147906.43ms] RECV_UNEXPECTED seq=124 expected=130 -> duplicate ACK
[148006.67ms] SEND_ACK ack_num=130
[148006.71ms] SIM_LOSS seq=125 dropped artificially
[148006.71ms] SIM_LOSS seq=126 dropped artificially
[148006.71ms] SIM_LOSS seq=127 dropped artificially
[148006.72ms] RECV_UNEXPECTED seq=128 expected=130 -> duplicate ACK
[148106.93ms] SEND_ACK ack_num=130
[148106.95ms] RECV_UNEXPECTED seq=129 expected=130 -> duplicate ACK
[148207.15ms] SEND_ACK ack_num=130
[148207.19ms] RECV_UNEXPECTED seq=122 expected=130 -> duplicate ACK
[148307.46ms] SEND_ACK ack_num=130
[148307.50ms] RECV_UNEXPECTED seq=123 expected=130 -> duplicate ACK
[148407.68ms] SEND_ACK ack_num=130
[148407.70ms] RECV_UNEXPECTED seq=124 expected=130 -> duplicate ACK
[148507.95ms] SEND_ACK ack_num=130
[148507.99ms] RECV_UNEXPECTED seq=125 expected=130 -> duplicate ACK
[148608.21ms] SEND_ACK ack_num=130
[148608.24ms] RECV_UNEXPECTED seq=126 expected=130 -> duplicate ACK
[148708.48ms] SEND_ACK ack_num=130
[148708.50ms] RECV_UNEXPECTED seq=127 expected=130 -> duplicate ACK
[148808.71ms] SEND_ACK ack_num=130
[148808.74ms] RECV_UNEXPECTED seq=128 expected=130 -> duplicate ACK
[148909.00ms] SEND_ACK ack_num=130
[148909.03ms] RECV_UNEXPECTED seq=129 expected=130 -> duplicate ACK
[149009.23ms] SEND_ACK ack_num=130
[149009.28ms] RECV_UNEXPECTED seq=122 expected=130 -> duplicate ACK
[149109.46ms] SEND_ACK ack_num=130
[149109.50ms] RECV_UNEXPECTED seq=123 expected=130 -> duplicate ACK
[149209.74ms] SEND_ACK ack_num=130
[149209.78ms] RECV_UNEXPECTED seq=126 expected=130 -> duplicate ACK
[149309.94ms] SEND_ACK ack_num=130
[149309.97ms] SIM_LOSS seq=127 dropped artificially
[149309.97ms] SIM_LOSS seq=128 dropped artificially
[149309.97ms] SIM_LOSS seq=129 dropped artificially
[149309.98ms] RECV seq=130 len=512 accepted, expecting seq=131
[149410.16ms] SEND_ACK ack_num=131
[149410.20ms] SIM_LOSS seq=131 dropped artificially
[149410.20ms] RECV_UNEXPECTED seq=132 expected=131 -> duplicate ACK
[149510.40ms] SEND_ACK ack_num=131
[149510.43ms] RECV_UNEXPECTED seq=133 expected=131 -> duplicate ACK
[149610.65ms] SEND_ACK ack_num=131
[149610.72ms] RECV_UNEXPECTED seq=126 expected=131 -> duplicate ACK
[149710.90ms] SEND_ACK ack_num=131
[149710.93ms] RECV_UNEXPECTED seq=127 expected=131 -> duplicate ACK
[149811.20ms] SEND_ACK ack_num=131
[149811.25ms] RECV_UNEXPECTED seq=128 expected=131 -> duplicate ACK
[149911.55ms] SEND_ACK ack_num=131
[149911.60ms] RECV_UNEXPECTED seq=129 expected=131 -> duplicate ACK
[150011.78ms] SEND_ACK ack_num=131
[150011.80ms] RECV_UNEXPECTED seq=130 expected=131 -> duplicate ACK
[150112.02ms] SEND_ACK ack_num=131
[150112.06ms] RECV seq=131 len=512 accepted, expecting seq=132
[150212.28ms] SEND_ACK ack_num=132
[150212.32ms] RECV seq=132 len=512 accepted, expecting seq=133
[150312.52ms] SEND_ACK ack_num=133
[150312.56ms] SIM_LOSS seq=133 dropped artificially
[150312.56ms] RECV_UNEXPECTED seq=126 expected=133 -> duplicate ACK
[150412.76ms] SEND_ACK ack_num=133
[150412.80ms] RECV_UNEXPECTED seq=127 expected=133 -> duplicate ACK
[150513.05ms] SEND_ACK ack_num=133
[150513.09ms] RECV_UNEXPECTED seq=128 expected=133 -> duplicate ACK
[150613.26ms] SEND_ACK ack_num=133
[150613.28ms] SIM_LOSS seq=129 dropped artificially
[150613.29ms] RECV_UNEXPECTED seq=130 expected=133 -> duplicate ACK
[150713.47ms] SEND_ACK ack_num=133
[150713.50ms] SIM_LOSS seq=131 dropped artificially
[150713.51ms] RECV_UNEXPECTED seq=132 expected=133 -> duplicate ACK
[150813.71ms] SEND_ACK ack_num=133
[150813.75ms] RECV seq=133 len=512 accepted, expecting seq=134
[150913.93ms] SEND_ACK ack_num=134
[150913.95ms] RECV_UNEXPECTED seq=126 expected=134 -> duplicate ACK
[151014.18ms] SEND_ACK ack_num=134
[151014.22ms] SIM_LOSS seq=127 dropped artificially
[151014.22ms] RECV_UNEXPECTED seq=128 expected=134 -> duplicate ACK
[151114.40ms] SEND_ACK ack_num=134
[151114.43ms] SIM_LOSS seq=129 dropped artificially
[151114.44ms] RECV_UNEXPECTED seq=130 expected=134 -> duplicate ACK
[151309.45ms] SEND_ACK ack_num=134
[151309.47ms] SIM_LOSS seq=131 dropped artificially
[151309.47ms] SIM_LOSS seq=132 dropped artificially
[151309.48ms] RECV_UNEXPECTED seq=133 expected=134 -> duplicate ACK
[151409.68ms] SEND_ACK ack_num=134
[151409.72ms] RECV_UNEXPECTED seq=126 expected=134 -> duplicate ACK
[151509.89ms] SEND_ACK ack_num=134
[151509.93ms] RECV_UNEXPECTED seq=127 expected=134 -> duplicate ACK
[151610.25ms] SEND_ACK ack_num=134
[151610.28ms] RECV_UNEXPECTED seq=128 expected=134 -> duplicate ACK
[151710.50ms] SEND_ACK ack_num=134
[151710.53ms] RECV_UNEXPECTED seq=129 expected=134 -> duplicate ACK
[151810.80ms] SEND_ACK ack_num=134
[151810.83ms] RECV_UNEXPECTED seq=130 expected=134 -> duplicate ACK
[151911.14ms] SEND_ACK ack_num=134
[151911.17ms] RECV_UNEXPECTED seq=131 expected=134 -> duplicate ACK
[152011.38ms] SEND_ACK ack_num=134
[152011.42ms] RECV_UNEXPECTED seq=132 expected=134 -> duplicate ACK
[152111.64ms] SEND_ACK ack_num=134
[152111.67ms] SIM_LOSS seq=133 dropped artificially
[152111.68ms] RECV_UNEXPECTED seq=126 expected=134 -> duplicate ACK
[152211.90ms] SEND_ACK ack_num=134
[152211.92ms] RECV_UNEXPECTED seq=127 expected=134 -> duplicate ACK
[152312.25ms] SEND_ACK ack_num=134
[152312.28ms] SIM_LOSS seq=126 dropped artificially
[152312.29ms] RECV_UNEXPECTED seq=127 expected=134 -> duplicate ACK
[152412.55ms] SEND_ACK ack_num=134
[152412.59ms] SIM_LOSS seq=128 dropped artificially
[152412.60ms] RECV_UNEXPECTED seq=129 expected=134 -> duplicate ACK
[152512.88ms] SEND_ACK ack_num=134
[152512.91ms] RECV_UNEXPECTED seq=130 expected=134 -> duplicate ACK
[152613.14ms] SEND_ACK ack_num=134
[152613.17ms] RECV_UNEXPECTED seq=131 expected=134 -> duplicate ACK
[152713.38ms] SEND_ACK ack_num=134
[152713.41ms] RECV_UNEXPECTED seq=132 expected=134 -> duplicate ACK
[152813.61ms] SEND_ACK ack_num=134
[152813.64ms] RECV_UNEXPECTED seq=133 expected=134 -> duplicate ACK
[152913.84ms] SEND_ACK ack_num=134
[152913.86ms] RECV_UNEXPECTED seq=126 expected=134 -> duplicate ACK
[153014.06ms] SEND_ACK ack_num=134
[153014.08ms] RECV_UNEXPECTED seq=127 expected=134 -> duplicate ACK
[153114.34ms] SEND_ACK ack_num=134
[153114.38ms] RECV_UNEXPECTED seq=128 expected=134 -> duplicate ACK
[153214.59ms] SEND_ACK ack_num=134
[153214.61ms] RECV_UNEXPECTED seq=129 expected=134 -> duplicate ACK
[153314.81ms] SEND_ACK ack_num=134
[153314.84ms] RECV_UNEXPECTED seq=130 expected=134 -> duplicate ACK
[153415.06ms] SEND_ACK ack_num=134
[153415.09ms] RECV_UNEXPECTED seq=131 expected=134 -> duplicate ACK
[153515.32ms] SEND_ACK ack_num=134
[153515.35ms] RECV_UNEXPECTED seq=132 expected=134 -> duplicate ACK
[153615.57ms] SEND_ACK ack_num=134
[153615.60ms] RECV_UNEXPECTED seq=133 expected=134 -> duplicate ACK
[153715.88ms] SEND_ACK ack_num=134
[153715.93ms] RECV seq=134 len=512 accepted, expecting seq=135
[153816.21ms] SEND_ACK ack_num=135
[153816.25ms] RECV_UNEXPECTED seq=127 expected=135 -> duplicate ACK
[153916.47ms] SEND_ACK ack_num=135
[153916.50ms] RECV_UNEXPECTED seq=128 expected=135 -> duplicate ACK
[154016.69ms] SEND_ACK ack_num=135
[154016.71ms] RECV_UNEXPECTED seq=129 expected=135 -> duplicate ACK
[154116.94ms] SEND_ACK ack_num=135
[154116.97ms] SIM_LOSS seq=130 dropped artificially
[154116.97ms] RECV_UNEXPECTED seq=131 expected=135 -> duplicate ACK
[154217.15ms] SEND_ACK ack_num=135
[154217.17ms] RECV_UNEXPECTED seq=132 expected=135 -> duplicate ACK
[154317.72ms] SEND_ACK ack_num=135
[154317.76ms] RECV_UNEXPECTED seq=133 expected=135 -> duplicate ACK
[154418.01ms] SEND_ACK ack_num=135
[154418.03ms] RECV_UNEXPECTED seq=134 expected=135 -> duplicate ACK
[154518.25ms] SEND_ACK ack_num=135
[154518.29ms] RECV_UNEXPECTED seq=127 expected=135 -> duplicate ACK
[154618.50ms] SEND_ACK ack_num=135
[154618.53ms] RECV_UNEXPECTED seq=128 expected=135 -> duplicate ACK
[154718.70ms] SEND_ACK ack_num=135
[154718.72ms] RECV_UNEXPECTED seq=129 expected=135 -> duplicate ACK
[154818.96ms] SEND_ACK ack_num=135
[154819.00ms] RECV_UNEXPECTED seq=130 expected=135 -> duplicate ACK
[154919.22ms] SEND_ACK ack_num=135
[154919.26ms] RECV_UNEXPECTED seq=131 expected=135 -> duplicate ACK
[155019.45ms] SEND_ACK ack_num=135
[155019.47ms] RECV_UNEXPECTED seq=132 expected=135 -> duplicate ACK
[155119.72ms] SEND_ACK ack_num=135
[155119.76ms] SIM_LOSS seq=133 dropped artificially
[155119.76ms] SIM_LOSS seq=134 dropped artificially
[155119.76ms] RECV_UNEXPECTED seq=127 expected=135 -> duplicate ACK
[155219.99ms] SEND_ACK ack_num=135
[155220.02ms] RECV_UNEXPECTED seq=128 expected=135 -> duplicate ACK
[155320.24ms] SEND_ACK ack_num=135
[155320.28ms] RECV_UNEXPECTED seq=129 expected=135 -> duplicate ACK
[155420.48ms] SEND_ACK ack_num=135
[155420.52ms] RECV_UNEXPECTED seq=130 expected=135 -> duplicate ACK
[155520.71ms] SEND_ACK ack_num=135
[155520.76ms] RECV_UNEXPECTED seq=131 expected=135 -> duplicate ACK
[155620.93ms] SEND_ACK ack_num=135
[155620.95ms] RECV_UNEXPECTED seq=132 expected=135 -> duplicate ACK
[155721.17ms] SEND_ACK ack_num=135
[155721.21ms] RECV_UNEXPECTED seq=133 expected=135 -> duplicate ACK
[155821.40ms] SEND_ACK ack_num=135
[155821.44ms] RECV_UNEXPECTED seq=134 expected=135 -> duplicate ACK
[155921.62ms] SEND_ACK ack_num=135
[155921.64ms] RECV_UNEXPECTED seq=127 expected=135 -> duplicate ACK
[156021.83ms] SEND_ACK ack_num=135
[156021.86ms] SIM_LOSS seq=128 dropped artificially
[156021.87ms] RECV_UNEXPECTED seq=129 expected=135 -> duplicate ACK
[156122.11ms] SEND_ACK ack_num=135
[156122.14ms] RECV_UNEXPECTED seq=130 expected=135 -> duplicate ACK
[156222.32ms] SEND_ACK ack_num=135
[156222.35ms] SIM_LOSS seq=131 dropped artificially
[156222.35ms] RECV_UNEXPECTED seq=132 expected=135 -> duplicate ACK
[156322.56ms] SEND_ACK ack_num=135
[156322.60ms] RECV_UNEXPECTED seq=133 expected=135 -> duplicate ACK
[156422.80ms] SEND_ACK ack_num=135
[156422.84ms] RECV_UNEXPECTED seq=134 expected=135 -> duplicate ACK
[156523.05ms] SEND_ACK ack_num=135
[156523.08ms] RECV seq=135 len=512 accepted, expecting seq=136
[156623.29ms] SEND_ACK ack_num=136
[156623.33ms] RECV_UNEXPECTED seq=128 expected=136 -> duplicate ACK
[156723.57ms] SEND_ACK ack_num=136
[156723.60ms] RECV_UNEXPECTED seq=129 expected=136 -> duplicate ACK
[156823.82ms] SEND_ACK ack_num=136
[156823.85ms] RECV_UNEXPECTED seq=130 expected=136 -> duplicate ACK
[156924.02ms] SEND_ACK ack_num=136
[156924.05ms] RECV_UNEXPECTED seq=131 expected=136 -> duplicate ACK
[157024.27ms] SEND_ACK ack_num=136
[157024.31ms] RECV_UNEXPECTED seq=132 expected=136 -> duplicate ACK
[157124.51ms] SEND_ACK ack_num=136
[157124.57ms] RECV_UNEXPECTED seq=133 expected=136 -> duplicate ACK
[157224.79ms] SEND_ACK ack_num=136
[157224.87ms] RECV_UNEXPECTED seq=134 expected=136 -> duplicate ACK
[157325.08ms] SEND_ACK ack_num=136
[157325.11ms] RECV_UNEXPECTED seq=135 expected=136 -> duplicate ACK
[157425.28ms] SEND_ACK ack_num=136
[157425.31ms] RECV seq=136 len=512 accepted, expecting seq=137
[157525.52ms] SEND_ACK ack_num=137
[157525.55ms] RECV seq=137 len=512 accepted, expecting seq=138
[157625.76ms] SEND_ACK ack_num=138
[157625.79ms] RECV_UNEXPECTED seq=130 expected=138 -> duplicate ACK
[157725.96ms] SEND_ACK ack_num=138
[157725.99ms] RECV_UNEXPECTED seq=131 expected=138 -> duplicate ACK
[157826.18ms] SEND_ACK ack_num=138
[157826.21ms] RECV_UNEXPECTED seq=132 expected=138 -> duplicate ACK
[157926.40ms] SEND_ACK ack_num=138
[157926.42ms] RECV_UNEXPECTED seq=133 expected=138 -> duplicate ACK
[158026.62ms] SEND_ACK ack_num=138
[158026.65ms] RECV_UNEXPECTED seq=134 expected=138 -> duplicate ACK
[158126.85ms] SEND_ACK ack_num=138
[158126.89ms] RECV_UNEXPECTED seq=135 expected=138 -> duplicate ACK
[158227.11ms] SEND_ACK ack_num=138
[158227.13ms] RECV_UNEXPECTED seq=136 expected=138 -> duplicate ACK
[158327.38ms] SEND_ACK ack_num=138
[158327.44ms] RECV_UNEXPECTED seq=137 expected=138 -> duplicate ACK
[158427.65ms] SEND_ACK ack_num=138
[158427.68ms] RECV_UNEXPECTED seq=130 expected=138 -> duplicate ACK
[158527.86ms] SEND_ACK ack_num=138
[158527.89ms] RECV_UNEXPECTED seq=131 expected=138 -> duplicate ACK
[158628.14ms] SEND_ACK ack_num=138
[158628.18ms] RECV_UNEXPECTED seq=132 expected=138 -> duplicate ACK
[158728.39ms] SEND_ACK ack_num=138
[158728.42ms] RECV_UNEXPECTED seq=133 expected=138 -> duplicate ACK
[158828.65ms] SEND_ACK ack_num=138
[158828.67ms] RECV_UNEXPECTED seq=134 expected=138 -> duplicate ACK
[158928.93ms] SEND_ACK ack_num=138
[158928.98ms] RECV_UNEXPECTED seq=135 expected=138 -> duplicate ACK
[159029.21ms] SEND_ACK ack_num=138
[159029.24ms] RECV_UNEXPECTED seq=136 expected=138 -> duplicate ACK
[159129.43ms] SEND_ACK ack_num=138
[159129.45ms] RECV_UNEXPECTED seq=137 expected=138 -> duplicate ACK
[159229.66ms] SEND_ACK ack_num=138
[159229.69ms] RECV_UNEXPECTED seq=130 expected=138 -> duplicate ACK
[159329.95ms] SEND_ACK ack_num=138
[159329.98ms] RECV_UNEXPECTED seq=131 expected=138 -> duplicate ACK
[159430.16ms] SEND_ACK ack_num=138
[159430.19ms] RECV_UNEXPECTED seq=132 expected=138 -> duplicate ACK
[159530.42ms] SEND_ACK ack_num=138
[159530.47ms] RECV_UNEXPECTED seq=133 expected=138 -> duplicate ACK
[159630.68ms] SEND_ACK ack_num=138
[159630.72ms] RECV_UNEXPECTED seq=134 expected=138 -> duplicate ACK
[159730.94ms] SEND_ACK ack_num=138
[159730.97ms] RECV_UNEXPECTED seq=135 expected=138 -> duplicate ACK
[159831.19ms] SEND_ACK ack_num=138
[159831.22ms] RECV_UNEXPECTED seq=136 expected=138 -> duplicate ACK
[159931.45ms] SEND_ACK ack_num=138
[159931.48ms] RECV_UNEXPECTED seq=137 expected=138 -> duplicate ACK
[160031.69ms] SEND_ACK ack_num=138
[160031.71ms] SIM_LOSS seq=138 dropped artificially
[160031.72ms] RECV_UNEXPECTED seq=131 expected=138 -> duplicate ACK
[160131.91ms] SEND_ACK ack_num=138
[160131.95ms] SIM_LOSS seq=132 dropped artificially
[160131.95ms] RECV_UNEXPECTED seq=133 expected=138 -> duplicate ACK
[160232.15ms] SEND_ACK ack_num=138
[160232.18ms] RECV_UNEXPECTED seq=134 expected=138 -> duplicate ACK
[160332.37ms] SEND_ACK ack_num=138
[160332.44ms] RECV_UNEXPECTED seq=135 expected=138 -> duplicate ACK
[160432.72ms] SEND_ACK ack_num=138
[160432.76ms] RECV_UNEXPECTED seq=136 expected=138 -> duplicate ACK
[160533.08ms] SEND_ACK ack_num=138
[160533.11ms] RECV_UNEXPECTED seq=137 expected=138 -> duplicate ACK
[160633.30ms] SEND_ACK ack_num=138
[160633.33ms] SIM_LOSS seq=138 dropped artificially
[160633.33ms] RECV_UNEXPECTED seq=131 expected=138 -> duplicate ACK
[160733.59ms] SEND_ACK ack_num=138
[160733.63ms] SIM_LOSS seq=132 dropped artificially
[160733.63ms] RECV_UNEXPECTED seq=133 expected=138 -> duplicate ACK
[160833.82ms] SEND_ACK ack_num=138
[160833.86ms] RECV_UNEXPECTED seq=134 expected=138 -> duplicate ACK
[160934.04ms] SEND_ACK ack_num=138
[160934.06ms] RECV_UNEXPECTED seq=135 expected=138 -> duplicate ACK
[161034.23ms] SEND_ACK ack_num=138
[161034.26ms] RECV_UNEXPECTED seq=136 expected=138 -> duplicate ACK
[161134.54ms] SEND_ACK ack_num=138
[161134.58ms] RECV_UNEXPECTED seq=137 expected=138 -> duplicate ACK
[161234.86ms] SEND_ACK ack_num=138
[161234.89ms] RECV seq=138 len=512 accepted, expecting seq=139
[161335.09ms] SEND_ACK ack_num=139
[161335.12ms] RECV seq=139 len=512 accepted, expecting seq=140
[161435.50ms] SEND_ACK ack_num=140
[161435.58ms] RECV seq=140 len=512 accepted, expecting seq=141
[161535.82ms] SEND_ACK ack_num=141
[161535.86ms] RECV_UNEXPECTED seq=133 expected=141 -> duplicate ACK
[161636.05ms] SEND_ACK ack_num=141
[161636.09ms] RECV_UNEXPECTED seq=134 expected=141 -> duplicate ACK
[161736.30ms] SEND_ACK ack_num=141
[161736.34ms] RECV_UNEXPECTED seq=135 expected=141 -> duplicate ACK
[161836.54ms] SEND_ACK ack_num=141
[161836.57ms] SIM_LOSS seq=136 dropped artificially
[161836.57ms] RECV_UNEXPECTED seq=137 expected=141 -> duplicate ACK
[161936.97ms] SEND_ACK ack_num=141
[161937.01ms] RECV_UNEXPECTED seq=138 expected=141 -> duplicate ACK
[162067.69ms] SEND_ACK ack_num=141
[162067.73ms] SIM_LOSS seq=139 dropped artificially
[162067.74ms] RECV_UNEXPECTED seq=140 expected=141 -> duplicate ACK
[162278.74ms] SEND_ACK ack_num=141
[162278.76ms] RECV_UNEXPECTED seq=133 expected=141 -> duplicate ACK
[162378.98ms] SEND_ACK ack_num=141
[162379.02ms] RECV_UNEXPECTED seq=134 expected=141 -> duplicate ACK
[162479.36ms] SEND_ACK ack_num=141
[162479.40ms] RECV_UNEXPECTED seq=135 expected=141 -> duplicate ACK
[162579.58ms] SEND_ACK ack_num=141
[162579.60ms] RECV_UNEXPECTED seq=136 expected=141 -> duplicate ACK
[162679.80ms] SEND_ACK ack_num=141
[162679.83ms] RECV_UNEXPECTED seq=137 expected=141 -> duplicate ACK
[162780.07ms] SEND_ACK ack_num=141
[162780.10ms] SIM_LOSS seq=138 dropped artificially
[162780.10ms] RECV_UNEXPECTED seq=139 expected=141 -> duplicate ACK
[162880.27ms] SEND_ACK ack_num=141
[162880.30ms] RECV_UNEXPECTED seq=140 expected=141 -> duplicate ACK
[162980.50ms] SEND_ACK ack_num=141
[162980.53ms] RECV seq=141 len=512 accepted, expecting seq=142
[163080.78ms] SEND_ACK ack_num=142
[163080.87ms] SIM_LOSS seq=134 dropped artificially
[163080.88ms] RECV_UNEXPECTED seq=135 expected=142 -> duplicate ACK
[163181.05ms] SEND_ACK ack_num=142
[163181.09ms] RECV_UNEXPECTED seq=136 expected=142 -> duplicate ACK
[163281.29ms] SEND_ACK ack_num=142
[163281.32ms] RECV_UNEXPECTED seq=137 expected=142 -> duplicate ACK
[163381.48ms] SEND_ACK ack_num=142
[163381.51ms] RECV_UNEXPECTED seq=138 expected=142 -> duplicate ACK
[163481.73ms] SEND_ACK ack_num=142
[163481.76ms] RECV_UNEXPECTED seq=139 expected=142 -> duplicate ACK
[163581.96ms] SEND_ACK ack_num=142
[163581.99ms] SIM_LOSS seq=134 dropped artificially
[163581.99ms] RECV_UNEXPECTED seq=135 expected=142 -> duplicate ACK
[163682.25ms] SEND_ACK ack_num=142
[163682.28ms] RECV_UNEXPECTED seq=136 expected=142 -> duplicate ACK
[163782.75ms] SEND_ACK ack_num=142
[163782.78ms] RECV_UNEXPECTED seq=137 expected=142 -> duplicate ACK
[163882.96ms] SEND_ACK ack_num=142
[163882.99ms] RECV_UNEXPECTED seq=138 expected=142 -> duplicate ACK
[163983.26ms] SEND_ACK ack_num=142
[163983.28ms] RECV_UNEXPECTED seq=139 expected=142 -> duplicate ACK
[164083.54ms] SEND_ACK ack_num=142
[164083.58ms] SIM_LOSS seq=140 dropped artificially
[164083.58ms] RECV_UNEXPECTED seq=141 expected=142 -> duplicate ACK
[164183.78ms] SEND_ACK ack_num=142
[164183.82ms] RECV_UNEXPECTED seq=134 expected=142 -> duplicate ACK
[164284.00ms] SEND_ACK ack_num=142
[164284.02ms] RECV_UNEXPECTED seq=135 expected=142 -> duplicate ACK
[164384.20ms] SEND_ACK ack_num=142
[164384.23ms] RECV_UNEXPECTED seq=136 expected=142 -> duplicate ACK
[164484.43ms] SEND_ACK ack_num=142
[164484.46ms] RECV_UNEXPECTED seq=137 expected=142 -> duplicate ACK
[164584.67ms] SEND_ACK ack_num=142
[164584.70ms] RECV_UNEXPECTED seq=138 expected=142 -> duplicate ACK
[164684.93ms] SEND_ACK ack_num=142
[164684.96ms] SIM_LOSS seq=139 dropped artificially
[164684.96ms] RECV_UNEXPECTED seq=140 expected=142 -> duplicate ACK
[164785.17ms] SEND_ACK ack_num=142
[164785.20ms] SIM_LOSS seq=141 dropped artificially
[164785.21ms] RECV_UNEXPECTED seq=134 expected=142 -> duplicate ACK
[164885.37ms] SEND_ACK ack_num=142
[164885.40ms] RECV_UNEXPECTED seq=135 expected=142 -> duplicate ACK
[164985.57ms] SEND_ACK ack_num=142
[164985.60ms] RECV_UNEXPECTED seq=136 expected=142 -> duplicate ACK
[165085.90ms] SEND_ACK ack_num=142
[165085.94ms] RECV_UNEXPECTED seq=137 expected=142 -> duplicate ACK
[165186.12ms] SEND_ACK ack_num=142
[165186.14ms] RECV_UNEXPECTED seq=138 expected=142 -> duplicate ACK
[165286.34ms] SEND_ACK ack_num=142
[165286.37ms] RECV_UNEXPECTED seq=139 expected=142 -> duplicate ACK
[165386.56ms] SEND_ACK ack_num=142
[165386.59ms] RECV_UNEXPECTED seq=140 expected=142 -> duplicate ACK
[165486.78ms] SEND_ACK ack_num=142
[165486.80ms] RECV_UNEXPECTED seq=141 expected=142 -> duplicate ACK
[165587.04ms] SEND_ACK ack_num=142
[165587.07ms] RECV_UNEXPECTED seq=134 expected=142 -> duplicate ACK
[165687.23ms] SEND_ACK ack_num=142
[165687.27ms] RECV_UNEXPECTED seq=135 expected=142 -> duplicate ACK
[165787.43ms] SEND_ACK ack_num=142
[165787.45ms] RECV_UNEXPECTED seq=136 expected=142 -> duplicate ACK
[165887.68ms] SEND_ACK ack_num=142
[165887.72ms] RECV_UNEXPECTED seq=137 expected=142 -> duplicate ACK
[165987.89ms] SEND_ACK ack_num=142
[165987.92ms] RECV_UNEXPECTED seq=138 expected=142 -> duplicate ACK
[166088.07ms] SEND_ACK ack_num=142
[166088.09ms] RECV_UNEXPECTED seq=139 expected=142 -> duplicate ACK
[166188.26ms] SEND_ACK ack_num=142
[166188.29ms] RECV_UNEXPECTED seq=140 expected=142 -> duplicate ACK
[166288.46ms] SEND_ACK ack_num=142
[166288.50ms] RECV_UNEXPECTED seq=141 expected=142 -> duplicate ACK
[166388.70ms] SEND_ACK ack_num=142
[166388.72ms] SIM_LOSS seq=134 dropped artificially
[166388.72ms] RECV_UNEXPECTED seq=135 expected=142 -> duplicate ACK
[166488.97ms] SEND_ACK ack_num=142
[166489.00ms] RECV_UNEXPECTED seq=136 expected=142 -> duplicate ACK
[166589.16ms] SEND_ACK ack_num=142
[166589.20ms] SIM_LOSS seq=137 dropped artificially
[166589.20ms] RECV_UNEXPECTED seq=138 expected=142 -> duplicate ACK
[166689.42ms] SEND_ACK ack_num=142
[166689.45ms] RECV_UNEXPECTED seq=139 expected=142 -> duplicate ACK
[166789.67ms] SEND_ACK ack_num=142
[166789.72ms] RECV_UNEXPECTED seq=140 expected=142 -> duplicate ACK
[166889.91ms] SEND_ACK ack_num=142
[166889.95ms] RECV_UNEXPECTED seq=141 expected=142 -> duplicate ACK
[166990.12ms] SEND_ACK ack_num=142
[166990.15ms] RECV seq=142 len=512 accepted, expecting seq=143
[167090.32ms] SEND_ACK ack_num=143
[167090.35ms] RECV_UNEXPECTED seq=135 expected=143 -> duplicate ACK
[167190.52ms] SEND_ACK ack_num=143
[167190.55ms] SIM_LOSS seq=135 dropped artificially
[167190.56ms] RECV_UNEXPECTED seq=136 expected=143 -> duplicate ACK
[167290.73ms] SEND_ACK ack_num=143
[167290.76ms] RECV_UNEXPECTED seq=137 expected=143 -> duplicate ACK
[167390.98ms] SEND_ACK ack_num=143
[167391.01ms] RECV_UNEXPECTED seq=138 expected=143 -> duplicate ACK
[167491.19ms] SEND_ACK ack_num=143
[167491.22ms] RECV_UNEXPECTED seq=139 expected=143 -> duplicate ACK
[167591.39ms] SEND_ACK ack_num=143
[167591.43ms] RECV_UNEXPECTED seq=140 expected=143 -> duplicate ACK
[167691.61ms] SEND_ACK ack_num=143
[167691.64ms] RECV_UNEXPECTED seq=141 expected=143 -> duplicate ACK
[167791.87ms] SEND_ACK ack_num=143
[167791.90ms] RECV_UNEXPECTED seq=142 expected=143 -> duplicate ACK
[167892.11ms] SEND_ACK ack_num=143
[167892.14ms] RECV_UNEXPECTED seq=135 expected=143 -> duplicate ACK
[167992.36ms] SEND_ACK ack_num=143
[167992.39ms] RECV_UNEXPECTED seq=136 expected=143 -> duplicate ACK
[168092.58ms] SEND_ACK ack_num=143
[168092.61ms] SIM_LOSS seq=137 dropped artificially
[168092.61ms] RECV_UNEXPECTED seq=138 expected=143 -> duplicate ACK
[168192.87ms] SEND_ACK ack_num=143
[168192.90ms] RECV_UNEXPECTED seq=139 expected=143 -> duplicate ACK
[168293.07ms] SEND_ACK ack_num=143
[168293.09ms] SIM_LOSS seq=140 dropped artificially
[168293.09ms] RECV_UNEXPECTED seq=141 expected=143 -> duplicate ACK
[168393.28ms] SEND_ACK ack_num=143
[168393.31ms] RECV_UNEXPECTED seq=142 expected=143 -> duplicate ACK
[168493.49ms] SEND_ACK ack_num=143
[168493.70ms] RECV seq=143 len=512 accepted, expecting seq=144
[168593.95ms] SEND_ACK ack_num=144
[168593.97ms] SIM_LOSS seq=136 dropped artificially
[168593.98ms] SIM_LOSS seq=137 dropped artificially
[168593.99ms] RECV_UNEXPECTED seq=138 expected=144 -> duplicate ACK
[168694.16ms] SEND_ACK ack_num=144
[168694.20ms] RECV_UNEXPECTED seq=139 expected=144 -> duplicate ACK
[168794.39ms] SEND_ACK ack_num=144
[168794.42ms] RECV_UNEXPECTED seq=140 expected=144 -> duplicate ACK
[168894.61ms] SEND_ACK ack_num=144
[168894.63ms] RECV_UNEXPECTED seq=141 expected=144 -> duplicate ACK
[168994.84ms] SEND_ACK ack_num=144
[168994.87ms] SIM_LOSS seq=142 dropped artificially
[168994.88ms] SIM_LOSS seq=143 dropped artificially
[168994.88ms] RECV_UNEXPECTED seq=136 expected=144 -> duplicate ACK
[169095.09ms] SEND_ACK ack_num=144
[169095.12ms] RECV_UNEXPECTED seq=137 expected=144 -> duplicate ACK
[169195.29ms] SEND_ACK ack_num=144
[169195.31ms] RECV_UNEXPECTED seq=138 expected=144 -> duplicate ACK
[169295.51ms] SEND_ACK ack_num=144
[169295.54ms] RECV_UNEXPECTED seq=139 expected=144 -> duplicate ACK
[169395.71ms] SEND_ACK ack_num=144
[169395.74ms] RECV_UNEXPECTED seq=140 expected=144 -> duplicate ACK
[169495.88ms] SEND_ACK ack_num=144
[169495.90ms] SIM_LOSS seq=141 dropped artificially
[169495.90ms] RECV_UNEXPECTED seq=142 expected=144 -> duplicate ACK
[169596.09ms] SEND_ACK ack_num=144
[169596.13ms] RECV_UNEXPECTED seq=143 expected=144 -> duplicate ACK
[169696.34ms] SEND_ACK ack_num=144
[169696.37ms] RECV_UNEXPECTED seq=136 expected=144 -> duplicate ACK
[169796.54ms] SEND_ACK ack_num=144
[169796.56ms] RECV_UNEXPECTED seq=137 expected=144 -> duplicate ACK
[169896.80ms] SEND_ACK ack_num=144
[169896.89ms] RECV_UNEXPECTED seq=138 expected=144 -> duplicate ACK
[169997.07ms] SEND_ACK ack_num=144
[169997.11ms] RECV_UNEXPECTED seq=139 expected=144 -> duplicate ACK
[170097.27ms] SEND_ACK ack_num=144
[170097.29ms] SIM_LOSS seq=140 dropped artificially
[170097.29ms] RECV_UNEXPECTED seq=141 expected=144 -> duplicate ACK
[170197.49ms] SEND_ACK ack_num=144
[170197.52ms] SIM_LOSS seq=142 dropped artificially
[170197.53ms] RECV_UNEXPECTED seq=143 expected=144 -> duplicate ACK
[170297.76ms] SEND_ACK ack_num=144
[170297.80ms] SIM_LOSS seq=144 dropped artificially
[170297.80ms] RECV_UNEXPECTED seq=138 expected=144 -> duplicate ACK
[170397.97ms] SEND_ACK ack_num=144
[170397.99ms] RECV_UNEXPECTED seq=139 expected=144 -> duplicate ACK
[170498.17ms] SEND_ACK ack_num=144
[170498.21ms] RECV_UNEXPECTED seq=140 expected=144 -> duplicate ACK
[170598.40ms] SEND_ACK ack_num=144
[170598.43ms] SIM_LOSS seq=141 dropped artificially
[170598.44ms] RECV_UNEXPECTED seq=142 expected=144 -> duplicate ACK
[170698.67ms] SEND_ACK ack_num=144
[170698.70ms] RECV_UNEXPECTED seq=143 expected=144 -> duplicate ACK
[170798.90ms] SEND_ACK ack_num=144
[170798.94ms] SIM_LOSS seq=144 dropped artificially
[170798.94ms] SIM_LOSS seq=145 dropped artificially
[170798.95ms] SIM_LOSS seq=138 dropped artificially
[170798.97ms] RECV_UNEXPECTED seq=139 expected=144 -> duplicate ACK
[170899.17ms] SEND_ACK ack_num=144
[170899.21ms] SIM_LOSS seq=140 dropped artificially
[170899.21ms] RECV_UNEXPECTED seq=141 expected=144 -> duplicate ACK
[170999.41ms] SEND_ACK ack_num=144
[170999.44ms] RECV_UNEXPECTED seq=142 expected=144 -> duplicate ACK
[171099.68ms] SEND_ACK ack_num=144
[171099.71ms] RECV_UNEXPECTED seq=143 expected=144 -> duplicate ACK
[171199.91ms] SEND_ACK ack_num=144
[171199.95ms] RECV seq=144 len=512 accepted, expecting seq=145
[171300.16ms] SEND_ACK ack_num=145
[171300.19ms] RECV seq=145 len=512 accepted, expecting seq=146
[171400.46ms] SEND_ACK ack_num=146
[171400.49ms] RECV_UNEXPECTED seq=138 expected=146 -> duplicate ACK
[171500.70ms] SEND_ACK ack_num=146
[171500.73ms] RECV_UNEXPECTED seq=139 expected=146 -> duplicate ACK
[171600.91ms] SEND_ACK ack_num=146
[171600.94ms] RECV_UNEXPECTED seq=140 expected=146 -> duplicate ACK
[171701.12ms] SEND_ACK ack_num=146
[171701.15ms] RECV_UNEXPECTED seq=141 expected=146 -> duplicate ACK
[171801.36ms] SEND_ACK ack_num=146
[171801.43ms] RECV_UNEXPECTED seq=142 expected=146 -> duplicate ACK
[171901.63ms] SEND_ACK ack_num=146
[171901.66ms] SIM_LOSS seq=143 dropped artificially
[171901.66ms] RECV_UNEXPECTED seq=144 expected=146 -> duplicate ACK
[172001.87ms] SEND_ACK ack_num=146
[172001.90ms] RECV_UNEXPECTED seq=145 expected=146 -> duplicate ACK
[172102.11ms] SEND_ACK ack_num=146
[172102.13ms] SIM_LOSS seq=138 dropped artificially
[172102.14ms] SIM_LOSS seq=139 dropped artificially
[172102.14ms] RECV_UNEXPECTED seq=140 expected=146 -> duplicate ACK
[172202.39ms] SEND_ACK ack_num=146
[172202.42ms] RECV_UNEXPECTED seq=141 expected=146 -> duplicate ACK
[172302.60ms] SEND_ACK ack_num=146
[172302.63ms] SIM_LOSS seq=142 dropped artificially
[172302.63ms] RECV_UNEXPECTED seq=143 expected=146 -> duplicate ACK
[172402.92ms] SEND_ACK ack_num=146
[172402.95ms] RECV_UNEXPECTED seq=144 expected=146 -> duplicate ACK
[172503.24ms] SEND_ACK ack_num=146
[172503.27ms] RECV_UNEXPECTED seq=145 expected=146 -> duplicate ACK
[172603.51ms] SEND_ACK ack_num=146
[172603.56ms] SIM_LOSS seq=146 dropped artificially
[172603.57ms] RECV_UNEXPECTED seq=147 expected=146 -> duplicate ACK
[172703.83ms] SEND_ACK ack_num=146
[172703.86ms] RECV_UNEXPECTED seq=148 expected=146 -> duplicate ACK
[172804.08ms] SEND_ACK ack_num=146
[172804.11ms] RECV_UNEXPECTED seq=141 expected=146 -> duplicate ACK
[172904.31ms] SEND_ACK ack_num=146
[172904.34ms] RECV_UNEXPECTED seq=142 expected=146 -> duplicate ACK
[173004.55ms] SEND_ACK ack_num=146
[173004.58ms] RECV_UNEXPECTED seq=143 expected=146 -> duplicate ACK
[173104.81ms] SEND_ACK ack_num=146
[173104.89ms] RECV_UNEXPECTED seq=144 expected=146 -> duplicate ACK
[173205.08ms] SEND_ACK ack_num=146
[173205.11ms] RECV_UNEXPECTED seq=145 expected=146 -> duplicate ACK
[173305.28ms] SEND_ACK ack_num=146
[173305.31ms] RECV seq=146 len=512 accepted, expecting seq=147
[173405.57ms] SEND_ACK ack_num=147
[173405.59ms] SIM_LOSS seq=147 dropped artificially
[173405.60ms] RECV_UNEXPECTED seq=142 expected=147 -> duplicate ACK
[173505.76ms] SEND_ACK ack_num=147
[173505.81ms] RECV_UNEXPECTED seq=143 expected=147 -> duplicate ACK
[173606.07ms] SEND_ACK ack_num=147
[173606.11ms] RECV_UNEXPECTED seq=144 expected=147 -> duplicate ACK
[173706.29ms] SEND_ACK ack_num=147
[173706.32ms] RECV_UNEXPECTED seq=145 expected=147 -> duplicate ACK
[173806.55ms] SEND_ACK ack_num=147
[173806.59ms] RECV_UNEXPECTED seq=146 expected=147 -> duplicate ACK
[173906.83ms] SEND_ACK ack_num=147
[173906.87ms] RECV seq=147 len=512 accepted, expecting seq=148
[174007.04ms] SEND_ACK ack_num=148
[174007.06ms] RECV seq=148 len=512 accepted, expecting seq=149
[174107.28ms] SEND_ACK ack_num=149
[174107.32ms] RECV seq=149 len=512 accepted, expecting seq=150
[174207.52ms] SEND_ACK ack_num=150
[174207.55ms] RECV_UNEXPECTED seq=142 expected=150 -> duplicate ACK
[174319.57ms] SEND_ACK ack_num=150
[174319.61ms] RECV_UNEXPECTED seq=143 expected=150 -> duplicate ACK
[174419.92ms] SEND_ACK ack_num=150
[174419.96ms] RECV_UNEXPECTED seq=144 expected=150 -> duplicate ACK
[174520.18ms] SEND_ACK ack_num=150
[174520.22ms] RECV_UNEXPECTED seq=145 expected=150 -> duplicate ACK
[174620.53ms] SEND_ACK ack_num=150
[174620.57ms] SIM_LOSS seq=146 dropped artificially
[174620.57ms] SIM_LOSS seq=147 dropped artificially
[174620.58ms] RECV_UNEXPECTED seq=148 expected=150 -> duplicate ACK
[174720.81ms] SEND_ACK ack_num=150
[174720.90ms] RECV_UNEXPECTED seq=149 expected=150 -> duplicate ACK
[174821.17ms] SEND_ACK ack_num=150
[174821.20ms] RECV_UNEXPECTED seq=142 expected=150 -> duplicate ACK
[174921.40ms] SEND_ACK ack_num=150
[174921.43ms] RECV_UNEXPECTED seq=143 expected=150 -> duplicate ACK
[175021.62ms] SEND_ACK ack_num=150
[175021.65ms] RECV_UNEXPECTED seq=144 expected=150 -> duplicate ACK
[175121.84ms] SEND_ACK ack_num=150
[175121.86ms] RECV_UNEXPECTED seq=145 expected=150 -> duplicate ACK
[175222.10ms] SEND_ACK ack_num=150
[175222.14ms] RECV_UNEXPECTED seq=146 expected=150 -> duplicate ACK
[175322.39ms] SEND_ACK ack_num=150
[175322.42ms] RECV_UNEXPECTED seq=147 expected=150 -> duplicate ACK
[175422.63ms] SEND_ACK ack_num=150
[175422.66ms] RECV_UNEXPECTED seq=148 expected=150 -> duplicate ACK
[175523.02ms] SEND_ACK ack_num=150
[175523.06ms] RECV_UNEXPECTED seq=149 expected=150 -> duplicate ACK
[175623.29ms] SEND_ACK ack_num=150
[175623.32ms] RECV_UNEXPECTED seq=142 expected=150 -> duplicate ACK
[175723.53ms] SEND_ACK ack_num=150
[175723.56ms] SIM_LOSS seq=143 dropped artificially
[175723.56ms] RECV_UNEXPECTED seq=144 expected=150 -> duplicate ACK
[175823.83ms] SEND_ACK ack_num=150
[175823.87ms] RECV_UNEXPECTED seq=145 expected=150 -> duplicate ACK
[175924.15ms] SEND_ACK ack_num=150
[175924.22ms] RECV_UNEXPECTED seq=146 expected=150 -> duplicate ACK
[176024.43ms] SEND_ACK ack_num=150
[176024.46ms] RECV_UNEXPECTED seq=147 expected=150 -> duplicate ACK
[176124.63ms] SEND_ACK ack_num=150
[176124.66ms] RECV_UNEXPECTED seq=148 expected=150 -> duplicate ACK
[176224.91ms] SEND_ACK ack_num=150
[176224.95ms] RECV_UNEXPECTED seq=149 expected=150 -> duplicate ACK
[176325.15ms] SEND_ACK ack_num=150
[176325.21ms] RECV_UNEXPECTED seq=142 expected=150 -> duplicate ACK
[176425.43ms] SEND_ACK ack_num=150
[176425.46ms] RECV_UNEXPECTED seq=143 expected=150 -> duplicate ACK
[176525.69ms] SEND_ACK ack_num=150
[176525.72ms] RECV_UNEXPECTED seq=144 expected=150 -> duplicate ACK
[176625.95ms] SEND_ACK ack_num=150
[176625.97ms] SIM_LOSS seq=145 dropped artificially
[176625.98ms] SIM_LOSS seq=146 dropped artificially
[176625.98ms] SIM_LOSS seq=147 dropped artificially
[176625.98ms] RECV_UNEXPECTED seq=148 expected=150 -> duplicate ACK
[176726.23ms] SEND_ACK ack_num=150
[176726.26ms] SIM_LOSS seq=149 dropped artificially
[176726.27ms] RECV_UNEXPECTED seq=142 expected=150 -> duplicate ACK
[176826.50ms] SEND_ACK ack_num=150
[176826.53ms] RECV_UNEXPECTED seq=143 expected=150 -> duplicate ACK
[176926.74ms] SEND_ACK ack_num=150
[176926.77ms] RECV_UNEXPECTED seq=143 expected=150 -> duplicate ACK
[177027.05ms] SEND_ACK ack_num=150
[177027.09ms] RECV_UNEXPECTED seq=144 expected=150 -> duplicate ACK
[177127.32ms] SEND_ACK ack_num=150
[177127.36ms] RECV_UNEXPECTED seq=145 expected=150 -> duplicate ACK
[177227.56ms] SEND_ACK ack_num=150
[177227.59ms] RECV_UNEXPECTED seq=146 expected=150 -> duplicate ACK
[177327.79ms] SEND_ACK ack_num=150
[177327.82ms] RECV_UNEXPECTED seq=147 expected=150 -> duplicate ACK
[177428.05ms] SEND_ACK ack_num=150
[177428.12ms] RECV_UNEXPECTED seq=148 expected=150 -> duplicate ACK
[177528.42ms] SEND_ACK ack_num=150
[177528.46ms] SIM_LOSS seq=149 dropped artificially
[177528.47ms] RECV seq=150 len=512 accepted, expecting seq=151
[177628.72ms] SEND_ACK ack_num=151
[177628.76ms] RECV_UNEXPECTED seq=143 expected=151 -> duplicate ACK
[177728.98ms] SEND_ACK ack_num=151
[177729.01ms] RECV_UNEXPECTED seq=144 expected=151 -> duplicate ACK
[177829.24ms] SEND_ACK ack_num=151
[177829.28ms] RECV_UNEXPECTED seq=145 expected=151 -> duplicate ACK
[177929.53ms] SEND_ACK ack_num=151
[177929.57ms] SIM_LOSS seq=146 dropped artificially
[177929.57ms] SIM_LOSS seq=147 dropped artificially
[177929.57ms] RECV_UNEXPECTED seq=148 expected=151 -> duplicate ACK
[178029.80ms] SEND_ACK ack_num=151
[178029.83ms] RECV_UNEXPECTED seq=149 expected=151 -> duplicate ACK
[178130.10ms] SEND_ACK ack_num=151
[178130.14ms] RECV_UNEXPECTED seq=150 expected=151 -> duplicate ACK
[178230.35ms] SEND_ACK ack_num=151
[178230.38ms] SIM_LOSS seq=143 dropped artificially
[178230.38ms] RECV_UNEXPECTED seq=144 expected=151 -> duplicate ACK
[178330.71ms] SEND_ACK ack_num=151
[178330.75ms] RECV_UNEXPECTED seq=145 expected=151 -> duplicate ACK
[178430.98ms] SEND_ACK ack_num=151
[178431.04ms] SIM_LOSS seq=146 dropped artificially
[178431.04ms] RECV_UNEXPECTED seq=147 expected=151 -> duplicate ACK
[178531.27ms] SEND_ACK ack_num=151
[178531.29ms] SIM_LOSS seq=148 dropped artificially
[178531.30ms] SIM_LOSS seq=149 dropped artificially
[178531.30ms] RECV_UNEXPECTED seq=150 expected=151 -> duplicate ACK
[178631.55ms] SEND_ACK ack_num=151
[178631.59ms] RECV_UNEXPECTED seq=143 expected=151 -> duplicate ACK
[178731.79ms] SEND_ACK ack_num=151
[178731.82ms] RECV_UNEXPECTED seq=144 expected=151 -> duplicate ACK
[178832.10ms] SEND_ACK ack_num=151
[178832.12ms] RECV_UNEXPECTED seq=145 expected=151 -> duplicate ACK
[178932.36ms] SEND_ACK ack_num=151
[178932.40ms] SIM_LOSS seq=146 dropped artificially
[178932.41ms] RECV_UNEXPECTED seq=147 expected=151 -> duplicate ACK
[179032.65ms] SEND_ACK ack_num=151
[179032.69ms] SIM_LOSS seq=148 dropped artificially
[179032.69ms] RECV_UNEXPECTED seq=149 expected=151 -> duplicate ACK
[179132.89ms] SEND_ACK ack_num=151
[179132.93ms] RECV_UNEXPECTED seq=150 expected=151 -> duplicate ACK
[179233.17ms] SEND_ACK ack_num=151
[179233.21ms] RECV_UNEXPECTED seq=143 expected=151 -> duplicate ACK
[179333.44ms] SEND_ACK ack_num=151
[179333.47ms] RECV_UNEXPECTED seq=144 expected=151 -> duplicate ACK
[179433.64ms] SEND_ACK ack_num=151
[179433.66ms] RECV_UNEXPECTED seq=145 expected=151 -> duplicate ACK
[179533.82ms] SEND_ACK ack_num=151
[179533.86ms] SIM_LOSS seq=146 dropped artificially
[179533.86ms] RECV_UNEXPECTED seq=147 expected=151 -> duplicate ACK
[179634.06ms] SEND_ACK ack_num=151
[179634.10ms] RECV_UNEXPECTED seq=148 expected=151 -> duplicate ACK
[179734.25ms] SEND_ACK ack_num=151
[179734.28ms] RECV_UNEXPECTED seq=149 expected=151 -> duplicate ACK
[179834.57ms] SEND_ACK ack_num=151
[179834.61ms] SIM_LOSS seq=150 dropped artificially
[179834.62ms] RECV seq=151 len=512 accepted, expecting seq=152
[179934.77ms] SEND_ACK ack_num=152
[179934.80ms] RECV_UNEXPECTED seq=144 expected=152 -> duplicate ACK
[180035.01ms] SEND_ACK ack_num=152
[180035.05ms] RECV_UNEXPECTED seq=144 expected=152 -> duplicate ACK
[180135.27ms] SEND_ACK ack_num=152
[180135.30ms] SIM_LOSS seq=145 dropped artificially
[180135.31ms] RECV_UNEXPECTED seq=146 expected=152 -> duplicate ACK
[180235.49ms] SEND_ACK ack_num=152
[180235.52ms] RECV_UNEXPECTED seq=147 expected=152 -> duplicate ACK
[180335.73ms] SEND_ACK ack_num=152
[180335.76ms] RECV_UNEXPECTED seq=148 expected=152 -> duplicate ACK
[180436.00ms] SEND_ACK ack_num=152
[180436.03ms] RECV_UNEXPECTED seq=149 expected=152 -> duplicate ACK
[180536.21ms] SEND_ACK ack_num=152
[180536.24ms] RECV_UNEXPECTED seq=150 expected=152 -> duplicate ACK
[180636.43ms] SEND_ACK ack_num=152
[180636.46ms] RECV_UNEXPECTED seq=151 expected=152 -> duplicate ACK
[180736.67ms] SEND_ACK ack_num=152
[180736.70ms] RECV_UNEXPECTED seq=144 expected=152 -> duplicate ACK
[180836.91ms] SEND_ACK ack_num=152
[180836.93ms] RECV_UNEXPECTED seq=145 expected=152 -> duplicate ACK
[180937.19ms] SEND_ACK ack_num=152
[180937.23ms] RECV_UNEXPECTED seq=146 expected=152 -> duplicate ACK
[181037.41ms] SEND_ACK ack_num=152
[181037.44ms] RECV_UNEXPECTED seq=147 expected=152 -> duplicate ACK
[181137.67ms] SEND_ACK ack_num=152
[181137.69ms] RECV_UNEXPECTED seq=148 expected=152 -> duplicate ACK
[181237.93ms] SEND_ACK ack_num=152
[181237.96ms] SIM_LOSS seq=149 dropped artificially
[181237.97ms] RECV_UNEXPECTED seq=150 expected=152 -> duplicate ACK
[181338.17ms] SEND_ACK ack_num=152
[181338.21ms] RECV_UNEXPECTED seq=151 expected=152 -> duplicate ACK
[181438.38ms] SEND_ACK ack_num=152
[181438.40ms] SIM_LOSS seq=144 dropped artificially
[181438.41ms] RECV_UNEXPECTED seq=145 expected=152 -> duplicate ACK
[181538.61ms] SEND_ACK ack_num=152
[181538.64ms] RECV_UNEXPECTED seq=146 expected=152 -> duplicate ACK
[181638.87ms] SEND_ACK ack_num=152
[181638.91ms] RECV_UNEXPECTED seq=147 expected=152 -> duplicate ACK
[181739.12ms] SEND_ACK ack_num=152
[181739.14ms] RECV_UNEXPECTED seq=148 expected=152 -> duplicate ACK
[181839.38ms] SEND_ACK ack_num=152
[181839.41ms] RECV_UNEXPECTED seq=149 expected=152 -> duplicate ACK
[181939.62ms] SEND_ACK ack_num=152
[181939.65ms] RECV_UNEXPECTED seq=150 expected=152 -> duplicate ACK
[182039.86ms] SEND_ACK ack_num=152
[182039.88ms] RECV_UNEXPECTED seq=151 expected=152 -> duplicate ACK
[182140.08ms] SEND_ACK ack_num=152
[182140.12ms] SIM_LOSS seq=152 dropped artificially
[182140.12ms] RECV_UNEXPECTED seq=153 expected=152 -> duplicate ACK
[182240.33ms] SEND_ACK ack_num=152
[182240.37ms] RECV_UNEXPECTED seq=146 expected=152 -> duplicate ACK
[182340.58ms] SEND_ACK ack_num=152
[182340.61ms] RECV_UNEXPECTED seq=147 expected=152 -> duplicate ACK
[182440.92ms] SEND_ACK ack_num=152
[182440.95ms] SIM_LOSS seq=148 dropped artificially
[182440.95ms] RECV_UNEXPECTED seq=149 expected=152 -> duplicate ACK
[182541.17ms] SEND_ACK ack_num=152
[182541.20ms] SIM_LOSS seq=150 dropped artificially
[182541.21ms] RECV_UNEXPECTED seq=151 expected=152 -> duplicate ACK
[182641.42ms] SEND_ACK ack_num=152
[182641.45ms] RECV seq=152 len=512 accepted, expecting seq=153
[182741.87ms] SEND_ACK ack_num=153
[182741.92ms] SIM_LOSS seq=153 dropped artificially
[182741.92ms] RECV_UNEXPECTED seq=146 expected=153 -> duplicate ACK
[182842.14ms] SEND_ACK ack_num=153
[182842.19ms] RECV_UNEXPECTED seq=147 expected=153 -> duplicate ACK
[182942.42ms] SEND_ACK ack_num=153
[182942.46ms] RECV_UNEXPECTED seq=148 expected=153 -> duplicate ACK
[183042.68ms] SEND_ACK ack_num=153
[183042.70ms] RECV_UNEXPECTED seq=149 expected=153 -> duplicate ACK
[183142.91ms] SEND_ACK ack_num=153
[183142.94ms] RECV_UNEXPECTED seq=150 expected=153 -> duplicate ACK
[183243.13ms] SEND_ACK ack_num=153
[183243.17ms] RECV_UNEXPECTED seq=151 expected=153 -> duplicate ACK
[183343.41ms] SEND_ACK ack_num=153
[183343.43ms] RECV_UNEXPECTED seq=152 expected=153 -> duplicate ACK
[183443.72ms] SEND_ACK ack_num=153
[183443.75ms] RECV seq=153 len=512 accepted, expecting seq=154
[183543.97ms] SEND_ACK ack_num=154
[183544.01ms] RECV_UNEXPECTED seq=147 expected=154 -> duplicate ACK
[183644.22ms] SEND_ACK ack_num=154
[183644.26ms] RECV_UNEXPECTED seq=148 expected=154 -> duplicate ACK
[183744.47ms] SEND_ACK ack_num=154
[183744.51ms] RECV_UNEXPECTED seq=149 expected=154 -> duplicate ACK
[183844.73ms] SEND_ACK ack_num=154
[183844.76ms] RECV_UNEXPECTED seq=150 expected=154 -> duplicate ACK
[183944.96ms] SEND_ACK ack_num=154
[183945.00ms] RECV_UNEXPECTED seq=151 expected=154 -> duplicate ACK
[184045.22ms] SEND_ACK ack_num=154
[184045.26ms] RECV_UNEXPECTED seq=152 expected=154 -> duplicate ACK
[184145.46ms] SEND_ACK ack_num=154
[184145.48ms] RECV_UNEXPECTED seq=153 expected=154 -> duplicate ACK
[184245.72ms] SEND_ACK ack_num=154
[184245.75ms] SIM_LOSS seq=154 dropped artificially
[184245.76ms] SIM_LOSS seq=147 dropped artificially
[184245.76ms] RECV_UNEXPECTED seq=148 expected=154 -> duplicate ACK
[184345.92ms] SEND_ACK ack_num=154
[184345.96ms] RECV_UNEXPECTED seq=149 expected=154 -> duplicate ACK
[184446.14ms] SEND_ACK ack_num=154
[184446.16ms] SIM_LOSS seq=150 dropped artificially
[184446.17ms] RECV_UNEXPECTED seq=151 expected=154 -> duplicate ACK
[184546.36ms] SEND_ACK ack_num=154
[184546.40ms] RECV_UNEXPECTED seq=152 expected=154 -> duplicate ACK
[184646.61ms] SEND_ACK ack_num=154
[184646.64ms] RECV_UNEXPECTED seq=153 expected=154 -> duplicate ACK
[184746.80ms] SEND_ACK ack_num=154
[184746.83ms] RECV seq=154 len=512 accepted, expecting seq=155
[184847.05ms] SEND_ACK ack_num=155
[184847.08ms] RECV seq=155 len=512 accepted, expecting seq=156
[184947.28ms] SEND_ACK ack_num=156
[184947.31ms] SIM_LOSS seq=156 dropped artificially
[184947.32ms] RECV_UNEXPECTED seq=157 expected=156 -> duplicate ACK
[185047.49ms] SEND_ACK ack_num=156
[185047.54ms] RECV_UNEXPECTED seq=150 expected=156 -> duplicate ACK
[185147.83ms] SEND_ACK ack_num=156
[185147.86ms] SIM_LOSS seq=151 dropped artificially
[185147.87ms] RECV_UNEXPECTED seq=152 expected=156 -> duplicate ACK
[185248.09ms] SEND_ACK ack_num=156
[185248.12ms] SIM_LOSS seq=153 dropped artificially
[185248.13ms] RECV_UNEXPECTED seq=154 expected=156 -> duplicate ACK
[185348.31ms] SEND_ACK ack_num=156
[185348.35ms] RECV_UNEXPECTED seq=155 expected=156 -> duplicate ACK
[185448.57ms] SEND_ACK ack_num=156
[185448.60ms] SIM_LOSS seq=156 dropped artificially
[185448.61ms] RECV_UNEXPECTED seq=157 expected=156 -> duplicate ACK
[185548.79ms] SEND_ACK ack_num=156
[185548.85ms] RECV_UNEXPECTED seq=150 expected=156 -> duplicate ACK
[185649.03ms] SEND_ACK ack_num=156
[185649.07ms] RECV_UNEXPECTED seq=151 expected=156 -> duplicate ACK
[185749.30ms] SEND_ACK ack_num=156
[185749.34ms] RECV_UNEXPECTED seq=152 expected=156 -> duplicate ACK
[185849.56ms] SEND_ACK ack_num=156
[185849.58ms] RECV_UNEXPECTED seq=153 expected=156 -> duplicate ACK
[185949.82ms] SEND_ACK ack_num=156
[185949.85ms] RECV_UNEXPECTED seq=154 expected=156 -> duplicate ACK
[186060.31ms] SEND_ACK ack_num=156
[186060.36ms] RECV_UNEXPECTED seq=155 expected=156 -> duplicate ACK
[186160.54ms] SEND_ACK ack_num=156
[186160.58ms] SIM_LOSS seq=156 dropped artificially
[186160.59ms] SIM_LOSS seq=157 dropped artificially
[186160.59ms] RECV_UNEXPECTED seq=150 expected=156 -> duplicate ACK
[186260.81ms] SEND_ACK ack_num=156
[186260.90ms] RECV_UNEXPECTED seq=151 expected=156 -> duplicate ACK
[186361.11ms] SEND_ACK ack_num=156
[186361.14ms] SIM_LOSS seq=152 dropped artificially
[186361.15ms] RECV_UNEXPECTED seq=153 expected=156 -> duplicate ACK
[186461.34ms] SEND_ACK ack_num=156
[186461.37ms] RECV_UNEXPECTED seq=154 expected=156 -> duplicate ACK
[186561.57ms] SEND_ACK ack_num=156
[186561.60ms] RECV_UNEXPECTED seq=155 expected=156 -> duplicate ACK
[186661.79ms] SEND_ACK ack_num=156
[186661.82ms] RECV seq=156 len=512 accepted, expecting seq=157
[186762.06ms] SEND_ACK ack_num=157
[186762.09ms] RECV_UNEXPECTED seq=150 expected=157 -> duplicate ACK
[186862.24ms] SEND_ACK ack_num=157
[186862.27ms] SIM_LOSS seq=151 dropped artificially
[186862.27ms] SIM_LOSS seq=152 dropped artificially
[186862.28ms] RECV_UNEXPECTED seq=153 expected=157 -> duplicate ACK
[186962.50ms] SEND_ACK ack_num=157
[186962.53ms] RECV_UNEXPECTED seq=154 expected=157 -> duplicate ACK
[187062.73ms] SEND_ACK ack_num=157
[187062.77ms] RECV_UNEXPECTED seq=155 expected=157 -> duplicate ACK
[187162.99ms] SEND_ACK ack_num=157
[187163.02ms] SIM_LOSS seq=156 dropped artificially
[187163.03ms] RECV seq=157 len=512 accepted, expecting seq=158
[187263.27ms] SEND_ACK ack_num=158
[187263.30ms] SIM_LOSS seq=150 dropped artificially
[187263.30ms] RECV_UNEXPECTED seq=151 expected=158 -> duplicate ACK
[187363.49ms] SEND_ACK ack_num=158
[187363.53ms] RECV_UNEXPECTED seq=152 expected=158 -> duplicate ACK
[187463.81ms] SEND_ACK ack_num=158
[187463.85ms] RECV_UNEXPECTED seq=153 expected=158 -> duplicate ACK
[187564.08ms] SEND_ACK ack_num=158
[187564.10ms] RECV_UNEXPECTED seq=154 expected=158 -> duplicate ACK
[187664.39ms] SEND_ACK ack_num=158
[187664.42ms] RECV_UNEXPECTED seq=155 expected=158 -> duplicate ACK
[187764.66ms] SEND_ACK ack_num=158
[187764.69ms] SIM_LOSS seq=156 dropped artificially
[187764.70ms] SIM_LOSS seq=157 dropped artificially
[187764.70ms] RECV seq=158 len=512 accepted, expecting seq=159
[187864.93ms] SEND_ACK ack_num=159
[187864.95ms] RECV_UNEXPECTED seq=151 expected=159 -> duplicate ACK
[187965.14ms] SEND_ACK ack_num=159
[187965.17ms] RECV_UNEXPECTED seq=152 expected=159 -> duplicate ACK
[188065.40ms] SEND_ACK ack_num=159
[188065.43ms] RECV_UNEXPECTED seq=153 expected=159 -> duplicate ACK
[188165.62ms] SEND_ACK ack_num=159
[188165.65ms] RECV_UNEXPECTED seq=154 expected=159 -> duplicate ACK
[188265.87ms] SEND_ACK ack_num=159
[188265.90ms] RECV_UNEXPECTED seq=155 expected=159 -> duplicate ACK
[188366.12ms] SEND_ACK ack_num=159
[188366.15ms] RECV_UNEXPECTED seq=156 expected=159 -> duplicate ACK
[188466.40ms] SEND_ACK ack_num=159
[188466.42ms] RECV_UNEXPECTED seq=157 expected=159 -> duplicate ACK
[188566.60ms] SEND_ACK ack_num=159
[188566.63ms] SIM_LOSS seq=158 dropped artificially
[188566.64ms] SIM_LOSS seq=151 dropped artificially
[188566.64ms] RECV_UNEXPECTED seq=152 expected=159 -> duplicate ACK
[188666.84ms] SEND_ACK ack_num=159
[188666.87ms] SIM_LOSS seq=153 dropped artificially
[188666.88ms] SIM_LOSS seq=154 dropped artificially
[188666.88ms] RECV_UNEXPECTED seq=155 expected=159 -> duplicate ACK
[188767.07ms] SEND_ACK ack_num=159
[188767.09ms] RECV_UNEXPECTED seq=156 expected=159 -> duplicate ACK
[188867.29ms] SEND_ACK ack_num=159
[188867.33ms] SIM_LOSS seq=157 dropped artificially
[188867.34ms] RECV_UNEXPECTED seq=158 expected=159 -> duplicate ACK
[188967.50ms] SEND_ACK ack_num=159
[188967.54ms] SIM_LOSS seq=151 dropped artificially
[188967.54ms] RECV_UNEXPECTED seq=152 expected=159 -> duplicate ACK
[189067.74ms] SEND_ACK ack_num=159
[189067.78ms] RECV_UNEXPECTED seq=153 expected=159 -> duplicate ACK
[189167.98ms] SEND_ACK ack_num=159
[189168.02ms] SIM_LOSS seq=154 dropped artificially
[189168.02ms] RECV_UNEXPECTED seq=155 expected=159 -> duplicate ACK
[189268.24ms] SEND_ACK ack_num=159
[189268.28ms] RECV_UNEXPECTED seq=156 expected=159 -> duplicate ACK
[189368.47ms] SEND_ACK ack_num=159
[189368.49ms] RECV_UNEXPECTED seq=157 expected=159 -> duplicate ACK
[189468.72ms] SEND_ACK ack_num=159
[189468.75ms] RECV_UNEXPECTED seq=158 expected=159 -> duplicate ACK
[189568.92ms] SEND_ACK ack_num=159
[189568.96ms] RECV_UNEXPECTED seq=151 expected=159 -> duplicate ACK
[189669.18ms] SEND_ACK ack_num=159
[189669.21ms] RECV_UNEXPECTED seq=152 expected=159 -> duplicate ACK
[189769.44ms] SEND_ACK ack_num=159
[189769.48ms] RECV_UNEXPECTED seq=153 expected=159 -> duplicate ACK
[189869.70ms] SEND_ACK ack_num=159
[189869.73ms] RECV_UNEXPECTED seq=154 expected=159 -> duplicate ACK
[189969.95ms] SEND_ACK ack_num=159
[189969.97ms] RECV_UNEXPECTED seq=155 expected=159 -> duplicate ACK
[190070.28ms] SEND_ACK ack_num=159
[190070.32ms] RECV_UNEXPECTED seq=156 expected=159 -> duplicate ACK
[190170.50ms] SEND_ACK ack_num=159
[190170.53ms] RECV_UNEXPECTED seq=157 expected=159 -> duplicate ACK
[190270.71ms] SEND_ACK ack_num=159
[190270.73ms] RECV_UNEXPECTED seq=158 expected=159 -> duplicate ACK
[190370.93ms] SEND_ACK ack_num=159
[190371.00ms] RECV seq=159 len=512 accepted, expecting seq=160
[190471.22ms] SEND_ACK ack_num=160
[190471.25ms] RECV_UNEXPECTED seq=152 expected=160 -> duplicate ACK
[190571.43ms] SEND_ACK ack_num=160
[190571.46ms] RECV_UNEXPECTED seq=153 expected=160 -> duplicate ACK
[190671.72ms] SEND_ACK ack_num=160
[190671.75ms] RECV_UNEXPECTED seq=154 expected=160 -> duplicate ACK
[190771.93ms] SEND_ACK ack_num=160
[190771.95ms] RECV_UNEXPECTED seq=155 expected=160 -> duplicate ACK
[190872.17ms] SEND_ACK ack_num=160
[190872.20ms] RECV_UNEXPECTED seq=156 expected=160 -> duplicate ACK
[190972.39ms] SEND_ACK ack_num=160
[190972.42ms] SIM_LOSS seq=157 dropped artificially
[190972.42ms] RECV_UNEXPECTED seq=158 expected=160 -> duplicate ACK
[191072.62ms] SEND_ACK ack_num=160
[191072.64ms] RECV_UNEXPECTED seq=159 expected=160 -> duplicate ACK
[191172.90ms] SEND_ACK ack_num=160
[191172.94ms] RECV_UNEXPECTED seq=152 expected=160 -> duplicate ACK
[191273.14ms] SEND_ACK ack_num=160
[191273.17ms] RECV_UNEXPECTED seq=153 expected=160 -> duplicate ACK
[191373.36ms] SEND_ACK ack_num=160
[191373.39ms] RECV_UNEXPECTED seq=154 expected=160 -> duplicate ACK
[191473.59ms] SEND_ACK ack_num=160
[191473.63ms] RECV_UNEXPECTED seq=155 expected=160 -> duplicate ACK
[191573.79ms] SEND_ACK ack_num=160
[191573.83ms] RECV_UNEXPECTED seq=156 expected=160 -> duplicate ACK
[191674.04ms] SEND_ACK ack_num=160
[191674.07ms] RECV_UNEXPECTED seq=157 expected=160 -> duplicate ACK
[191774.27ms] SEND_ACK ack_num=160
[191774.30ms] RECV_UNEXPECTED seq=158 expected=160 -> duplicate ACK
[191874.48ms] SEND_ACK ack_num=160
[191874.51ms] RECV_UNEXPECTED seq=159 expected=160 -> duplicate ACK
[191974.69ms] SEND_ACK ack_num=160
[191974.71ms] RECV_UNEXPECTED seq=152 expected=160 -> duplicate ACK
[192074.90ms] SEND_ACK ack_num=160
[192074.95ms] SIM_LOSS seq=153 dropped artificially
[192074.95ms] SIM_LOSS seq=154 dropped artificially
[192074.99ms] RECV_UNEXPECTED seq=155 expected=160 -> duplicate ACK
[192175.26ms] SEND_ACK ack_num=160
[192175.30ms] RECV_UNEXPECTED seq=156 expected=160 -> duplicate ACK
[192275.50ms] SEND_ACK ack_num=160
[192275.53ms] SIM_LOSS seq=157 dropped artificially
[192275.54ms] RECV_UNEXPECTED seq=158 expected=160 -> duplicate ACK
[192375.78ms] SEND_ACK ack_num=160
[192375.81ms] RECV_UNEXPECTED seq=159 expected=160 -> duplicate ACK
[192476.10ms] SEND_ACK ack_num=160
[192476.14ms] RECV_UNEXPECTED seq=152 expected=160 -> duplicate ACK
[192576.51ms] SEND_ACK ack_num=160
[192576.55ms] RECV_UNEXPECTED seq=153 expected=160 -> duplicate ACK
[192676.77ms] SEND_ACK ack_num=160
[192676.80ms] RECV_UNEXPECTED seq=154 expected=160 -> duplicate ACK
[192777.07ms] SEND_ACK ack_num=160
[192777.10ms] SIM_LOSS seq=155 dropped artificially
[192777.10ms] SIM_LOSS seq=156 dropped artificially
[192777.11ms] RECV_UNEXPECTED seq=157 expected=160 -> duplicate ACK
[192877.33ms] SEND_ACK ack_num=160
[192877.35ms] RECV_UNEXPECTED seq=158 expected=160 -> duplicate ACK
[192977.58ms] SEND_ACK ack_num=160
[192977.61ms] RECV_UNEXPECTED seq=159 expected=160 -> duplicate ACK
[193077.78ms] SEND_ACK ack_num=160
[193077.82ms] RECV_UNEXPECTED seq=152 expected=160 -> duplicate ACK
[193178.01ms] SEND_ACK ack_num=160
[193178.03ms] RECV_UNEXPECTED seq=153 expected=160 -> duplicate ACK
[193278.25ms] SEND_ACK ack_num=160
[193278.28ms] RECV_UNEXPECTED seq=154 expected=160 -> duplicate ACK
[193378.51ms] SEND_ACK ack_num=160
[193378.54ms] RECV_UNEXPECTED seq=155 expected=160 -> duplicate ACK
[193478.75ms] SEND_ACK ack_num=160
[193478.77ms] RECV_UNEXPECTED seq=156 expected=160 -> duplicate ACK
[193580.16ms] SEND_ACK ack_num=160
[193580.19ms] RECV_UNEXPECTED seq=157 expected=160 -> duplicate ACK
[193680.41ms] SEND_ACK ack_num=160
[193680.44ms] RECV_UNEXPECTED seq=158 expected=160 -> duplicate ACK
[193780.60ms] SEND_ACK ack_num=160
[193780.63ms] RECV_UNEXPECTED seq=159 expected=160 -> duplicate ACK
[193880.95ms] SEND_ACK ack_num=160
[193880.99ms] RECV seq=160 len=512 accepted, expecting seq=161
[193981.19ms] SEND_ACK ack_num=161
[193981.23ms] RECV seq=161 len=512 accepted, expecting seq=162
[194081.43ms] SEND_ACK ack_num=162
[194081.46ms] RECV_UNEXPECTED seq=154 expected=162 -> duplicate ACK
[194181.65ms] SEND_ACK ack_num=162
[194181.68ms] RECV_UNEXPECTED seq=155 expected=162 -> duplicate ACK
[194281.91ms] SEND_ACK ack_num=162
[194281.94ms] RECV_UNEXPECTED seq=156 expected=162 -> duplicate ACK
[194382.11ms] SEND_ACK ack_num=162
[194382.13ms] RECV_UNEXPECTED seq=157 expected=162 -> duplicate ACK
[194482.39ms] SEND_ACK ack_num=162
[194482.42ms] RECV_UNEXPECTED seq=158 expected=162 -> duplicate ACK
[194582.58ms] SEND_ACK ack_num=162
[194582.62ms] RECV_UNEXPECTED seq=159 expected=162 -> duplicate ACK
[194682.85ms] SEND_ACK ack_num=162
[194682.87ms] RECV_UNEXPECTED seq=160 expected=162 -> duplicate ACK
[194805.25ms] SEND_ACK ack_num=162
[194805.30ms] RECV_UNEXPECTED seq=161 expected=162 -> duplicate ACK
[194905.49ms] SEND_ACK ack_num=162
[194905.56ms] RECV_UNEXPECTED seq=154 expected=162 -> duplicate ACK
[195005.80ms] SEND_ACK ack_num=162
[195005.84ms] SIM_LOSS seq=155 dropped artificially
[195005.84ms] RECV_UNEXPECTED seq=156 expected=162 -> duplicate ACK
[195106.06ms] SEND_ACK ack_num=162
[195106.10ms] RECV_UNEXPECTED seq=157 expected=162 -> duplicate ACK
[195206.29ms] SEND_ACK ack_num=162
[195206.33ms] RECV_UNEXPECTED seq=158 expected=162 -> duplicate ACK
[195306.53ms] SEND_ACK ack_num=162
[195306.56ms] RECV_UNEXPECTED seq=159 expected=162 -> duplicate ACK
[195406.80ms] SEND_ACK ack_num=162
[195406.83ms] RECV_UNEXPECTED seq=160 expected=162 -> duplicate ACK
[195507.04ms] SEND_ACK ack_num=162
[195507.08ms] RECV_UNEXPECTED seq=161 expected=162 -> duplicate ACK
[195607.28ms] SEND_ACK ack_num=162
[195607.31ms] RECV_UNEXPECTED seq=154 expected=162 -> duplicate ACK
[195707.53ms] SEND_ACK ack_num=162
[195707.56ms] RECV_UNEXPECTED seq=155 expected=162 -> duplicate ACK
[195807.81ms] SEND_ACK ack_num=162
[195807.84ms] RECV_UNEXPECTED seq=156 expected=162 -> duplicate ACK
[195908.03ms] SEND_ACK ack_num=162
[195908.06ms] RECV_UNEXPECTED seq=157 expected=162 -> duplicate ACK
[196014.85ms] SEND_ACK ack_num=162
[196014.89ms] RECV_UNEXPECTED seq=158 expected=162 -> duplicate ACK
[196115.09ms] SEND_ACK ack_num=162
[196115.12ms] SIM_LOSS seq=159 dropped artificially
[196115.13ms] RECV_UNEXPECTED seq=160 expected=162 -> duplicate ACK
[196215.38ms] SEND_ACK ack_num=162
[196215.41ms] RECV_UNEXPECTED seq=161 expected=162 -> duplicate ACK
[196315.59ms] SEND_ACK ack_num=162
[196315.62ms] RECV seq=162 len=512 accepted, expecting seq=163
[196415.80ms] SEND_ACK ack_num=163
[196415.83ms] RECV seq=163 len=512 accepted, expecting seq=164
[196516.07ms] SEND_ACK ack_num=164
[196516.10ms] RECV_UNEXPECTED seq=156 expected=164 -> duplicate ACK
[196616.31ms] SEND_ACK ack_num=164
[196616.33ms] SIM_LOSS seq=157 dropped artificially
[196616.34ms] RECV_UNEXPECTED seq=158 expected=164 -> duplicate ACK
[196716.54ms] SEND_ACK ack_num=164
[196716.57ms] RECV_UNEXPECTED seq=159 expected=164 -> duplicate ACK
[196816.79ms] SEND_ACK ack_num=164
[196816.86ms] RECV_UNEXPECTED seq=160 expected=164 -> duplicate ACK
[196917.08ms] SEND_ACK ack_num=164
[196917.11ms] RECV_UNEXPECTED seq=161 expected=164 -> duplicate ACK
[197017.34ms] SEND_ACK ack_num=164
[197017.37ms] RECV_UNEXPECTED seq=162 expected=164 -> duplicate ACK
[197117.63ms] SEND_ACK ack_num=164
[197117.66ms] RECV_UNEXPECTED seq=163 expected=164 -> duplicate ACK
[197217.89ms] SEND_ACK ack_num=164
[197217.92ms] RECV_UNEXPECTED seq=157 expected=164 -> duplicate ACK
[197318.16ms] SEND_ACK ack_num=164
[197318.19ms] RECV_UNEXPECTED seq=158 expected=164 -> duplicate ACK
[197418.36ms] SEND_ACK ack_num=164
[197418.39ms] RECV_UNEXPECTED seq=159 expected=164 -> duplicate ACK
[197518.74ms] SEND_ACK ack_num=164
[197518.78ms] SIM_LOSS seq=160 dropped artificially
[197518.78ms] RECV_UNEXPECTED seq=161 expected=164 -> duplicate ACK
[197619.01ms] SEND_ACK ack_num=164
[197619.04ms] RECV_UNEXPECTED seq=162 expected=164 -> duplicate ACK
[197719.21ms] SEND_ACK ack_num=164
[197719.24ms] SIM_LOSS seq=163 dropped artificially
[197719.24ms] RECV seq=164 len=512 accepted, expecting seq=165
[197819.45ms] SEND_ACK ack_num=165
[197819.48ms] RECV seq=165 len=512 accepted, expecting seq=166
[197919.67ms] SEND_ACK ack_num=166
[197919.70ms] RECV_UNEXPECTED seq=158 expected=166 -> duplicate ACK
[198019.91ms] SEND_ACK ack_num=166
[198019.94ms] RECV_UNEXPECTED seq=159 expected=166 -> duplicate ACK
[198120.17ms] SEND_ACK ack_num=166
[198120.20ms] RECV_UNEXPECTED seq=160 expected=166 -> duplicate ACK
[198220.46ms] SEND_ACK ack_num=166
[198220.52ms] RECV_UNEXPECTED seq=161 expected=166 -> duplicate ACK
[198320.79ms] SEND_ACK ack_num=166
[198320.87ms] RECV_UNEXPECTED seq=162 expected=166 -> duplicate ACK
[198421.25ms] SEND_ACK ack_num=166
[198421.28ms] SIM_LOSS seq=163 dropped artificially
[198421.28ms] SIM_LOSS seq=164 dropped artificially
[198421.29ms] RECV_UNEXPECTED seq=165 expected=166 -> duplicate ACK
[198521.60ms] SEND_ACK ack_num=166
[198521.63ms] RECV_UNEXPECTED seq=158 expected=166 -> duplicate ACK
[198621.84ms] SEND_ACK ack_num=166
[198621.89ms] RECV_UNEXPECTED seq=159 expected=166 -> duplicate ACK
[198722.09ms] SEND_ACK ack_num=166
[198722.12ms] RECV_UNEXPECTED seq=160 expected=166 -> duplicate ACK
[198822.31ms] SEND_ACK ack_num=166
[198822.34ms] SIM_LOSS seq=161 dropped artificially
[198822.35ms] RECV_UNEXPECTED seq=162 expected=166 -> duplicate ACK
[198922.57ms] SEND_ACK ack_num=166
[198922.60ms] RECV_UNEXPECTED seq=163 expected=166 -> duplicate ACK
[199022.82ms] SEND_ACK ack_num=166
[199022.85ms] SIM_LOSS seq=164 dropped artificially
[199022.85ms] RECV_UNEXPECTED seq=165 expected=166 -> duplicate ACK
[199123.15ms] SEND_ACK ack_num=166
[199123.17ms] RECV seq=166 len=512 accepted, expecting seq=167
[199223.49ms] SEND_ACK ack_num=167
[199223.53ms] SIM_LOSS seq=159 dropped artificially
[199223.53ms] RECV_UNEXPECTED seq=160 expected=167 -> duplicate ACK
[199323.75ms] SEND_ACK ack_num=167
[199323.78ms] SIM_LOSS seq=161 dropped artificially
[199323.78ms] RECV_UNEXPECTED seq=162 expected=167 -> duplicate ACK
[199424.03ms] SEND_ACK ack_num=167
[199424.07ms] RECV_UNEXPECTED seq=163 expected=167 -> duplicate ACK
[199524.29ms] SEND_ACK ack_num=167
[199524.31ms] RECV_UNEXPECTED seq=164 expected=167 -> duplicate ACK
[199624.55ms] SEND_ACK ack_num=167
[199624.58ms] RECV_UNEXPECTED seq=165 expected=167 -> duplicate ACK
[199724.88ms] SEND_ACK ack_num=167
[199724.91ms] SIM_LOSS seq=166 dropped artificially
[199724.91ms] SIM_LOSS seq=159 dropped artificially
[199724.92ms] RECV_UNEXPECTED seq=160 expected=167 -> duplicate ACK
[199825.13ms] SEND_ACK ack_num=167
[199825.15ms] SIM_LOSS seq=161 dropped artificially
[199825.16ms] RECV_UNEXPECTED seq=162 expected=167 -> duplicate ACK
[199925.48ms] SEND_ACK ack_num=167
[199925.51ms] RECV_UNEXPECTED seq=163 expected=167 -> duplicate ACK
[200025.81ms] SEND_ACK ack_num=167
[200025.85ms] RECV_UNEXPECTED seq=164 expected=167 -> duplicate ACK
[200126.04ms] SEND_ACK ack_num=167
[200126.06ms] RECV_UNEXPECTED seq=165 expected=167 -> duplicate ACK
[200226.38ms] SEND_ACK ack_num=167
[200226.41ms] RECV_UNEXPECTED seq=166 expected=167 -> duplicate ACK
[200326.65ms] SEND_ACK ack_num=167
[200326.68ms] RECV_UNEXPECTED seq=159 expected=167 -> duplicate ACK
[200426.85ms] SEND_ACK ack_num=167
[200426.87ms] RECV_UNEXPECTED seq=160 expected=167 -> duplicate ACK
[200527.19ms] SEND_ACK ack_num=167
[200527.24ms] SIM_LOSS seq=161 dropped artificially
[200527.24ms] RECV_UNEXPECTED seq=162 expected=167 -> duplicate ACK
[200627.45ms] SEND_ACK ack_num=167
[200627.48ms] RECV_UNEXPECTED seq=163 expected=167 -> duplicate ACK
[200727.70ms] SEND_ACK ack_num=167
[200727.72ms] RECV_UNEXPECTED seq=164 expected=167 -> duplicate ACK
[200828.01ms] SEND_ACK ack_num=167
[200828.03ms] RECV_UNEXPECTED seq=165 expected=167 -> duplicate ACK
[200928.37ms] SEND_ACK ack_num=167
[200928.40ms] RECV_UNEXPECTED seq=166 expected=167 -> duplicate ACK
[201028.60ms] SEND_ACK ack_num=167
[201028.62ms] SIM_LOSS seq=159 dropped artificially
[201028.62ms] RECV_UNEXPECTED seq=160 expected=167 -> duplicate ACK
[201128.79ms] SEND_ACK ack_num=167
[201128.86ms] SIM_LOSS seq=161 dropped artificially
[201128.87ms] RECV_UNEXPECTED seq=162 expected=167 -> duplicate ACK
[201229.15ms] SEND_ACK ack_num=167
[201229.19ms] RECV_UNEXPECTED seq=163 expected=167 -> duplicate ACK
[201329.38ms] SEND_ACK ack_num=167
[201329.40ms] RECV_UNEXPECTED seq=164 expected=167 -> duplicate ACK
[201429.58ms] SEND_ACK ack_num=167
[201429.61ms] RECV_UNEXPECTED seq=165 expected=167 -> duplicate ACK
[201529.77ms] SEND_ACK ack_num=167
[201529.81ms] RECV_UNEXPECTED seq=166 expected=167 -> duplicate ACK
[201629.99ms] SEND_ACK ack_num=167
[201630.01ms] RECV seq=167 len=512 accepted, expecting seq=168
[201730.25ms] SEND_ACK ack_num=168
[201730.28ms] RECV_UNEXPECTED seq=160 expected=168 -> duplicate ACK
[201830.48ms] SEND_ACK ack_num=168
[201830.51ms] RECV_UNEXPECTED seq=161 expected=168 -> duplicate ACK
[201930.74ms] SEND_ACK ack_num=168
[201930.77ms] RECV_UNEXPECTED seq=162 expected=168 -> duplicate ACK
[202030.95ms] SEND_ACK ack_num=168
[202030.97ms] SIM_LOSS seq=163 dropped artificially
[202030.97ms] RECV_UNEXPECTED seq=164 expected=168 -> duplicate ACK
[202131.21ms] SEND_ACK ack_num=168
[202131.24ms] RECV_UNEXPECTED seq=165 expected=168 -> duplicate ACK
[202231.48ms] SEND_ACK ack_num=168
[202231.51ms] RECV_UNEXPECTED seq=166 expected=168 -> duplicate ACK
[202331.70ms] SEND_ACK ack_num=168
[202331.72ms] RECV_UNEXPECTED seq=167 expected=168 -> duplicate ACK
[202431.96ms] SEND_ACK ack_num=168
[202431.99ms] RECV_UNEXPECTED seq=160 expected=168 -> duplicate ACK
[202532.19ms] SEND_ACK ack_num=168
[202532.22ms] RECV_UNEXPECTED seq=161 expected=168 -> duplicate ACK
[202632.44ms] SEND_ACK ack_num=168
[202632.46ms] RECV_UNEXPECTED seq=162 expected=168 -> duplicate ACK
[202732.71ms] SEND_ACK ack_num=168
[202732.74ms] SIM_LOSS seq=163 dropped artificially
[202732.74ms] RECV_UNEXPECTED seq=164 expected=168 -> duplicate ACK
[202833.00ms] SEND_ACK ack_num=168
[202833.03ms] RECV_UNEXPECTED seq=165 expected=168 -> duplicate ACK
[202933.27ms] SEND_ACK ack_num=168
[202933.29ms] RECV_UNEXPECTED seq=166 expected=168 -> duplicate ACK
[203062.31ms] SEND_ACK ack_num=168
[203062.35ms] SIM_LOSS seq=167 dropped artificially
[203062.35ms] RECV_UNEXPECTED seq=160 expected=168 -> duplicate ACK
[203196.41ms] SEND_ACK ack_num=168
[203196.45ms] RECV_UNEXPECTED seq=161 expected=168 -> duplicate ACK
[203296.69ms] SEND_ACK ack_num=168
[203296.73ms] SIM_LOSS seq=162 dropped artificially
[203296.73ms] RECV_UNEXPECTED seq=163 expected=168 -> duplicate ACK
[203396.95ms] SEND_ACK ack_num=168
[203397.01ms] SIM_LOSS seq=164 dropped artificially
[203397.04ms] RECV_UNEXPECTED seq=165 expected=168 -> duplicate ACK
[203497.41ms] SEND_ACK ack_num=168
[203497.44ms] RECV_UNEXPECTED seq=166 expected=168 -> duplicate ACK
[203597.71ms] SEND_ACK ack_num=168
[203597.74ms] RECV_UNEXPECTED seq=167 expected=168 -> duplicate ACK
[203697.98ms] SEND_ACK ack_num=168
[203698.01ms] RECV_UNEXPECTED seq=160 expected=168 -> duplicate ACK
[203798.21ms] SEND_ACK ack_num=168
[203798.24ms] RECV_UNEXPECTED seq=160 expected=168 -> duplicate ACK
[203898.44ms] SEND_ACK ack_num=168
[203898.48ms] RECV_UNEXPECTED seq=161 expected=168 -> duplicate ACK
[203998.65ms] SEND_ACK ack_num=168
[203998.68ms] RECV_UNEXPECTED seq=162 expected=168 -> duplicate ACK
[204098.86ms] SEND_ACK ack_num=168
[204098.89ms] RECV_UNEXPECTED seq=163 expected=168 -> duplicate ACK
[204199.13ms] SEND_ACK ack_num=168
[204199.16ms] RECV_UNEXPECTED seq=164 expected=168 -> duplicate ACK
[204299.34ms] SEND_ACK ack_num=168
[204299.38ms] SIM_LOSS seq=165 dropped artificially
[204299.38ms] RECV_UNEXPECTED seq=166 expected=168 -> duplicate ACK
[204399.84ms] SEND_ACK ack_num=168
[204399.88ms] RECV_UNEXPECTED seq=167 expected=168 -> duplicate ACK
[204500.20ms] SEND_ACK ack_num=168
[204500.23ms] RECV_UNEXPECTED seq=160 expected=168 -> duplicate ACK
[204600.43ms] SEND_ACK ack_num=168
[204600.47ms] RECV_UNEXPECTED seq=161 expected=168 -> duplicate ACK
[204700.70ms] SEND_ACK ack_num=168
[204700.74ms] SIM_LOSS seq=162 dropped artificially
[204700.74ms] RECV_UNEXPECTED seq=163 expected=168 -> duplicate ACK
[204801.02ms] SEND_ACK ack_num=168
[204801.05ms] RECV_UNEXPECTED seq=164 expected=168 -> duplicate ACK
[204901.26ms] SEND_ACK ack_num=168
[204901.29ms] RECV_UNEXPECTED seq=165 expected=168 -> duplicate ACK
[205001.51ms] SEND_ACK ack_num=168
[205001.54ms] SIM_LOSS seq=166 dropped artificially
[205001.55ms] SIM_LOSS seq=167 dropped artificially
[205001.55ms] SIM_LOSS seq=168 dropped artificially
[205001.56ms] RECV_UNEXPECTED seq=169 expected=168 -> duplicate ACK
[205101.77ms] SEND_ACK ack_num=168
[205101.82ms] RECV_UNEXPECTED seq=162 expected=168 -> duplicate ACK
[205202.06ms] SEND_ACK ack_num=168
[205202.11ms] RECV_UNEXPECTED seq=163 expected=168 -> duplicate ACK
[205302.32ms] SEND_ACK ack_num=168
[205302.36ms] RECV_UNEXPECTED seq=164 expected=168 -> duplicate ACK
[205402.56ms] SEND_ACK ack_num=168
[205402.59ms] SIM_LOSS seq=165 dropped artificially
[205402.59ms] RECV_UNEXPECTED seq=166 expected=168 -> duplicate ACK
[205502.79ms] SEND_ACK ack_num=168
[205502.82ms] RECV_UNEXPECTED seq=167 expected=168 -> duplicate ACK
[205603.06ms] SEND_ACK ack_num=168
[205603.12ms] RECV seq=168 len=512 accepted, expecting seq=169
[205703.40ms] SEND_ACK ack_num=169
[205703.45ms] RECV seq=169 len=512 accepted, expecting seq=170
[205803.74ms] SEND_ACK ack_num=170
[205803.79ms] RECV_UNEXPECTED seq=162 expected=170 -> duplicate ACK
[205904.09ms] SEND_ACK ack_num=170
[205904.14ms] RECV_UNEXPECTED seq=163 expected=170 -> duplicate ACK
[206004.51ms] SEND_ACK ack_num=170
[206004.55ms] RECV_UNEXPECTED seq=164 expected=170 -> duplicate ACK
[206104.81ms] SEND_ACK ack_num=170
[206104.87ms] RECV_UNEXPECTED seq=165 expected=170 -> duplicate ACK
[206205.09ms] SEND_ACK ack_num=170
[206205.12ms] SIM_LOSS seq=166 dropped artificially
[206205.12ms] RECV_UNEXPECTED seq=167 expected=170 -> duplicate ACK
[206305.32ms] SEND_ACK ack_num=170
[206305.35ms] RECV_UNEXPECTED seq=168 expected=170 -> duplicate ACK
[206405.63ms] SEND_ACK ack_num=170
[206405.65ms] RECV_UNEXPECTED seq=169 expected=170 -> duplicate ACK
[206505.91ms] SEND_ACK ack_num=170
[206505.94ms] RECV_UNEXPECTED seq=162 expected=170 -> duplicate ACK
[206606.12ms] SEND_ACK ack_num=170
[206606.15ms] RECV_UNEXPECTED seq=163 expected=170 -> duplicate ACK
[206706.33ms] SEND_ACK ack_num=170
[206706.35ms] RECV_UNEXPECTED seq=164 expected=170 -> duplicate ACK
[206809.10ms] SEND_ACK ack_num=170
[206809.15ms] RECV_UNEXPECTED seq=165 expected=170 -> duplicate ACK
[206909.37ms] SEND_ACK ack_num=170
[206909.40ms] RECV_UNEXPECTED seq=166 expected=170 -> duplicate ACK
[207009.67ms] SEND_ACK ack_num=170
[207009.70ms] RECV_UNEXPECTED seq=167 expected=170 -> duplicate ACK
[207109.90ms] SEND_ACK ack_num=170
[207109.93ms] RECV_UNEXPECTED seq=168 expected=170 -> duplicate ACK
[207210.16ms] SEND_ACK ack_num=170
[207210.20ms] RECV_UNEXPECTED seq=169 expected=170 -> duplicate ACK
[207310.37ms] SEND_ACK ack_num=170
[207310.39ms] RECV_UNEXPECTED seq=164 expected=170 -> duplicate ACK
[207410.61ms] SEND_ACK ack_num=170
[207410.64ms] SIM_LOSS seq=165 dropped artificially
[207410.65ms] RECV_UNEXPECTED seq=166 expected=170 -> duplicate ACK
[207510.87ms] SEND_ACK ack_num=170
[207510.91ms] RECV_UNEXPECTED seq=167 expected=170 -> duplicate ACK
[207611.05ms] SEND_ACK ack_num=170
[207611.08ms] RECV_UNEXPECTED seq=168 expected=170 -> duplicate ACK
[207711.28ms] SEND_ACK ack_num=170
[207711.32ms] RECV_UNEXPECTED seq=169 expected=170 -> duplicate ACK
[207811.58ms] SEND_ACK ack_num=170
[207811.62ms] SIM_LOSS seq=170 dropped artificially
[207811.63ms] RECV_UNEXPECTED seq=171 expected=170 -> duplicate ACK
[207911.89ms] SEND_ACK ack_num=170
[207911.91ms] RECV_UNEXPECTED seq=164 expected=170 -> duplicate ACK
[208012.13ms] SEND_ACK ack_num=170
[208012.16ms] RECV_UNEXPECTED seq=165 expected=170 -> duplicate ACK
[208112.35ms] SEND_ACK ack_num=170
[208112.39ms] RECV_UNEXPECTED seq=166 expected=170 -> duplicate ACK
[208212.62ms] SEND_ACK ack_num=170
[208212.64ms] RECV_UNEXPECTED seq=167 expected=170 -> duplicate ACK
[208312.96ms] SEND_ACK ack_num=170
[208312.99ms] RECV_UNEXPECTED seq=168 expected=170 -> duplicate ACK
[208413.18ms] SEND_ACK ack_num=170
[208413.21ms] RECV_UNEXPECTED seq=169 expected=170 -> duplicate ACK
[208513.41ms] SEND_ACK ack_num=170
[208513.44ms] RECV seq=170 len=512 accepted, expecting seq=171
[208613.69ms] SEND_ACK ack_num=171
[208613.77ms] SIM_LOSS seq=171 dropped artificially
[208613.77ms] SIM_LOSS seq=172 dropped artificially
[208613.77ms] RECV_UNEXPECTED seq=173 expected=171 -> duplicate ACK
[208713.98ms] SEND_ACK ack_num=171
[208714.01ms] RECV_UNEXPECTED seq=166 expected=171 -> duplicate ACK
[208814.23ms] SEND_ACK ack_num=171
[208814.26ms] SIM_LOSS seq=167 dropped artificially
[208814.26ms] RECV_UNEXPECTED seq=168 expected=171 -> duplicate ACK
[208914.45ms] SEND_ACK ack_num=171
[208914.47ms] RECV_UNEXPECTED seq=169 expected=171 -> duplicate ACK
[209014.74ms] SEND_ACK ack_num=171
[209014.78ms] RECV_UNEXPECTED seq=170 expected=171 -> duplicate ACK
[209114.96ms] SEND_ACK ack_num=171
[209114.99ms] RECV seq=171 len=512 accepted, expecting seq=172
[209215.16ms] SEND_ACK ack_num=172
[209215.18ms] RECV seq=172 len=512 accepted, expecting seq=173
[209315.40ms] SEND_ACK ack_num=173
[209315.43ms] SIM_LOSS seq=173 dropped artificially
[209315.43ms] RECV_UNEXPECTED seq=166 expected=173 -> duplicate ACK
[209415.73ms] SEND_ACK ack_num=173
[209415.77ms] RECV_UNEXPECTED seq=167 expected=173 -> duplicate ACK
[209515.98ms] SEND_ACK ack_num=173
[209516.01ms] RECV_UNEXPECTED seq=168 expected=173 -> duplicate ACK
[209616.22ms] SEND_ACK ack_num=173
[209616.24ms] RECV_UNEXPECTED seq=169 expected=173 -> duplicate ACK
[209716.46ms] SEND_ACK ack_num=173
[209716.50ms] RECV_UNEXPECTED seq=170 expected=173 -> duplicate ACK
[209816.73ms] SEND_ACK ack_num=173
[209816.76ms] RECV_UNEXPECTED seq=171 expected=173 -> duplicate ACK
[209916.95ms] SEND_ACK ack_num=173
[209916.97ms] RECV_UNEXPECTED seq=172 expected=173 -> duplicate ACK
[210017.19ms] SEND_ACK ack_num=173
[210017.22ms] RECV seq=173 len=512 accepted, expecting seq=174
[210117.38ms] SEND_ACK ack_num=174
[210117.42ms] RECV_UNEXPECTED seq=166 expected=174 -> duplicate ACK
[210217.60ms] SEND_ACK ack_num=174
[210217.64ms] SIM_LOSS seq=167 dropped artificially
[210217.64ms] SIM_LOSS seq=168 dropped artificially
[210217.64ms] RECV_UNEXPECTED seq=169 expected=174 -> duplicate ACK
[210317.90ms] SEND_ACK ack_num=174
[210317.94ms] RECV_UNEXPECTED seq=170 expected=174 -> duplicate ACK
[210418.13ms] SEND_ACK ack_num=174
[210418.15ms] RECV_UNEXPECTED seq=171 expected=174 -> duplicate ACK
[210518.32ms] SEND_ACK ack_num=174
[210518.36ms] RECV_UNEXPECTED seq=172 expected=174 -> duplicate ACK
[210618.58ms] SEND_ACK ack_num=174
[210618.61ms] SIM_LOSS seq=173 dropped artificially
[210618.61ms] RECV_UNEXPECTED seq=167 expected=174 -> duplicate ACK
[210718.83ms] SEND_ACK ack_num=174
[210718.86ms] RECV_UNEXPECTED seq=168 expected=174 -> duplicate ACK
[210819.09ms] SEND_ACK ack_num=174
[210819.12ms] RECV_UNEXPECTED seq=169 expected=174 -> duplicate ACK
[210919.33ms] SEND_ACK ack_num=174
[210919.37ms] RECV_UNEXPECTED seq=170 expected=174 -> duplicate ACK
[211019.57ms] SEND_ACK ack_num=174
[211019.59ms] RECV_UNEXPECTED seq=171 expected=174 -> duplicate ACK
[211119.83ms] SEND_ACK ack_num=174
[211119.88ms] RECV_UNEXPECTED seq=172 expected=174 -> duplicate ACK
[211221.83ms] SEND_ACK ack_num=174
[211221.88ms] RECV_UNEXPECTED seq=173 expected=174 -> duplicate ACK
[211322.07ms] SEND_ACK ack_num=174
[211322.11ms] RECV seq=174 len=512 accepted, expecting seq=175
[211422.36ms] SEND_ACK ack_num=175
[211422.40ms] RECV_UNEXPECTED seq=167 expected=175 -> duplicate ACK
[211522.64ms] SEND_ACK ack_num=175
[211522.67ms] SIM_LOSS seq=168 dropped artificially
[211522.68ms] RECV_UNEXPECTED seq=169 expected=175 -> duplicate ACK
[211622.88ms] SEND_ACK ack_num=175
[211622.92ms] SIM_LOSS seq=170 dropped artificially
[211622.92ms] RECV_UNEXPECTED seq=171 expected=175 -> duplicate ACK
[211723.14ms] SEND_ACK ack_num=175
[211723.17ms] RECV_UNEXPECTED seq=172 expected=175 -> duplicate ACK
[211823.39ms] SEND_ACK ack_num=175
[211823.43ms] RECV_UNEXPECTED seq=173 expected=175 -> duplicate ACK
[211923.58ms] SEND_ACK ack_num=175
[211923.61ms] RECV_UNEXPECTED seq=174 expected=175 -> duplicate ACK
[212023.75ms] SEND_ACK ack_num=175
[212023.78ms] RECV_UNEXPECTED seq=167 expected=175 -> duplicate ACK
[212123.94ms] SEND_ACK ack_num=175
[212123.97ms] RECV_UNEXPECTED seq=168 expected=175 -> duplicate ACK
[212224.28ms] SEND_ACK ack_num=175
[212224.38ms] RECV_UNEXPECTED seq=169 expected=175 -> duplicate ACK
[212324.57ms] SEND_ACK ack_num=175
[212324.60ms] RECV_UNEXPECTED seq=170 expected=175 -> duplicate ACK
[212424.88ms] SEND_ACK ack_num=175
[212424.91ms] RECV_UNEXPECTED seq=171 expected=175 -> duplicate ACK
[212525.06ms] SEND_ACK ack_num=175
[212525.09ms] RECV_UNEXPECTED seq=172 expected=175 -> duplicate ACK
[212625.28ms] SEND_ACK ack_num=175
[212625.32ms] RECV_UNEXPECTED seq=173 expected=175 -> duplicate ACK
[212725.51ms] SEND_ACK ack_num=175
[212725.54ms] RECV_UNEXPECTED seq=174 expected=175 -> duplicate ACK
[212825.80ms] SEND_ACK ack_num=175
[212825.83ms] RECV_UNEXPECTED seq=167 expected=175 -> duplicate ACK
[212926.00ms] SEND_ACK ack_num=175
[212926.03ms] SIM_LOSS seq=168 dropped artificially
[212926.03ms] RECV_UNEXPECTED seq=169 expected=175 -> duplicate ACK
[213026.25ms] SEND_ACK ack_num=175
[213026.28ms] RECV_UNEXPECTED seq=170 expected=175 -> duplicate ACK
[213126.49ms] SEND_ACK ack_num=175
[213126.52ms] RECV_UNEXPECTED seq=171 expected=175 -> duplicate ACK
[213226.73ms] SEND_ACK ack_num=175
[213226.76ms] RECV_UNEXPECTED seq=172 expected=175 -> duplicate ACK
[213327.06ms] SEND_ACK ack_num=175
[213327.09ms] RECV_UNEXPECTED seq=173 expected=175 -> duplicate ACK
[213427.40ms] SEND_ACK ack_num=175
[213427.44ms] SIM_LOSS seq=174 dropped artificially
[213427.51ms] RECV seq=175 len=512 accepted, expecting seq=176
[213527.80ms] SEND_ACK ack_num=176
[213527.84ms] RECV_UNEXPECTED seq=168 expected=176 -> duplicate ACK
[213628.07ms] SEND_ACK ack_num=176
[213628.10ms] RECV_UNEXPECTED seq=169 expected=176 -> duplicate ACK
[213728.34ms] SEND_ACK ack_num=176
[213728.38ms] RECV_UNEXPECTED seq=170 expected=176 -> duplicate ACK
[213828.63ms] SEND_ACK ack_num=176
[213828.67ms] RECV_UNEXPECTED seq=171 expected=176 -> duplicate ACK
[213928.94ms] SEND_ACK ack_num=176
[213928.97ms] SIM_LOSS seq=172 dropped artificially
[213928.98ms] SIM_LOSS seq=173 dropped artificially
[213928.98ms] RECV_UNEXPECTED seq=174 expected=176 -> duplicate ACK
[214029.20ms] SEND_ACK ack_num=176
[214029.23ms] RECV_UNEXPECTED seq=175 expected=176 -> duplicate ACK
[214129.40ms] SEND_ACK ack_num=176
[214129.42ms] RECV_UNEXPECTED seq=168 expected=176 -> duplicate ACK
[214229.65ms] SEND_ACK ack_num=176
[214229.67ms] RECV_UNEXPECTED seq=168 expected=176 -> duplicate ACK
[214329.90ms] SEND_ACK ack_num=176
[214329.93ms] RECV_UNEXPECTED seq=169 expected=176 -> duplicate ACK
[214430.08ms] SEND_ACK ack_num=176
[214430.10ms] SIM_LOSS seq=170 dropped artificially
[214430.11ms] RECV_UNEXPECTED seq=171 expected=176 -> duplicate ACK
[214530.47ms] SEND_ACK ack_num=176
[214530.50ms] SIM_LOSS seq=172 dropped artificially
[214530.51ms] RECV_UNEXPECTED seq=173 expected=176 -> duplicate ACK
[214630.73ms] SEND_ACK ack_num=176
[214630.76ms] RECV_UNEXPECTED seq=174 expected=176 -> duplicate ACK
[214731.04ms] SEND_ACK ack_num=176
[214731.07ms] RECV_UNEXPECTED seq=175 expected=176 -> duplicate ACK
[214831.33ms] SEND_ACK ack_num=176
[214831.36ms] RECV_UNEXPECTED seq=168 expected=176 -> duplicate ACK
[214931.61ms] SEND_ACK ack_num=176
[214931.64ms] RECV_UNEXPECTED seq=169 expected=176 -> duplicate ACK
[215031.86ms] SEND_ACK ack_num=176
[215031.89ms] RECV_UNEXPECTED seq=170 expected=176 -> duplicate ACK
[215132.11ms] SEND_ACK ack_num=176
[215132.14ms] RECV_UNEXPECTED seq=171 expected=176 -> duplicate ACK
[215232.46ms] SEND_ACK ack_num=176
[215232.49ms] RECV_UNEXPECTED seq=172 expected=176 -> duplicate ACK
[215332.67ms] SEND_ACK ack_num=176
[215332.69ms] RECV_UNEXPECTED seq=173 expected=176 -> duplicate ACK
[215432.91ms] SEND_ACK ack_num=176
[215432.94ms] SIM_LOSS seq=174 dropped artificially
[215432.94ms] RECV_UNEXPECTED seq=175 expected=176 -> duplicate ACK
[215533.23ms] SEND_ACK ack_num=176
[215533.26ms] SIM_LOSS seq=168 dropped artificially
[215533.27ms] SIM_LOSS seq=169 dropped artificially
[215533.27ms] SIM_LOSS seq=170 dropped artificially
[215533.28ms] RECV_UNEXPECTED seq=171 expected=176 -> duplicate ACK
[215633.47ms] SEND_ACK ack_num=176
[215633.50ms] RECV_UNEXPECTED seq=172 expected=176 -> duplicate ACK
[215733.77ms] SEND_ACK ack_num=176
[215733.80ms] RECV_UNEXPECTED seq=173 expected=176 -> duplicate ACK
[215834.03ms] SEND_ACK ack_num=176
[215834.06ms] RECV_UNEXPECTED seq=174 expected=176 -> duplicate ACK
[215934.35ms] SEND_ACK ack_num=176
[215934.38ms] RECV_UNEXPECTED seq=175 expected=176 -> duplicate ACK
[216034.69ms] SEND_ACK ack_num=176
[216034.72ms] RECV_UNEXPECTED seq=168 expected=176 -> duplicate ACK
[216134.96ms] SEND_ACK ack_num=176
[216134.99ms] RECV_UNEXPECTED seq=169 expected=176 -> duplicate ACK
[216235.24ms] SEND_ACK ack_num=176
[216235.28ms] RECV_UNEXPECTED seq=170 expected=176 -> duplicate ACK
[216335.47ms] SEND_ACK ack_num=176
[216335.49ms] RECV_UNEXPECTED seq=171 expected=176 -> duplicate ACK
[216435.66ms] SEND_ACK ack_num=176
[216435.69ms] RECV_UNEXPECTED seq=172 expected=176 -> duplicate ACK
[216535.87ms] SEND_ACK ack_num=176
[216535.89ms] SIM_LOSS seq=173 dropped artificially
[216535.90ms] RECV_UNEXPECTED seq=174 expected=176 -> duplicate ACK
[216636.13ms] SEND_ACK ack_num=176
[216636.16ms] RECV_UNEXPECTED seq=175 expected=176 -> duplicate ACK
[216736.32ms] SEND_ACK ack_num=176
[216736.35ms] SIM_LOSS seq=168 dropped artificially
[216736.36ms] SIM_LOSS seq=169 dropped artificially
[216736.36ms] RECV_UNEXPECTED seq=170 expected=176 -> duplicate ACK
[216836.56ms] SEND_ACK ack_num=176
[216836.59ms] RECV_UNEXPECTED seq=171 expected=176 -> duplicate ACK
[216936.81ms] SEND_ACK ack_num=176
[216936.89ms] SIM_LOSS seq=172 dropped artificially
[216936.89ms] RECV_UNEXPECTED seq=173 expected=176 -> duplicate ACK
[217037.26ms] SEND_ACK ack_num=176
[217037.30ms] RECV_UNEXPECTED seq=174 expected=176 -> duplicate ACK
[217137.53ms] SEND_ACK ack_num=176
[217137.56ms] RECV_UNEXPECTED seq=175 expected=176 -> duplicate ACK
[217237.86ms] SEND_ACK ack_num=176
[217237.89ms] RECV_UNEXPECTED seq=168 expected=176 -> duplicate ACK
[217338.16ms] SEND_ACK ack_num=176
[217338.19ms] RECV_UNEXPECTED seq=169 expected=176 -> duplicate ACK
[217438.39ms] SEND_ACK ack_num=176
[217438.42ms] RECV_UNEXPECTED seq=170 expected=176 -> duplicate ACK
[217538.63ms] SEND_ACK ack_num=176
[217538.67ms] RECV_UNEXPECTED seq=171 expected=176 -> duplicate ACK
[217639.08ms] SEND_ACK ack_num=176
[217639.12ms] RECV_UNEXPECTED seq=172 expected=176 -> duplicate ACK
[217739.32ms] SEND_ACK ack_num=176
[217739.34ms] RECV_UNEXPECTED seq=173 expected=176 -> duplicate ACK
[217839.59ms] SEND_ACK ack_num=176
[217839.63ms] SIM_LOSS seq=174 dropped artificially
[217839.63ms] RECV_UNEXPECTED seq=175 expected=176 -> duplicate ACK
[217939.90ms] SEND_ACK ack_num=176
[217939.95ms] RECV seq=176 len=512 accepted, expecting seq=177
[218040.13ms] SEND_ACK ack_num=177
[218040.15ms] RECV seq=177 len=512 accepted, expecting seq=178
[218140.34ms] SEND_ACK ack_num=178
[218140.38ms] RECV_UNEXPECTED seq=170 expected=178 -> duplicate ACK
[218240.60ms] SEND_ACK ack_num=178
[218240.63ms] RECV_UNEXPECTED seq=171 expected=178 -> duplicate ACK
[218340.89ms] SEND_ACK ack_num=178
[218340.92ms] RECV_UNEXPECTED seq=172 expected=178 -> duplicate ACK
[218441.09ms] SEND_ACK ack_num=178
[218441.12ms] SIM_LOSS seq=173 dropped artificially
[218441.12ms] RECV_UNEXPECTED seq=174 expected=178 -> duplicate ACK
[218541.34ms] SEND_ACK ack_num=178
[218541.38ms] RECV_UNEXPECTED seq=175 expected=178 -> duplicate ACK
[218641.60ms] SEND_ACK ack_num=178
[218641.63ms] SIM_LOSS seq=176 dropped artificially
[218641.64ms] SIM_LOSS seq=177 dropped artificially
[218641.64ms] RECV_UNEXPECTED seq=170 expected=178 -> duplicate ACK
[218741.85ms] SEND_ACK ack_num=178
[218741.87ms] SIM_LOSS seq=171 dropped artificially
[218741.88ms] RECV_UNEXPECTED seq=172 expected=178 -> duplicate ACK
[218842.22ms] SEND_ACK ack_num=178
[218842.25ms] RECV_UNEXPECTED seq=173 expected=178 -> duplicate ACK
[218942.49ms] SEND_ACK ack_num=178
[218942.53ms] RECV_UNEXPECTED seq=174 expected=178 -> duplicate ACK
[219042.71ms] SEND_ACK ack_num=178
[219042.76ms] RECV_UNEXPECTED seq=175 expected=178 -> duplicate ACK
[219143.05ms] SEND_ACK ack_num=178
[219143.08ms] RECV_UNEXPECTED seq=176 expected=178 -> duplicate ACK
[219243.37ms] SEND_ACK ack_num=178
[219243.40ms] RECV_UNEXPECTED seq=177 expected=178 -> duplicate ACK
[219343.61ms] SEND_ACK ack_num=178
[219343.64ms] SIM_LOSS seq=170 dropped artificially
[219343.65ms] SIM_LOSS seq=171 dropped artificially
[219343.65ms] RECV_UNEXPECTED seq=172 expected=178 -> duplicate ACK
[219443.87ms] SEND_ACK ack_num=178
[219443.93ms] RECV_UNEXPECTED seq=173 expected=178 -> duplicate ACK
[219544.25ms] SEND_ACK ack_num=178
[219544.27ms] SIM_LOSS seq=174 dropped artificially
[219544.28ms] RECV_UNEXPECTED seq=175 expected=178 -> duplicate ACK
[219644.54ms] SEND_ACK ack_num=178
[219644.56ms] RECV_UNEXPECTED seq=176 expected=178 -> duplicate ACK
[219744.78ms] SEND_ACK ack_num=178
[219744.81ms] RECV_UNEXPECTED seq=177 expected=178 -> duplicate ACK
[219845.04ms] SEND_ACK ack_num=178
[219845.08ms] SIM_LOSS seq=178 dropped artificially
[219845.08ms] RECV_UNEXPECTED seq=171 expected=178 -> duplicate ACK
[219945.32ms] SEND_ACK ack_num=178
[219945.34ms] RECV_UNEXPECTED seq=172 expected=178 -> duplicate ACK
[220045.70ms] SEND_ACK ack_num=178
[220045.73ms] RECV_UNEXPECTED seq=173 expected=178 -> duplicate ACK
[220145.94ms] SEND_ACK ack_num=178
[220145.97ms] RECV_UNEXPECTED seq=174 expected=178 -> duplicate ACK
[220246.15ms] SEND_ACK ack_num=178
[220246.17ms] RECV_UNEXPECTED seq=175 expected=178 -> duplicate ACK
[220346.42ms] SEND_ACK ack_num=178
[220346.45ms] SIM_LOSS seq=176 dropped artificially
[220346.46ms] SIM_LOSS seq=177 dropped artificially
[220346.46ms] SIM_LOSS seq=178 dropped artificially
[220346.47ms] RECV_UNEXPECTED seq=171 expected=178 -> duplicate ACK
[220446.71ms] SEND_ACK ack_num=178
[220446.74ms] RECV_UNEXPECTED seq=174 expected=178 -> duplicate ACK
[220547.01ms] SEND_ACK ack_num=178
[220547.03ms] RECV_UNEXPECTED seq=175 expected=178 -> duplicate ACK
[220647.28ms] SEND_ACK ack_num=178
[220647.31ms] RECV_UNEXPECTED seq=176 expected=178 -> duplicate ACK
[220747.53ms] SEND_ACK ack_num=178
[220747.55ms] RECV_UNEXPECTED seq=177 expected=178 -> duplicate ACK
[220847.80ms] SEND_ACK ack_num=178
[220847.82ms] RECV seq=178 len=512 accepted, expecting seq=179
[220948.10ms] SEND_ACK ack_num=179
[220948.13ms] SIM_LOSS seq=179 dropped artificially
[220948.14ms] RECV_UNEXPECTED seq=180 expected=179 -> duplicate ACK
[221048.39ms] SEND_ACK ack_num=179
[221048.42ms] RECV_UNEXPECTED seq=181 expected=179 -> duplicate ACK
[221148.66ms] SEND_ACK ack_num=179
[221148.69ms] SIM_LOSS seq=174 dropped artificially
[221148.69ms] RECV_UNEXPECTED seq=175 expected=179 -> duplicate ACK
[221248.90ms] SEND_ACK ack_num=179
[221248.92ms] RECV_UNEXPECTED seq=176 expected=179 -> duplicate ACK
[221349.14ms] SEND_ACK ack_num=179
[221349.17ms] RECV_UNEXPECTED seq=177 expected=179 -> duplicate ACK
[221449.36ms] SEND_ACK ack_num=179
[221449.39ms] RECV_UNEXPECTED seq=178 expected=179 -> duplicate ACK
[221549.57ms] SEND_ACK ack_num=179
[221549.59ms] RECV seq=179 len=512 accepted, expecting seq=180
[221649.96ms] SEND_ACK ack_num=180
[221649.99ms] RECV seq=180 len=512 accepted, expecting seq=181
[221750.18ms] SEND_ACK ack_num=181
[221750.21ms] RECV seq=181 len=512 accepted, expecting seq=182
[221850.46ms] SEND_ACK ack_num=182
[221850.49ms] RECV seq=182 len=512 accepted, expecting seq=183
[221951.04ms] SEND_ACK ack_num=183
[221951.08ms] RECV_UNEXPECTED seq=175 expected=183 -> duplicate ACK
[222051.37ms] SEND_ACK ack_num=183
[222051.41ms] RECV_UNEXPECTED seq=176 expected=183 -> duplicate ACK
[222151.77ms] SEND_ACK ack_num=183
[222151.80ms] RECV_UNEXPECTED seq=177 expected=183 -> duplicate ACK
[222252.08ms] SEND_ACK ack_num=183
[222252.11ms] RECV_UNEXPECTED seq=178 expected=183 -> duplicate ACK
[222352.46ms] SEND_ACK ack_num=183
[222352.51ms] RECV_UNEXPECTED seq=179 expected=183 -> duplicate ACK
[222452.99ms] SEND_ACK ack_num=183
[222453.02ms] SIM_LOSS seq=180 dropped artificially
[222453.03ms] SIM_LOSS seq=181 dropped artificially
[222453.03ms] RECV_UNEXPECTED seq=182 expected=183 -> duplicate ACK
[222553.43ms] SEND_ACK ack_num=183
[222553.46ms] RECV_UNEXPECTED seq=175 expected=183 -> duplicate ACK
[222653.72ms] SEND_ACK ack_num=183
[222653.76ms] RECV_UNEXPECTED seq=176 expected=183 -> duplicate ACK
[222753.98ms] SEND_ACK ack_num=183
[222754.01ms] RECV_UNEXPECTED seq=177 expected=183 -> duplicate ACK
[222854.22ms] SEND_ACK ack_num=183
[222854.25ms] SIM_LOSS seq=178 dropped artificially
[222854.25ms] SIM_LOSS seq=179 dropped artificially
[222854.25ms] RECV_UNEXPECTED seq=180 expected=183 -> duplicate ACK
[222954.50ms] SEND_ACK ack_num=183
[222954.53ms] RECV_UNEXPECTED seq=181 expected=183 -> duplicate ACK
[223054.76ms] SEND_ACK ack_num=183
[223054.80ms] RECV_UNEXPECTED seq=182 expected=183 -> duplicate ACK
[223155.01ms] SEND_ACK ack_num=183
[223155.04ms] RECV_UNEXPECTED seq=175 expected=183 -> duplicate ACK
[223255.31ms] SEND_ACK ack_num=183
[223255.35ms] SIM_LOSS seq=176 dropped artificially
[223255.36ms] RECV_UNEXPECTED seq=177 expected=183 -> duplicate ACK
[223355.63ms] SEND_ACK ack_num=183
[223355.67ms] RECV_UNEXPECTED seq=178 expected=183 -> duplicate ACK
[223456.05ms] SEND_ACK ack_num=183
[223456.08ms] RECV_UNEXPECTED seq=179 expected=183 -> duplicate ACK
[223556.29ms] SEND_ACK ack_num=183
[223556.32ms] RECV_UNEXPECTED seq=180 expected=183 -> duplicate ACK
[223656.58ms] SEND_ACK ack_num=183
[223656.62ms] SIM_LOSS seq=181 dropped artificially
[223656.62ms] RECV_UNEXPECTED seq=182 expected=183 -> duplicate ACK
[223756.90ms] SEND_ACK ack_num=183
[223756.93ms] RECV_UNEXPECTED seq=175 expected=183 -> duplicate ACK
[223857.20ms] SEND_ACK ack_num=183
[223857.23ms] RECV_UNEXPECTED seq=176 expected=183 -> duplicate ACK
[223957.40ms] SEND_ACK ack_num=183
[223957.44ms] SIM_LOSS seq=177 dropped artificially
[223957.45ms] RECV_UNEXPECTED seq=178 expected=183 -> duplicate ACK
[224057.71ms] SEND_ACK ack_num=183
[224057.74ms] RECV_UNEXPECTED seq=179 expected=183 -> duplicate ACK
[224158.08ms] SEND_ACK ack_num=183
[224158.12ms] RECV_UNEXPECTED seq=180 expected=183 -> duplicate ACK
[224258.37ms] SEND_ACK ack_num=183
[224258.41ms] SIM_LOSS seq=181 dropped artificially
[224258.42ms] RECV_UNEXPECTED seq=182 expected=183 -> duplicate ACK
[224358.67ms] SEND_ACK ack_num=183
[224358.71ms] RECV seq=183 len=512 accepted, expecting seq=184
[224458.97ms] SEND_ACK ack_num=184
[224459.01ms] RECV_UNEXPECTED seq=176 expected=184 -> duplicate ACK
[224559.31ms] SEND_ACK ack_num=184
[224559.34ms] SIM_LOSS seq=177 dropped artificially
[224559.35ms] RECV_UNEXPECTED seq=178 expected=184 -> duplicate ACK
[224659.61ms] SEND_ACK ack_num=184
[224659.65ms] RECV_UNEXPECTED seq=179 expected=184 -> duplicate ACK
[224759.89ms] SEND_ACK ack_num=184
[224759.92ms] SIM_LOSS seq=180 dropped artificially
[224759.92ms] RECV_UNEXPECTED seq=181 expected=184 -> duplicate ACK
[224860.16ms] SEND_ACK ack_num=184
[224860.20ms] RECV_UNEXPECTED seq=182 expected=184 -> duplicate ACK
[224960.42ms] SEND_ACK ack_num=184
[224960.50ms] RECV_UNEXPECTED seq=183 expected=184 -> duplicate ACK
[225060.72ms] SEND_ACK ack_num=184
[225060.75ms] RECV_UNEXPECTED seq=176 expected=184 -> duplicate ACK
[225161.00ms] SEND_ACK ack_num=184
[225161.06ms] RECV_UNEXPECTED seq=177 expected=184 -> duplicate ACK
[225261.73ms] SEND_ACK ack_num=184
[225261.77ms] RECV_UNEXPECTED seq=178 expected=184 -> duplicate ACK
[225362.00ms] SEND_ACK ack_num=184
[225362.02ms] SIM_LOSS seq=179 dropped artificially
[225362.02ms] RECV_UNEXPECTED seq=180 expected=184 -> duplicate ACK
[225462.26ms] SEND_ACK ack_num=184
[225462.29ms] RECV_UNEXPECTED seq=181 expected=184 -> duplicate ACK
[225562.57ms] SEND_ACK ack_num=184
[225562.60ms] RECV_UNEXPECTED seq=182 expected=184 -> duplicate ACK
[225662.74ms] SEND_ACK ack_num=184
[225662.77ms] SIM_LOSS seq=183 dropped artificially
[225662.77ms] RECV_UNEXPECTED seq=176 expected=184 -> duplicate ACK
[225763.02ms] SEND_ACK ack_num=184
[225763.05ms] RECV_UNEXPECTED seq=177 expected=184 -> duplicate ACK
[225863.27ms] SEND_ACK ack_num=184
[225863.30ms] RECV_UNEXPECTED seq=178 expected=184 -> duplicate ACK
[225963.54ms] SEND_ACK ack_num=184
[225963.56ms] RECV_UNEXPECTED seq=179 expected=184 -> duplicate ACK
[226063.81ms] SEND_ACK ack_num=184
[226063.84ms] RECV_UNEXPECTED seq=180 expected=184 -> duplicate ACK
[226164.10ms] SEND_ACK ack_num=184
[226164.13ms] RECV_UNEXPECTED seq=181 expected=184 -> duplicate ACK
[226264.41ms] SEND_ACK ack_num=184
[226264.45ms] RECV_UNEXPECTED seq=182 expected=184 -> duplicate ACK
[226364.66ms] SEND_ACK ack_num=184
[226364.69ms] RECV_UNEXPECTED seq=183 expected=184 -> duplicate ACK
[226464.92ms] SEND_ACK ack_num=184
[226464.95ms] RECV_UNEXPECTED seq=176 expected=184 -> duplicate ACK
[226565.14ms] SEND_ACK ack_num=184
[226565.16ms] RECV_UNEXPECTED seq=177 expected=184 -> duplicate ACK
[226665.42ms] SEND_ACK ack_num=184
[226665.45ms] RECV_UNEXPECTED seq=178 expected=184 -> duplicate ACK
[226765.66ms] SEND_ACK ack_num=184
[226765.69ms] RECV_UNEXPECTED seq=179 expected=184 -> duplicate ACK
[226865.89ms] SEND_ACK ack_num=184
[226865.91ms] RECV_UNEXPECTED seq=180 expected=184 -> duplicate ACK
[226966.10ms] SEND_ACK ack_num=184
[226966.13ms] RECV_UNEXPECTED seq=181 expected=184 -> duplicate ACK
[227066.41ms] SEND_ACK ack_num=184
[227066.44ms] RECV_UNEXPECTED seq=182 expected=184 -> duplicate ACK
[227166.63ms] SEND_ACK ack_num=184
[227166.66ms] RECV_UNEXPECTED seq=183 expected=184 -> duplicate ACK
[227266.88ms] SEND_ACK ack_num=184
[227266.91ms] RECV_UNEXPECTED seq=176 expected=184 -> duplicate ACK
[227367.13ms] SEND_ACK ack_num=184
[227367.15ms] RECV_UNEXPECTED seq=177 expected=184 -> duplicate ACK
[227467.36ms] SEND_ACK ack_num=184
[227467.38ms] RECV_UNEXPECTED seq=176 expected=184 -> duplicate ACK
[227567.54ms] SEND_ACK ack_num=184
[227567.57ms] RECV_UNEXPECTED seq=177 expected=184 -> duplicate ACK
[227667.72ms] SEND_ACK ack_num=184
[227667.75ms] RECV_UNEXPECTED seq=178 expected=184 -> duplicate ACK
[227767.95ms] SEND_ACK ack_num=184
[227767.98ms] RECV_UNEXPECTED seq=179 expected=184 -> duplicate ACK
[227868.18ms] SEND_ACK ack_num=184
[227868.20ms] SIM_LOSS seq=180 dropped artificially
[227868.21ms] RECV_UNEXPECTED seq=181 expected=184 -> duplicate ACK
[227968.41ms] SEND_ACK ack_num=184
[227968.44ms] RECV_UNEXPECTED seq=182 expected=184 -> duplicate ACK
[228068.61ms] SEND_ACK ack_num=184
[228068.63ms] SIM_LOSS seq=183 dropped artificially
[228068.63ms] SIM_LOSS seq=176 dropped artificially
[228068.64ms] RECV_UNEXPECTED seq=177 expected=184 -> duplicate ACK
[228168.87ms] SEND_ACK ack_num=184
[228168.90ms] RECV_UNEXPECTED seq=178 expected=184 -> duplicate ACK
[228269.09ms] SEND_ACK ack_num=184
[228269.12ms] RECV_UNEXPECTED seq=179 expected=184 -> duplicate ACK
[228369.32ms] SEND_ACK ack_num=184
[228369.35ms] RECV_UNEXPECTED seq=180 expected=184 -> duplicate ACK
[228469.53ms] SEND_ACK ack_num=184
[228469.56ms] RECV_UNEXPECTED seq=181 expected=184 -> duplicate ACK
[228569.91ms] SEND_ACK ack_num=184
[228569.94ms] RECV_UNEXPECTED seq=182 expected=184 -> duplicate ACK
[228670.25ms] SEND_ACK ack_num=184
[228670.28ms] RECV_UNEXPECTED seq=183 expected=184 -> duplicate ACK
[228770.48ms] SEND_ACK ack_num=184
[228770.51ms] SIM_LOSS seq=184 dropped artificially
[228770.52ms] RECV_UNEXPECTED seq=185 expected=184 -> duplicate ACK
[228870.83ms] SEND_ACK ack_num=184
[228870.86ms] SIM_LOSS seq=178 dropped artificially
[228870.86ms] RECV_UNEXPECTED seq=179 expected=184 -> duplicate ACK
[228971.17ms] SEND_ACK ack_num=184
[228971.19ms] RECV_UNEXPECTED seq=180 expected=184 -> duplicate ACK
[229071.49ms] SEND_ACK ack_num=184
[229071.52ms] RECV_UNEXPECTED seq=181 expected=184 -> duplicate ACK
[229171.70ms] SEND_ACK ack_num=184
[229171.73ms] RECV_UNEXPECTED seq=182 expected=184 -> duplicate ACK
[229271.93ms] SEND_ACK ack_num=184
[229271.95ms] RECV_UNEXPECTED seq=183 expected=184 -> duplicate ACK
[229372.19ms] SEND_ACK ack_num=184
[229372.21ms] SIM_LOSS seq=184 dropped artificially
[229372.22ms] RECV_UNEXPECTED seq=185 expected=184 -> duplicate ACK
[229472.55ms] SEND_ACK ack_num=184
[229472.58ms] RECV_UNEXPECTED seq=178 expected=184 -> duplicate ACK
[229572.76ms] SEND_ACK ack_num=184
[229572.79ms] RECV_UNEXPECTED seq=179 expected=184 -> duplicate ACK
[229673.06ms] SEND_ACK ack_num=184
[229673.09ms] RECV_UNEXPECTED seq=180 expected=184 -> duplicate ACK
[229773.34ms] SEND_ACK ack_num=184
[229773.37ms] RECV_UNEXPECTED seq=181 expected=184 -> duplicate ACK
[229873.64ms] SEND_ACK ack_num=184
[229873.67ms] RECV_UNEXPECTED seq=182 expected=184 -> duplicate ACK
[229973.90ms] SEND_ACK ack_num=184
[229973.94ms] SIM_LOSS seq=183 dropped artificially
[229973.94ms] RECV seq=184 len=512 accepted, expecting seq=185
[230074.24ms] SEND_ACK ack_num=185
[230074.27ms] RECV seq=185 len=512 accepted, expecting seq=186
[230174.49ms] SEND_ACK ack_num=186
[230174.51ms] SIM_LOSS seq=178 dropped artificially
[230174.52ms] SIM_LOSS seq=179 dropped artificially
[230174.52ms] RECV_UNEXPECTED seq=180 expected=186 -> duplicate ACK
[230274.92ms] SEND_ACK ack_num=186
[230274.97ms] RECV_UNEXPECTED seq=181 expected=186 -> duplicate ACK
[230375.26ms] SEND_ACK ack_num=186
[230375.28ms] RECV_UNEXPECTED seq=182 expected=186 -> duplicate ACK
[230475.47ms] SEND_ACK ack_num=186
[230475.49ms] RECV_UNEXPECTED seq=183 expected=186 -> duplicate ACK
[230575.71ms] SEND_ACK ack_num=186
[230575.74ms] RECV_UNEXPECTED seq=184 expected=186 -> duplicate ACK
[230675.96ms] SEND_ACK ack_num=186
[230675.99ms] RECV_UNEXPECTED seq=185 expected=186 -> duplicate ACK
[230776.30ms] SEND_ACK ack_num=186
[230776.34ms] SIM_LOSS seq=178 dropped artificially
[230776.34ms] RECV_UNEXPECTED seq=179 expected=186 -> duplicate ACK
[230876.58ms] SEND_ACK ack_num=186
[230876.61ms] SIM_LOSS seq=180 dropped artificially
[230876.61ms] RECV_UNEXPECTED seq=181 expected=186 -> duplicate ACK
[230976.87ms] SEND_ACK ack_num=186
[230976.90ms] RECV_UNEXPECTED seq=182 expected=186 -> duplicate ACK
[231080.93ms] SEND_ACK ack_num=186
[231080.96ms] RECV_UNEXPECTED seq=183 expected=186 -> duplicate ACK
[231181.16ms] SEND_ACK ack_num=186
[231181.19ms] RECV_UNEXPECTED seq=184 expected=186 -> duplicate ACK
[231281.39ms] SEND_ACK ack_num=186
[231281.45ms] RECV_UNEXPECTED seq=185 expected=186 -> duplicate ACK
[231381.65ms] SEND_ACK ack_num=186
[231381.68ms] SIM_LOSS seq=186 dropped artificially
[231381.68ms] RECV_UNEXPECTED seq=179 expected=186 -> duplicate ACK
[231481.86ms] SEND_ACK ack_num=186
[231481.89ms] RECV_UNEXPECTED seq=180 expected=186 -> duplicate ACK
[231582.10ms] SEND_ACK ack_num=186
[231582.13ms] RECV_UNEXPECTED seq=181 expected=186 -> duplicate ACK
[231682.37ms] SEND_ACK ack_num=186
[231682.40ms] RECV_UNEXPECTED seq=182 expected=186 -> duplicate ACK
[231782.60ms] SEND_ACK ack_num=186
[231782.63ms] RECV_UNEXPECTED seq=183 expected=186 -> duplicate ACK
[231882.95ms] SEND_ACK ack_num=186
[231882.99ms] RECV_UNEXPECTED seq=184 expected=186 -> duplicate ACK
[231983.18ms] SEND_ACK ack_num=186
[231983.21ms] RECV_UNEXPECTED seq=185 expected=186 -> duplicate ACK
[232083.45ms] SEND_ACK ack_num=186
[232083.49ms] RECV seq=186 len=512 accepted, expecting seq=187
[232183.74ms] SEND_ACK ack_num=187
[232183.78ms] RECV_UNEXPECTED seq=179 expected=187 -> duplicate ACK
[232284.17ms] SEND_ACK ack_num=187
[232284.21ms] RECV_UNEXPECTED seq=180 expected=187 -> duplicate ACK
[232384.47ms] SEND_ACK ack_num=187
[232384.50ms] RECV_UNEXPECTED seq=181 expected=187 -> duplicate ACK
[232484.98ms] SEND_ACK ack_num=187
[232485.01ms] RECV_UNEXPECTED seq=182 expected=187 -> duplicate ACK
[232585.34ms] SEND_ACK ack_num=187
[232585.37ms] RECV_UNEXPECTED seq=183 expected=187 -> duplicate ACK
[232685.59ms] SEND_ACK ack_num=187
[232685.62ms] RECV_UNEXPECTED seq=184 expected=187 -> duplicate ACK
[232785.81ms] SEND_ACK ack_num=187
[232785.83ms] RECV_UNEXPECTED seq=185 expected=187 -> duplicate ACK
[232886.09ms] SEND_ACK ack_num=187
[232886.11ms] RECV_UNEXPECTED seq=186 expected=187 -> duplicate ACK
[232986.33ms] SEND_ACK ack_num=187
[232986.36ms] RECV seq=187 len=512 accepted, expecting seq=188
[233086.77ms] SEND_ACK ack_num=188
[233086.81ms] RECV seq=188 len=512 accepted, expecting seq=189
[233187.03ms] SEND_ACK ack_num=189
[233187.07ms] SIM_LOSS seq=189 dropped artificially
[233187.08ms] RECV_UNEXPECTED seq=190 expected=189 -> duplicate ACK
[233287.29ms] SEND_ACK ack_num=189
[233287.32ms] SIM_LOSS seq=183 dropped artificially
[233287.33ms] RECV_UNEXPECTED seq=184 expected=189 -> duplicate ACK
[233387.63ms] SEND_ACK ack_num=189
[233387.66ms] RECV_UNEXPECTED seq=185 expected=189 -> duplicate ACK
[233487.97ms] SEND_ACK ack_num=189
[233488.00ms] RECV_UNEXPECTED seq=186 expected=189 -> duplicate ACK
[233588.20ms] SEND_ACK ack_num=189
[233588.24ms] RECV_UNEXPECTED seq=187 expected=189 -> duplicate ACK
[233688.54ms] SEND_ACK ack_num=189
[233688.57ms] RECV_UNEXPECTED seq=188 expected=189 -> duplicate ACK
[233788.74ms] SEND_ACK ack_num=189
[233788.77ms] RECV seq=189 len=512 accepted, expecting seq=190
[233888.95ms] SEND_ACK ack_num=190
[233888.99ms] RECV seq=190 len=512 accepted, expecting seq=191
[233989.17ms] SEND_ACK ack_num=191
[233989.20ms] RECV_UNEXPECTED seq=183 expected=191 -> duplicate ACK
[234089.37ms] SEND_ACK ack_num=191
[234089.40ms] SIM_LOSS seq=184 dropped artificially
[234089.40ms] RECV_UNEXPECTED seq=185 expected=191 -> duplicate ACK
[234189.60ms] SEND_ACK ack_num=191
[234189.62ms] RECV_UNEXPECTED seq=186 expected=191 -> duplicate ACK
[234289.82ms] SEND_ACK ack_num=191
[234289.84ms] RECV_UNEXPECTED seq=187 expected=191 -> duplicate ACK
[234390.04ms] SEND_ACK ack_num=191
[234390.08ms] RECV_UNEXPECTED seq=183 expected=191 -> duplicate ACK
[234490.35ms] SEND_ACK ack_num=191
[234490.38ms] RECV_UNEXPECTED seq=184 expected=191 -> duplicate ACK
[234590.55ms] SEND_ACK ack_num=191
[234590.56ms] RECV_UNEXPECTED seq=185 expected=191 -> duplicate ACK
[234690.74ms] SEND_ACK ack_num=191
[234690.76ms] RECV_UNEXPECTED seq=186 expected=191 -> duplicate ACK
[234791.02ms] SEND_ACK ack_num=191
[234791.05ms] RECV_UNEXPECTED seq=187 expected=191 -> duplicate ACK
[234891.21ms] SEND_ACK ack_num=191
[234891.23ms] RECV_UNEXPECTED seq=188 expected=191 -> duplicate ACK
[234991.67ms] SEND_ACK ack_num=191
[234991.72ms] RECV_UNEXPECTED seq=189 expected=191 -> duplicate ACK
[235091.94ms] SEND_ACK ack_num=191
[235091.97ms] RECV_UNEXPECTED seq=190 expected=191 -> duplicate ACK
[235192.19ms] SEND_ACK ack_num=191
[235192.21ms] SIM_LOSS seq=183 dropped artificially
[235192.22ms] RECV_UNEXPECTED seq=184 expected=191 -> duplicate ACK
[235292.42ms] SEND_ACK ack_num=191
[235292.45ms] SIM_LOSS seq=185 dropped artificially
[235292.45ms] RECV_UNEXPECTED seq=186 expected=191 -> duplicate ACK
[235392.75ms] SEND_ACK ack_num=191
[235392.78ms] RECV_UNEXPECTED seq=187 expected=191 -> duplicate ACK
[235492.95ms] SEND_ACK ack_num=191
[235492.97ms] RECV_UNEXPECTED seq=188 expected=191 -> duplicate ACK
[235593.17ms] SEND_ACK ack_num=191
[235593.19ms] RECV_UNEXPECTED seq=189 expected=191 -> duplicate ACK
[235693.39ms] SEND_ACK ack_num=191
[235693.42ms] RECV_UNEXPECTED seq=190 expected=191 -> duplicate ACK
[235793.58ms] SEND_ACK ack_num=191
[235793.68ms] RECV seq=191 len=512 accepted, expecting seq=192
[235893.85ms] SEND_ACK ack_num=192
[235893.88ms] RECV_UNEXPECTED seq=184 expected=192 -> duplicate ACK
[235994.08ms] SEND_ACK ack_num=192
[235994.11ms] RECV_UNEXPECTED seq=185 expected=192 -> duplicate ACK
[236094.32ms] SEND_ACK ack_num=192
[236094.35ms] RECV_UNEXPECTED seq=186 expected=192 -> duplicate ACK
[236194.53ms] SEND_ACK ack_num=192
[236194.59ms] RECV_UNEXPECTED seq=187 expected=192 -> duplicate ACK
[236294.77ms] SEND_ACK ack_num=192
[236294.80ms] RECV_UNEXPECTED seq=188 expected=192 -> duplicate ACK
[236395.01ms] SEND_ACK ack_num=192
[236395.04ms] RECV_UNEXPECTED seq=189 expected=192 -> duplicate ACK
[236495.22ms] SEND_ACK ack_num=192
[236495.25ms] RECV_UNEXPECTED seq=190 expected=192 -> duplicate ACK
[236595.41ms] SEND_ACK ack_num=192
[236595.44ms] RECV_UNEXPECTED seq=191 expected=192 -> duplicate ACK
[236695.66ms] SEND_ACK ack_num=192
[236695.68ms] RECV_UNEXPECTED seq=184 expected=192 -> duplicate ACK
[236825.33ms] SEND_ACK ack_num=192
[236825.36ms] RECV_UNEXPECTED seq=185 expected=192 -> duplicate ACK
[236925.70ms] SEND_ACK ack_num=192
[236925.73ms] RECV_UNEXPECTED seq=186 expected=192 -> duplicate ACK
[237025.97ms] SEND_ACK ack_num=192
[237026.00ms] RECV_UNEXPECTED seq=187 expected=192 -> duplicate ACK
[237126.28ms] SEND_ACK ack_num=192
[237126.31ms] SIM_LOSS seq=188 dropped artificially
[237126.31ms] SIM_LOSS seq=189 dropped artificially
[237126.31ms] RECV_UNEXPECTED seq=190 expected=192 -> duplicate ACK
[237226.58ms] SEND_ACK ack_num=192
[237226.61ms] RECV_UNEXPECTED seq=191 expected=192 -> duplicate ACK
[237326.87ms] SEND_ACK ack_num=192
[237326.89ms] SIM_LOSS seq=184 dropped artificially
[237326.90ms] RECV_UNEXPECTED seq=185 expected=192 -> duplicate ACK
[237427.08ms] SEND_ACK ack_num=192
[237427.10ms] SIM_LOSS seq=186 dropped artificially
[237427.10ms] RECV_UNEXPECTED seq=187 expected=192 -> duplicate ACK
[237527.29ms] SEND_ACK ack_num=192
[237527.33ms] SIM_LOSS seq=188 dropped artificially
[237527.33ms] RECV_UNEXPECTED seq=189 expected=192 -> duplicate ACK
[237627.66ms] SEND_ACK ack_num=192
[237627.70ms] RECV_UNEXPECTED seq=190 expected=192 -> duplicate ACK
[237727.92ms] SEND_ACK ack_num=192
[237727.95ms] RECV_UNEXPECTED seq=191 expected=192 -> duplicate ACK
[237857.21ms] SEND_ACK ack_num=192
[237857.25ms] SIM_LOSS seq=184 dropped artificially
[237857.25ms] RECV_UNEXPECTED seq=184 expected=192 -> duplicate ACK
[237957.42ms] SEND_ACK ack_num=192
[237957.44ms] SIM_LOSS seq=185 dropped artificially
[237957.45ms] RECV_UNEXPECTED seq=186 expected=192 -> duplicate ACK
[238057.61ms] SEND_ACK ack_num=192
[238057.67ms] RECV_UNEXPECTED seq=187 expected=192 -> duplicate ACK
[238158.12ms] SEND_ACK ack_num=192
[238158.23ms] RECV_UNEXPECTED seq=188 expected=192 -> duplicate ACK
[238258.62ms] SEND_ACK ack_num=192
[238258.65ms] RECV_UNEXPECTED seq=189 expected=192 -> duplicate ACK
[238358.90ms] SEND_ACK ack_num=192
[238358.93ms] RECV_UNEXPECTED seq=190 expected=192 -> duplicate ACK
[238459.21ms] SEND_ACK ack_num=192
[238459.24ms] RECV_UNEXPECTED seq=191 expected=192 -> duplicate ACK
[238559.55ms] SEND_ACK ack_num=192
[238559.59ms] SIM_LOSS seq=184 dropped artificially
[238559.59ms] RECV_UNEXPECTED seq=185 expected=192 -> duplicate ACK
[238659.90ms] SEND_ACK ack_num=192
[238659.92ms] SIM_LOSS seq=186 dropped artificially
[238659.93ms] RECV_UNEXPECTED seq=187 expected=192 -> duplicate ACK
[238760.24ms] SEND_ACK ack_num=192
[238760.27ms] RECV_UNEXPECTED seq=188 expected=192 -> duplicate ACK
[238860.53ms] SEND_ACK ack_num=192
[238860.56ms] RECV_UNEXPECTED seq=189 expected=192 -> duplicate ACK
[238960.79ms] SEND_ACK ack_num=192
[238960.88ms] RECV_UNEXPECTED seq=190 expected=192 -> duplicate ACK
[239061.16ms] SEND_ACK ack_num=192
[239061.19ms] RECV_UNEXPECTED seq=191 expected=192 -> duplicate ACK
[239161.47ms] SEND_ACK ack_num=192
[239161.49ms] RECV_UNEXPECTED seq=184 expected=192 -> duplicate ACK
[239261.70ms] SEND_ACK ack_num=192
[239261.72ms] RECV_UNEXPECTED seq=185 expected=192 -> duplicate ACK
[239361.98ms] SEND_ACK ack_num=192
[239362.00ms] RECV_UNEXPECTED seq=186 expected=192 -> duplicate ACK
[239462.21ms] SEND_ACK ack_num=192
[239462.24ms] RECV_UNEXPECTED seq=187 expected=192 -> duplicate ACK
[239562.53ms] SEND_ACK ack_num=192
[239562.56ms] SIM_LOSS seq=188 dropped artificially
[239562.56ms] RECV_UNEXPECTED seq=189 expected=192 -> duplicate ACK
[239662.81ms] SEND_ACK ack_num=192
[239662.83ms] RECV_UNEXPECTED seq=190 expected=192 -> duplicate ACK
[239763.09ms] SEND_ACK ack_num=192
[239763.12ms] SIM_LOSS seq=191 dropped artificially
[239763.12ms] SIM_LOSS seq=184 dropped artificially
[239763.12ms] RECV_UNEXPECTED seq=185 expected=192 -> duplicate ACK
[239863.40ms] SEND_ACK ack_num=192
[239863.43ms] RECV_UNEXPECTED seq=186 expected=192 -> duplicate ACK
[239963.64ms] SEND_ACK ack_num=192
[239963.68ms] SIM_LOSS seq=187 dropped artificially
[239963.69ms] RECV_UNEXPECTED seq=188 expected=192 -> duplicate ACK
[240063.87ms] SEND_ACK ack_num=192
[240063.90ms] RECV_UNEXPECTED seq=189 expected=192 -> duplicate ACK
[240164.13ms] SEND_ACK ack_num=192
[240164.16ms] RECV_UNEXPECTED seq=190 expected=192 -> duplicate ACK
[240264.41ms] SEND_ACK ack_num=192
[240264.44ms] RECV_UNEXPECTED seq=191 expected=192 -> duplicate ACK
[240364.70ms] SEND_ACK ack_num=192
[240364.73ms] RECV_UNEXPECTED seq=184 expected=192 -> duplicate ACK
[240464.94ms] SEND_ACK ack_num=192
[240464.98ms] RECV_UNEXPECTED seq=185 expected=192 -> duplicate ACK
[240565.25ms] SEND_ACK ack_num=192
[240565.30ms] RECV_UNEXPECTED seq=186 expected=192 -> duplicate ACK
[240665.54ms] SEND_ACK ack_num=192
[240665.56ms] RECV_UNEXPECTED seq=187 expected=192 -> duplicate ACK
[240768.93ms] SEND_ACK ack_num=192
[240768.95ms] RECV_UNEXPECTED seq=188 expected=192 -> duplicate ACK
[240869.28ms] SEND_ACK ack_num=192
[240869.31ms] RECV_UNEXPECTED seq=189 expected=192 -> duplicate ACK
[240969.51ms] SEND_ACK ack_num=192
[240969.55ms] RECV_UNEXPECTED seq=190 expected=192 -> duplicate ACK
[241069.82ms] SEND_ACK ack_num=192
[241069.85ms] RECV_UNEXPECTED seq=191 expected=192 -> duplicate ACK
[241170.01ms] SEND_ACK ack_num=192
[241170.04ms] RECV_UNEXPECTED seq=184 expected=192 -> duplicate ACK
[241270.27ms] SEND_ACK ack_num=192
[241270.30ms] RECV_UNEXPECTED seq=185 expected=192 -> duplicate ACK
[241370.68ms] SEND_ACK ack_num=192
[241370.71ms] RECV_UNEXPECTED seq=186 expected=192 -> duplicate ACK
[241470.94ms] SEND_ACK ack_num=192
[241470.97ms] RECV_UNEXPECTED seq=187 expected=192 -> duplicate ACK
[241571.27ms] SEND_ACK ack_num=192
[241571.30ms] RECV_UNEXPECTED seq=188 expected=192 -> duplicate ACK
[241671.54ms] SEND_ACK ack_num=192
[241671.57ms] RECV_UNEXPECTED seq=189 expected=192 -> duplicate ACK
[241771.78ms] SEND_ACK ack_num=192
[241771.80ms] RECV_UNEXPECTED seq=190 expected=192 -> duplicate ACK
[241872.04ms] SEND_ACK ack_num=192
[241872.06ms] RECV_UNEXPECTED seq=191 expected=192 -> duplicate ACK
[241972.32ms] SEND_ACK ack_num=192
[241972.35ms] RECV seq=192 len=512 accepted, expecting seq=193
[242072.56ms] SEND_ACK ack_num=193
[242072.59ms] SIM_LOSS seq=193 dropped artificially
[242072.59ms] RECV_UNEXPECTED seq=186 expected=193 -> duplicate ACK
[242172.81ms] SEND_ACK ack_num=193
[242172.89ms] RECV_UNEXPECTED seq=187 expected=193 -> duplicate ACK
[242273.10ms] SEND_ACK ack_num=193
[242273.16ms] RECV_UNEXPECTED seq=188 expected=193 -> duplicate ACK
[242373.43ms] SEND_ACK ack_num=193
[242373.48ms] RECV_UNEXPECTED seq=189 expected=193 -> duplicate ACK
[242473.72ms] SEND_ACK ack_num=193
[242473.75ms] RECV_UNEXPECTED seq=190 expected=193 -> duplicate ACK
[242574.04ms] SEND_ACK ack_num=193
[242574.08ms] RECV_UNEXPECTED seq=191 expected=193 -> duplicate ACK
[242674.26ms] SEND_ACK ack_num=193
[242674.30ms] RECV_UNEXPECTED seq=192 expected=193 -> duplicate ACK
[242774.48ms] SEND_ACK ack_num=193
[242774.51ms] RECV seq=193 len=512 accepted, expecting seq=194
[242874.71ms] SEND_ACK ack_num=194
[242874.74ms] RECV_UNEXPECTED seq=186 expected=194 -> duplicate ACK
[242974.96ms] SEND_ACK ack_num=194
[242974.99ms] RECV_UNEXPECTED seq=187 expected=194 -> duplicate ACK
[243075.23ms] SEND_ACK ack_num=194
[243075.26ms] RECV_UNEXPECTED seq=188 expected=194 -> duplicate ACK
[243175.45ms] SEND_ACK ack_num=194
[243175.47ms] RECV_UNEXPECTED seq=189 expected=194 -> duplicate ACK
[243275.76ms] SEND_ACK ack_num=194
[243275.79ms] SIM_LOSS seq=190 dropped artificially
[243275.80ms] RECV_UNEXPECTED seq=191 expected=194 -> duplicate ACK
[243376.23ms] SEND_ACK ack_num=194
[243376.26ms] RECV_UNEXPECTED seq=192 expected=194 -> duplicate ACK
[243476.46ms] SEND_ACK ack_num=194
[243476.48ms] RECV_UNEXPECTED seq=193 expected=194 -> duplicate ACK
[243576.75ms] SEND_ACK ack_num=194
[243576.78ms] RECV_UNEXPECTED seq=186 expected=194 -> duplicate ACK
[243676.99ms] SEND_ACK ack_num=194
[243677.02ms] RECV_UNEXPECTED seq=187 expected=194 -> duplicate ACK
[243777.19ms] SEND_ACK ack_num=194
[243777.21ms] RECV_UNEXPECTED seq=188 expected=194 -> duplicate ACK
[243877.46ms] SEND_ACK ack_num=194
[243877.48ms] RECV_UNEXPECTED seq=189 expected=194 -> duplicate ACK
[243977.69ms] SEND_ACK ack_num=194
[243977.71ms] RECV_UNEXPECTED seq=190 expected=194 -> duplicate ACK
[244077.91ms] SEND_ACK ack_num=194
[244077.93ms] RECV_UNEXPECTED seq=191 expected=194 -> duplicate ACK
[244178.12ms] SEND_ACK ack_num=194
[244178.15ms] RECV_UNEXPECTED seq=192 expected=194 -> duplicate ACK
[244278.31ms] SEND_ACK ack_num=194
[244278.34ms] RECV_UNEXPECTED seq=193 expected=194 -> duplicate ACK
[244378.49ms] SEND_ACK ack_num=194
[244378.51ms] RECV seq=194 len=512 accepted, expecting seq=195
[244478.67ms] SEND_ACK ack_num=195
[244478.69ms] RECV_UNEXPECTED seq=187 expected=195 -> duplicate ACK
[244578.88ms] SEND_ACK ack_num=195
[244578.90ms] SIM_LOSS seq=188 dropped artificially
[244578.90ms] RECV_UNEXPECTED seq=189 expected=195 -> duplicate ACK
[244679.03ms] SEND_ACK ack_num=195
[244679.16ms] RECV_UNEXPECTED seq=190 expected=195 -> duplicate ACK
[244779.35ms] SEND_ACK ack_num=195
[244779.37ms] RECV_UNEXPECTED seq=191 expected=195 -> duplicate ACK
[244879.59ms] SEND_ACK ack_num=195
[244879.62ms] RECV_UNEXPECTED seq=192 expected=195 -> duplicate ACK
[244979.82ms] SEND_ACK ack_num=195
[244979.84ms] SIM_LOSS seq=193 dropped artificially
[244979.85ms] RECV_UNEXPECTED seq=194 expected=195 -> duplicate ACK
[245080.04ms] SEND_ACK ack_num=195
[245080.07ms] RECV_UNEXPECTED seq=187 expected=195 -> duplicate ACK
[245180.28ms] SEND_ACK ack_num=195
[245180.31ms] RECV_UNEXPECTED seq=191 expected=195 -> duplicate ACK
[245280.52ms] SEND_ACK ack_num=195
[245280.55ms] RECV_UNEXPECTED seq=192 expected=195 -> duplicate ACK
[245380.79ms] SEND_ACK ack_num=195
[245380.87ms] RECV_UNEXPECTED seq=193 expected=195 -> duplicate ACK
[245481.06ms] SEND_ACK ack_num=195
[245481.10ms] SIM_LOSS seq=194 dropped artificially
[245481.11ms] RECV seq=195 len=512 accepted, expecting seq=196
[245581.33ms] SEND_ACK ack_num=196
[245581.36ms] RECV seq=196 len=512 accepted, expecting seq=197
[245681.51ms] SEND_ACK ack_num=197
[245681.53ms] SIM_LOSS seq=197 dropped artificially
[245681.54ms] RECV_UNEXPECTED seq=198 expected=197 -> duplicate ACK
[245781.68ms] SEND_ACK ack_num=197
[245781.70ms] SIM_LOSS seq=191 dropped artificially
[245781.71ms] RECV_UNEXPECTED seq=192 expected=197 -> duplicate ACK
[245881.88ms] SEND_ACK ack_num=197
[245881.91ms] RECV_UNEXPECTED seq=193 expected=197 -> duplicate ACK
[245982.09ms] SEND_ACK ack_num=197
[245982.11ms] SIM_LOSS seq=194 dropped artificially
[245982.11ms] SIM_LOSS seq=195 dropped artificially
[245982.11ms] RECV_UNEXPECTED seq=196 expected=197 -> duplicate ACK
[246082.28ms] SEND_ACK ack_num=197
[246082.30ms] RECV seq=197 len=512 accepted, expecting seq=198
[246182.45ms] SEND_ACK ack_num=198
[246182.48ms] RECV seq=198 len=512 accepted, expecting seq=199
[246327.50ms] SEND_ACK ack_num=199
[246327.53ms] RECV_UNEXPECTED seq=191 expected=199 -> duplicate ACK
[246427.72ms] SEND_ACK ack_num=199
[246427.78ms] RECV_UNEXPECTED seq=192 expected=199 -> duplicate ACK
[246528.05ms] SEND_ACK ack_num=199
[246528.07ms] RECV_UNEXPECTED seq=193 expected=199 -> duplicate ACK
[246628.24ms] SEND_ACK ack_num=199
[246628.26ms] RECV_UNEXPECTED seq=194 expected=199 -> duplicate ACK
[246728.43ms] SEND_ACK ack_num=199
[246728.46ms] RECV_UNEXPECTED seq=195 expected=199 -> duplicate ACK
[246828.63ms] SEND_ACK ack_num=199
[246828.66ms] RECV_UNEXPECTED seq=196 expected=199 -> duplicate ACK
[246928.88ms] SEND_ACK ack_num=199
[246928.90ms] RECV_UNEXPECTED seq=197 expected=199 -> duplicate ACK
[247029.08ms] SEND_ACK ack_num=199
[247029.10ms] RECV_UNEXPECTED seq=198 expected=199 -> duplicate ACK
[247129.34ms] SEND_ACK ack_num=199
[247129.37ms] RECV_UNEXPECTED seq=191 expected=199 -> duplicate ACK
[247229.53ms] SEND_ACK ack_num=199
[247229.55ms] SIM_LOSS seq=192 dropped artificially
[247229.55ms] RECV_UNEXPECTED seq=193 expected=199 -> duplicate ACK
[247329.82ms] SEND_ACK ack_num=199
[247329.85ms] RECV_UNEXPECTED seq=194 expected=199 -> duplicate ACK
[247430.03ms] SEND_ACK ack_num=199
[247430.06ms] RECV_UNEXPECTED seq=195 expected=199 -> duplicate ACK
[247530.39ms] SEND_ACK ack_num=199
[247530.42ms] SIM_LOSS seq=196 dropped artificially
[247530.43ms] SIM_LOSS seq=197 dropped artificially
[247530.43ms] RECV_UNEXPECTED seq=198 expected=199 -> duplicate ACK
[247630.68ms] SEND_ACK ack_num=199
[247630.71ms] RECV_UNEXPECTED seq=191 expected=199 -> duplicate ACK
[247731.00ms] SEND_ACK ack_num=199
[247731.04ms] SIM_LOSS seq=192 dropped artificially
[247731.04ms] RECV_UNEXPECTED seq=193 expected=199 -> duplicate ACK
[247831.28ms] SEND_ACK ack_num=199
[247831.30ms] RECV_UNEXPECTED seq=194 expected=199 -> duplicate ACK
[247931.53ms] SEND_ACK ack_num=199
[247931.57ms] RECV_UNEXPECTED seq=195 expected=199 -> duplicate ACK
[248031.89ms] SEND_ACK ack_num=199
[248031.92ms] RECV_UNEXPECTED seq=196 expected=199 -> duplicate ACK
[248132.13ms] SEND_ACK ack_num=199
[248132.15ms] RECV_UNEXPECTED seq=197 expected=199 -> duplicate ACK
[248232.36ms] SEND_ACK ack_num=199
[248232.41ms] SIM_LOSS seq=198 dropped artificially
[248232.42ms] RECV seq=199 len=512 accepted, expecting seq=200
[248332.66ms] SEND_ACK ack_num=200
[248332.73ms] RECV_UNEXPECTED seq=192 expected=200 -> duplicate ACK
[248432.94ms] SEND_ACK ack_num=200
[248432.98ms] RECV_UNEXPECTED seq=192 expected=200 -> duplicate ACK
[248533.26ms] SEND_ACK ack_num=200
[248533.29ms] RECV_UNEXPECTED seq=193 expected=200 -> duplicate ACK
[248633.62ms] SEND_ACK ack_num=200
[248633.71ms] RECV_UNEXPECTED seq=194 expected=200 -> duplicate ACK
[248733.96ms] SEND_ACK ack_num=200
[248734.00ms] RECV_UNEXPECTED seq=195 expected=200 -> duplicate ACK
[248834.16ms] SEND_ACK ack_num=200
[248834.26ms] RECV_UNEXPECTED seq=196 expected=200 -> duplicate ACK
[248934.47ms] SEND_ACK ack_num=200
[248934.52ms] RECV_UNEXPECTED seq=197 expected=200 -> duplicate ACK
[249034.73ms] SEND_ACK ack_num=200
[249034.77ms] SIM_LOSS seq=198 dropped artificially
[249034.77ms] SIM_LOSS seq=199 dropped artificially
[249034.78ms] RECV_UNEXPECTED seq=192 expected=200 -> duplicate ACK
[249134.99ms] SEND_ACK ack_num=200
[249135.05ms] RECV_UNEXPECTED seq=193 expected=200 -> duplicate ACK
[249235.23ms] SEND_ACK ack_num=200
[249235.26ms] SIM_LOSS seq=194 dropped artificially
[249235.27ms] RECV_UNEXPECTED seq=195 expected=200 -> duplicate ACK
[249335.52ms] SEND_ACK ack_num=200
[249335.56ms] RECV_UNEXPECTED seq=196 expected=200 -> duplicate ACK
[249435.79ms] SEND_ACK ack_num=200
[249435.82ms] RECV_UNEXPECTED seq=197 expected=200 -> duplicate ACK
[249536.07ms] SEND_ACK ack_num=200
[249536.09ms] RECV_UNEXPECTED seq=198 expected=200 -> duplicate ACK
[249636.35ms] SEND_ACK ack_num=200
[249636.38ms] SIM_LOSS seq=199 dropped artificially
[249636.39ms] RECV_UNEXPECTED seq=192 expected=200 -> duplicate ACK
[249736.67ms] SEND_ACK ack_num=200
[249736.70ms] RECV_UNEXPECTED seq=193 expected=200 -> duplicate ACK
[249836.92ms] SEND_ACK ack_num=200
[249836.94ms] SIM_LOSS seq=194 dropped artificially
[249836.95ms] SIM_LOSS seq=195 dropped artificially
[249836.95ms] RECV_UNEXPECTED seq=196 expected=200 -> duplicate ACK
[249937.24ms] SEND_ACK ack_num=200
[249937.27ms] RECV_UNEXPECTED seq=197 expected=200 -> duplicate ACK
[250037.52ms] SEND_ACK ack_num=200
[250037.60ms] RECV_UNEXPECTED seq=198 expected=200 -> duplicate ACK
[250137.84ms] SEND_ACK ack_num=200
[250137.86ms] RECV_UNEXPECTED seq=199 expected=200 -> duplicate ACK
[250238.13ms] SEND_ACK ack_num=200
[250238.17ms] RECV_UNEXPECTED seq=192 expected=200 -> duplicate ACK
[250338.41ms] SEND_ACK ack_num=200
[250338.45ms] RECV_UNEXPECTED seq=193 expected=200 -> duplicate ACK
[250438.66ms] SEND_ACK ack_num=200
[250438.69ms] RECV_UNEXPECTED seq=194 expected=200 -> duplicate ACK
[250538.92ms] SEND_ACK ack_num=200
[250538.96ms] RECV_UNEXPECTED seq=195 expected=200 -> duplicate ACK
[250639.23ms] SEND_ACK ack_num=200
[250639.27ms] RECV_UNEXPECTED seq=196 expected=200 -> duplicate ACK
[250739.64ms] SEND_ACK ack_num=200
[250739.66ms] SIM_LOSS seq=197 dropped artificially
[250739.67ms] SIM_LOSS seq=198 dropped artificially
[250739.67ms] SIM_LOSS seq=199 dropped artificially
[250739.68ms] RECV_UNEXPECTED seq=192 expected=200 -> duplicate ACK
[250839.95ms] SEND_ACK ack_num=200
[250839.99ms] RECV_UNEXPECTED seq=193 expected=200 -> duplicate ACK
[250940.19ms] SEND_ACK ack_num=200
[250940.22ms] SIM_LOSS seq=194 dropped artificially
[250940.22ms] RECV_UNEXPECTED seq=195 expected=200 -> duplicate ACK
[251040.41ms] SEND_ACK ack_num=200
[251040.43ms] RECV_UNEXPECTED seq=196 expected=200 -> duplicate ACK
[251140.64ms] SEND_ACK ack_num=200
[251140.67ms] SIM_LOSS seq=197 dropped artificially
[251140.67ms] RECV_UNEXPECTED seq=198 expected=200 -> duplicate ACK
[251240.92ms] SEND_ACK ack_num=200
[251240.96ms] SIM_LOSS seq=199 dropped artificially
[251240.97ms] RECV_UNEXPECTED seq=192 expected=200 -> duplicate ACK
[251341.16ms] SEND_ACK ack_num=200
[251341.19ms] SIM_LOSS seq=193 dropped artificially
[251341.19ms] RECV_UNEXPECTED seq=192 expected=200 -> duplicate ACK
[251441.39ms] SEND_ACK ack_num=200
[251441.42ms] RECV_UNEXPECTED seq=193 expected=200 -> duplicate ACK
[251541.72ms] SEND_ACK ack_num=200
[251541.75ms] RECV_UNEXPECTED seq=194 expected=200 -> duplicate ACK
[251641.94ms] SEND_ACK ack_num=200
[251641.96ms] RECV_UNEXPECTED seq=195 expected=200 -> duplicate ACK
[251742.19ms] SEND_ACK ack_num=200
[251742.22ms] SIM_LOSS seq=196 dropped artificially
[251742.22ms] SIM_LOSS seq=197 dropped artificially
[251742.23ms] RECV_UNEXPECTED seq=198 expected=200 -> duplicate ACK
[251842.46ms] SEND_ACK ack_num=200
[251842.50ms] RECV_UNEXPECTED seq=199 expected=200 -> duplicate ACK
[251942.68ms] SEND_ACK ack_num=200
[251942.70ms] SIM_LOSS seq=192 dropped artificially
[251942.71ms] SIM_LOSS seq=193 dropped artificially
[251942.71ms] RECV_UNEXPECTED seq=194 expected=200 -> duplicate ACK
[252042.92ms] SEND_ACK ack_num=200
[252042.96ms] RECV_UNEXPECTED seq=195 expected=200 -> duplicate ACK
[252143.25ms] SEND_ACK ack_num=200
[252143.29ms] RECV_UNEXPECTED seq=196 expected=200 -> duplicate ACK
[252243.55ms] SEND_ACK ack_num=200
[252243.58ms] RECV_UNEXPECTED seq=197 expected=200 -> duplicate ACK
[252343.84ms] SEND_ACK ack_num=200
[252343.87ms] RECV_UNEXPECTED seq=198 expected=200 -> duplicate ACK
[252444.09ms] SEND_ACK ack_num=200
[252444.13ms] RECV_UNEXPECTED seq=199 expected=200 -> duplicate ACK
[252544.32ms] SEND_ACK ack_num=200
[252544.35ms] RECV seq=200 len=512 accepted, expecting seq=201
[252644.55ms] SEND_ACK ack_num=201
[252644.58ms] SIM_LOSS seq=193 dropped artificially
[252644.59ms] SIM_LOSS seq=194 dropped artificially
[252644.59ms] RECV_UNEXPECTED seq=195 expected=201 -> duplicate ACK
[252744.87ms] SEND_ACK ack_num=201
[252744.90ms] RECV_UNEXPECTED seq=196 expected=201 -> duplicate ACK
[252845.10ms] SEND_ACK ack_num=201
[252845.13ms] RECV_UNEXPECTED seq=197 expected=201 -> duplicate ACK
[252945.30ms] SEND_ACK ack_num=201
[252945.35ms] SIM_LOSS seq=198 dropped artificially
[252945.36ms] RECV_UNEXPECTED seq=199 expected=201 -> duplicate ACK
[253045.74ms] SEND_ACK ack_num=201
[253045.81ms] RECV_UNEXPECTED seq=200 expected=201 -> duplicate ACK
[253146.02ms] SEND_ACK ack_num=201
[253146.05ms] RECV_UNEXPECTED seq=193 expected=201 -> duplicate ACK
[253246.24ms] SEND_ACK ack_num=201
[253246.27ms] RECV_UNEXPECTED seq=194 expected=201 -> duplicate ACK
[253346.51ms] SEND_ACK ack_num=201
[253346.54ms] RECV_UNEXPECTED seq=195 expected=201 -> duplicate ACK
[253446.73ms] SEND_ACK ack_num=201
[253446.76ms] RECV_UNEXPECTED seq=196 expected=201 -> duplicate ACK
[253547.05ms] SEND_ACK ack_num=201
[253547.08ms] RECV_UNEXPECTED seq=197 expected=201 -> duplicate ACK
[253647.30ms] SEND_ACK ack_num=201
[253647.33ms] RECV_UNEXPECTED seq=198 expected=201 -> duplicate ACK
[253747.53ms] SEND_ACK ack_num=201
[253747.56ms] RECV_UNEXPECTED seq=199 expected=201 -> duplicate ACK
[253847.73ms] SEND_ACK ack_num=201
[253847.75ms] RECV_UNEXPECTED seq=200 expected=201 -> duplicate ACK
[253947.89ms] SEND_ACK ack_num=201
[253947.93ms] RECV seq=201 len=512 accepted, expecting seq=202
[254048.10ms] SEND_ACK ack_num=202
[254048.13ms] SIM_LOSS seq=194 dropped artificially
[254048.13ms] RECV_UNEXPECTED seq=195 expected=202 -> duplicate ACK
[254148.33ms] SEND_ACK ack_num=202
[254148.36ms] SIM_LOSS seq=196 dropped artificially
[254148.36ms] RECV_UNEXPECTED seq=197 expected=202 -> duplicate ACK
[254248.53ms] SEND_ACK ack_num=202
[254248.56ms] RECV_UNEXPECTED seq=198 expected=202 -> duplicate ACK
[254348.76ms] SEND_ACK ack_num=202
[254348.79ms] RECV_UNEXPECTED seq=199 expected=202 -> duplicate ACK
[254448.97ms] SEND_ACK ack_num=202
[254449.00ms] RECV_UNEXPECTED seq=200 expected=202 -> duplicate ACK
[254549.17ms] SEND_ACK ack_num=202
[254549.22ms] RECV_UNEXPECTED seq=201 expected=202 -> duplicate ACK
[254649.38ms] SEND_ACK ack_num=202
[254649.41ms] RECV_UNEXPECTED seq=195 expected=202 -> duplicate ACK
[254749.60ms] SEND_ACK ack_num=202
[254749.63ms] RECV_UNEXPECTED seq=196 expected=202 -> duplicate ACK
[254849.83ms] SEND_ACK ack_num=202
[254849.86ms] RECV_UNEXPECTED seq=197 expected=202 -> duplicate ACK
[254950.05ms] SEND_ACK ack_num=202
[254950.07ms] RECV_UNEXPECTED seq=198 expected=202 -> duplicate ACK
[255050.32ms] SEND_ACK ack_num=202
[255050.35ms] RECV_UNEXPECTED seq=199 expected=202 -> duplicate ACK
[255150.54ms] SEND_ACK ack_num=202
[255150.57ms] RECV_UNEXPECTED seq=200 expected=202 -> duplicate ACK
[255250.69ms] SEND_ACK ack_num=202
[255250.71ms] RECV_UNEXPECTED seq=201 expected=202 -> duplicate ACK
[255350.89ms] SEND_ACK ack_num=202
[255350.92ms] RECV seq=202 len=512 accepted, expecting seq=203
[255451.17ms] SEND_ACK ack_num=203
[255451.21ms] RECV seq=203 len=512 accepted, expecting seq=204
[255551.40ms] SEND_ACK ack_num=204
[255551.44ms] RECV seq=204 len=512 accepted, expecting seq=205
[255651.60ms] SEND_ACK ack_num=205
[255651.63ms] RECV_UNEXPECTED seq=197 expected=205 -> duplicate ACK
[255751.82ms] SEND_ACK ack_num=205
[255751.86ms] RECV_UNEXPECTED seq=198 expected=205 -> duplicate ACK
[255852.08ms] SEND_ACK ack_num=205
[255852.16ms] RECV_UNEXPECTED seq=199 expected=205 -> duplicate ACK
[255952.32ms] SEND_ACK ack_num=205
[255952.34ms] RECV_UNEXPECTED seq=200 expected=205 -> duplicate ACK
[256052.53ms] SEND_ACK ack_num=205
[256052.58ms] RECV_UNEXPECTED seq=201 expected=205 -> duplicate ACK
[256152.78ms] SEND_ACK ack_num=205
[256152.81ms] SIM_LOSS seq=202 dropped artificially
[256152.81ms] RECV_UNEXPECTED seq=203 expected=205 -> duplicate ACK
[256253.11ms] SEND_ACK ack_num=205
[256253.13ms] SIM_LOSS seq=204 dropped artificially
[256253.14ms] RECV seq=205 len=512 accepted, expecting seq=206
[256353.36ms] SEND_ACK ack_num=206
[256353.39ms] RECV seq=206 len=512 accepted, expecting seq=207
[256453.68ms] SEND_ACK ack_num=207
[256453.72ms] RECV_UNEXPECTED seq=199 expected=207 -> duplicate ACK
[256553.91ms] SEND_ACK ack_num=207
[256553.94ms] RECV_UNEXPECTED seq=200 expected=207 -> duplicate ACK
[256654.18ms] SEND_ACK ack_num=207
[256654.21ms] SIM_LOSS seq=201 dropped artificially
[256654.22ms] RECV_UNEXPECTED seq=202 expected=207 -> duplicate ACK
[256754.44ms] SEND_ACK ack_num=207
[256754.47ms] SIM_LOSS seq=203 dropped artificially
[256754.47ms] RECV_UNEXPECTED seq=204 expected=207 -> duplicate ACK
[256854.68ms] SEND_ACK ack_num=207
[256854.71ms] SIM_LOSS seq=205 dropped artificially
[256854.71ms] RECV_UNEXPECTED seq=206 expected=207 -> duplicate ACK
[256954.93ms] SEND_ACK ack_num=207
[256954.98ms] SIM_LOSS seq=199 dropped artificially
[256954.98ms] RECV_UNEXPECTED seq=200 expected=207 -> duplicate ACK
[257055.17ms] SEND_ACK ack_num=207
[257055.20ms] SIM_LOSS seq=201 dropped artificially
[257055.20ms] RECV_UNEXPECTED seq=202 expected=207 -> duplicate ACK
[257155.39ms] SEND_ACK ack_num=207
[257155.42ms] RECV_UNEXPECTED seq=203 expected=207 -> duplicate ACK
[257255.68ms] SEND_ACK ack_num=207
[257255.71ms] SIM_LOSS seq=204 dropped artificially
[257255.71ms] RECV_UNEXPECTED seq=205 expected=207 -> duplicate ACK
[257355.87ms] SEND_ACK ack_num=207
[257355.89ms] SIM_LOSS seq=206 dropped artificially
[257355.89ms] RECV_UNEXPECTED seq=199 expected=207 -> duplicate ACK
[257456.09ms] SEND_ACK ack_num=207
[257456.16ms] SIM_LOSS seq=200 dropped artificially
[257456.17ms] RECV_UNEXPECTED seq=201 expected=207 -> duplicate ACK
[257556.36ms] SEND_ACK ack_num=207
[257556.39ms] SIM_LOSS seq=202 dropped artificially
[257556.39ms] RECV_UNEXPECTED seq=203 expected=207 -> duplicate ACK
[257656.61ms] SEND_ACK ack_num=207
[257656.63ms] RECV_UNEXPECTED seq=204 expected=207 -> duplicate ACK
[257756.89ms] SEND_ACK ack_num=207
[257756.91ms] RECV_UNEXPECTED seq=200 expected=207 -> duplicate ACK
[257857.07ms] SEND_ACK ack_num=207
[257857.10ms] RECV_UNEXPECTED seq=201 expected=207 -> duplicate ACK
[257957.27ms] SEND_ACK ack_num=207
[257957.29ms] SIM_LOSS seq=202 dropped artificially
[257957.29ms] RECV_UNEXPECTED seq=203 expected=207 -> duplicate ACK
[258057.47ms] SEND_ACK ack_num=207
[258057.49ms] RECV_UNEXPECTED seq=204 expected=207 -> duplicate ACK
[258157.68ms] SEND_ACK ack_num=207
[258157.71ms] SIM_LOSS seq=205 dropped artificially
[258157.71ms] RECV_UNEXPECTED seq=206 expected=207 -> duplicate ACK
[258257.94ms] SEND_ACK ack_num=207
[258258.00ms] RECV seq=207 len=512 accepted, expecting seq=208
[258358.19ms] SEND_ACK ack_num=208
[258358.21ms] RECV_UNEXPECTED seq=200 expected=208 -> duplicate ACK
[258458.38ms] SEND_ACK ack_num=208
[258458.41ms] RECV_UNEXPECTED seq=201 expected=208 -> duplicate ACK
[258558.58ms] SEND_ACK ack_num=208
[258558.61ms] RECV_UNEXPECTED seq=202 expected=208 -> duplicate ACK
[258658.83ms] SEND_ACK ack_num=208
[258658.86ms] RECV_UNEXPECTED seq=203 expected=208 -> duplicate ACK
[258759.04ms] SEND_ACK ack_num=208
[258759.07ms] RECV_UNEXPECTED seq=204 expected=208 -> duplicate ACK
[258859.31ms] SEND_ACK ack_num=208
[258859.33ms] RECV_UNEXPECTED seq=205 expected=208 -> duplicate ACK
[258959.64ms] SEND_ACK ack_num=208
[258959.67ms] RECV_UNEXPECTED seq=206 expected=208 -> duplicate ACK
[259059.92ms] SEND_ACK ack_num=208
[259059.94ms] RECV_UNEXPECTED seq=207 expected=208 -> duplicate ACK
[259160.11ms] SEND_ACK ack_num=208
[259160.13ms] RECV_UNEXPECTED seq=200 expected=208 -> duplicate ACK
[259260.31ms] SEND_ACK ack_num=208
[259260.33ms] RECV_UNEXPECTED seq=201 expected=208 -> duplicate ACK
[259360.53ms] SEND_ACK ack_num=208
[259360.56ms] RECV_UNEXPECTED seq=202 expected=208 -> duplicate ACK
[259460.76ms] SEND_ACK ack_num=208
[259460.79ms] RECV_UNEXPECTED seq=203 expected=208 -> duplicate ACK
[259560.96ms] SEND_ACK ack_num=208
[259560.98ms] RECV_UNEXPECTED seq=204 expected=208 -> duplicate ACK
[259661.14ms] SEND_ACK ack_num=208
[259661.16ms] RECV_UNEXPECTED seq=205 expected=208 -> duplicate ACK
[259761.33ms] SEND_ACK ack_num=208
[259761.36ms] RECV_UNEXPECTED seq=206 expected=208 -> duplicate ACK
[259861.50ms] SEND_ACK ack_num=208
[259861.52ms] RECV_UNEXPECTED seq=207 expected=208 -> duplicate ACK
[259961.69ms] SEND_ACK ack_num=208
[259961.72ms] SIM_LOSS seq=200 dropped artificially
[259961.72ms] SIM_LOSS seq=201 dropped artificially
[259961.72ms] RECV_UNEXPECTED seq=202 expected=208 -> duplicate ACK
[260061.91ms] SEND_ACK ack_num=208
[260061.94ms] RECV_UNEXPECTED seq=203 expected=208 -> duplicate ACK
[260162.11ms] SEND_ACK ack_num=208
[260162.13ms] RECV_UNEXPECTED seq=204 expected=208 -> duplicate ACK
[260262.31ms] SEND_ACK ack_num=208
[260262.34ms] RECV_UNEXPECTED seq=205 expected=208 -> duplicate ACK
[260362.51ms] SEND_ACK ack_num=208
[260362.53ms] RECV_UNEXPECTED seq=206 expected=208 -> duplicate ACK
[260462.69ms] SEND_ACK ack_num=208
[260462.71ms] SIM_LOSS seq=207 dropped artificially
[260462.71ms] RECV_UNEXPECTED seq=200 expected=208 -> duplicate ACK
[260562.90ms] SEND_ACK ack_num=208
[260562.92ms] RECV_UNEXPECTED seq=201 expected=208 -> duplicate ACK
[260663.08ms] SEND_ACK ack_num=208
[260663.24ms] RECV_UNEXPECTED seq=202 expected=208 -> duplicate ACK
[260763.40ms] SEND_ACK ack_num=208
[260763.42ms] RECV_UNEXPECTED seq=203 expected=208 -> duplicate ACK
[260863.65ms] SEND_ACK ack_num=208
[260863.68ms] RECV_UNEXPECTED seq=204 expected=208 -> duplicate ACK
[260963.82ms] SEND_ACK ack_num=208
[260963.85ms] RECV_UNEXPECTED seq=205 expected=208 -> duplicate ACK
[261064.03ms] SEND_ACK ack_num=208
[261064.05ms] RECV_UNEXPECTED seq=206 expected=208 -> duplicate ACK
[261164.27ms] SEND_ACK ack_num=208
[261164.29ms] RECV_UNEXPECTED seq=207 expected=208 -> duplicate ACK
[261264.55ms] SEND_ACK ack_num=208
[261264.58ms] RECV_UNEXPECTED seq=200 expected=208 -> duplicate ACK
[261364.94ms] SEND_ACK ack_num=208
[261364.96ms] RECV_UNEXPECTED seq=201 expected=208 -> duplicate ACK
[261465.17ms] SEND_ACK ack_num=208
[261465.20ms] RECV_UNEXPECTED seq=200 expected=208 -> duplicate ACK
[261565.46ms] SEND_ACK ack_num=208
[261565.49ms] RECV_UNEXPECTED seq=201 expected=208 -> duplicate ACK
[261665.68ms] SEND_ACK ack_num=208
[261665.70ms] RECV_UNEXPECTED seq=202 expected=208 -> duplicate ACK
[261765.89ms] SEND_ACK ack_num=208
[261765.92ms] RECV_UNEXPECTED seq=203 expected=208 -> duplicate ACK
[261866.16ms] SEND_ACK ack_num=208
[261866.19ms] RECV_UNEXPECTED seq=204 expected=208 -> duplicate ACK
[261966.34ms] SEND_ACK ack_num=208
[261966.36ms] RECV_UNEXPECTED seq=205 expected=208 -> duplicate ACK
[262066.54ms] SEND_ACK ack_num=208
[262066.57ms] RECV_UNEXPECTED seq=206 expected=208 -> duplicate ACK
[262166.85ms] SEND_ACK ack_num=208
[262166.88ms] RECV_UNEXPECTED seq=207 expected=208 -> duplicate ACK
[262267.07ms] SEND_ACK ack_num=208
[262267.09ms] RECV_UNEXPECTED seq=200 expected=208 -> duplicate ACK
[262367.37ms] SEND_ACK ack_num=208
[262367.39ms] RECV_UNEXPECTED seq=201 expected=208 -> duplicate ACK
[262467.63ms] SEND_ACK ack_num=208
[262467.66ms] RECV_UNEXPECTED seq=202 expected=208 -> duplicate ACK
[262567.96ms] SEND_ACK ack_num=208
[262567.99ms] RECV_UNEXPECTED seq=203 expected=208 -> duplicate ACK
[262668.20ms] SEND_ACK ack_num=208
[262668.23ms] RECV_UNEXPECTED seq=204 expected=208 -> duplicate ACK
[262768.52ms] SEND_ACK ack_num=208
[262768.55ms] RECV_UNEXPECTED seq=205 expected=208 -> duplicate ACK
[262868.80ms] SEND_ACK ack_num=208
[262868.92ms] RECV_UNEXPECTED seq=206 expected=208 -> duplicate ACK
[262969.10ms] SEND_ACK ack_num=208
[262969.12ms] RECV_UNEXPECTED seq=207 expected=208 -> duplicate ACK
[263069.33ms] SEND_ACK ack_num=208
[263069.37ms] RECV_UNEXPECTED seq=200 expected=208 -> duplicate ACK
[263169.59ms] SEND_ACK ack_num=208
[263169.61ms] RECV_UNEXPECTED seq=201 expected=208 -> duplicate ACK
[263269.84ms] SEND_ACK ack_num=208
[263269.87ms] RECV_UNEXPECTED seq=202 expected=208 -> duplicate ACK
[263370.11ms] SEND_ACK ack_num=208
[263370.13ms] RECV_UNEXPECTED seq=203 expected=208 -> duplicate ACK
[263470.37ms] SEND_ACK ack_num=208
[263470.40ms] RECV_UNEXPECTED seq=204 expected=208 -> duplicate ACK
[263570.68ms] SEND_ACK ack_num=208
[263570.71ms] SIM_LOSS seq=205 dropped artificially
[263570.71ms] SIM_LOSS seq=206 dropped artificially
[263570.71ms] RECV_UNEXPECTED seq=207 expected=208 -> duplicate ACK
[263670.88ms] SEND_ACK ack_num=208
[263670.90ms] SIM_LOSS seq=200 dropped artificially
[263670.91ms] RECV_UNEXPECTED seq=201 expected=208 -> duplicate ACK
[263771.09ms] SEND_ACK ack_num=208
[263771.11ms] RECV_UNEXPECTED seq=202 expected=208 -> duplicate ACK
[263871.28ms] SEND_ACK ack_num=208
[263871.31ms] RECV_UNEXPECTED seq=203 expected=208 -> duplicate ACK
[263971.54ms] SEND_ACK ack_num=208
[263971.57ms] RECV_UNEXPECTED seq=204 expected=208 -> duplicate ACK
[264071.80ms] SEND_ACK ack_num=208
[264071.84ms] RECV_UNEXPECTED seq=205 expected=208 -> duplicate ACK
[264172.01ms] SEND_ACK ack_num=208
[264172.04ms] RECV_UNEXPECTED seq=206 expected=208 -> duplicate ACK
[264272.26ms] SEND_ACK ack_num=208
[264272.29ms] RECV_UNEXPECTED seq=207 expected=208 -> duplicate ACK
[264372.51ms] SEND_ACK ack_num=208
[264372.54ms] RECV seq=208 len=512 accepted, expecting seq=209
[264472.72ms] SEND_ACK ack_num=209
[264472.75ms] RECV_UNEXPECTED seq=201 expected=209 -> duplicate ACK
[264572.97ms] SEND_ACK ack_num=209
[264573.00ms] RECV_UNEXPECTED seq=202 expected=209 -> duplicate ACK
[264673.19ms] SEND_ACK ack_num=209
[264673.22ms] RECV_UNEXPECTED seq=203 expected=209 -> duplicate ACK
[264773.41ms] SEND_ACK ack_num=209
[264773.46ms] RECV_UNEXPECTED seq=204 expected=209 -> duplicate ACK
[264873.66ms] SEND_ACK ack_num=209
[264873.69ms] RECV_UNEXPECTED seq=205 expected=209 -> duplicate ACK
[264973.89ms] SEND_ACK ack_num=209
[264973.91ms] RECV_UNEXPECTED seq=206 expected=209 -> duplicate ACK
[265074.17ms] SEND_ACK ack_num=209
[265074.20ms] RECV_UNEXPECTED seq=207 expected=209 -> duplicate ACK
[265174.41ms] SEND_ACK ack_num=209
[265174.44ms] RECV_UNEXPECTED seq=208 expected=209 -> duplicate ACK
[265274.67ms] SEND_ACK ack_num=209
[265274.70ms] SIM_LOSS seq=201 dropped artificially
[265274.70ms] RECV_UNEXPECTED seq=202 expected=209 -> duplicate ACK
[265374.90ms] SEND_ACK ack_num=209
[265374.92ms] RECV_UNEXPECTED seq=203 expected=209 -> duplicate ACK
[265475.14ms] SEND_ACK ack_num=209
[265475.17ms] RECV_UNEXPECTED seq=204 expected=209 -> duplicate ACK
[265575.35ms] SEND_ACK ack_num=209
[265575.40ms] RECV_UNEXPECTED seq=205 expected=209 -> duplicate ACK
[265675.62ms] SEND_ACK ack_num=209
[265675.64ms] RECV_UNEXPECTED seq=206 expected=209 -> duplicate ACK
[265775.85ms] SEND_ACK ack_num=209
[265775.88ms] RECV_UNEXPECTED seq=207 expected=209 -> duplicate ACK
[265876.14ms] SEND_ACK ack_num=209
[265876.17ms] RECV_UNEXPECTED seq=208 expected=209 -> duplicate ACK
[265976.35ms] SEND_ACK ack_num=209
[265976.37ms] SIM_LOSS seq=209 dropped artificially
[265976.38ms] RECV_UNEXPECTED seq=202 expected=209 -> duplicate ACK
[266076.59ms] SEND_ACK ack_num=209
[266076.62ms] RECV_UNEXPECTED seq=203 expected=209 -> duplicate ACK
[266176.90ms] SEND_ACK ack_num=209
[266176.93ms] RECV_UNEXPECTED seq=204 expected=209 -> duplicate ACK
[266277.11ms] SEND_ACK ack_num=209
[266277.14ms] RECV_UNEXPECTED seq=205 expected=209 -> duplicate ACK
[266377.39ms] SEND_ACK ack_num=209
[266377.41ms] RECV_UNEXPECTED seq=206 expected=209 -> duplicate ACK
[266477.64ms] SEND_ACK ack_num=209
[266477.67ms] RECV_UNEXPECTED seq=207 expected=209 -> duplicate ACK
[266577.88ms] SEND_ACK ack_num=209
[266577.91ms] RECV_UNEXPECTED seq=208 expected=209 -> duplicate ACK
[266678.13ms] SEND_ACK ack_num=209
[266678.15ms] RECV seq=209 len=512 accepted, expecting seq=210
[266778.43ms] SEND_ACK ack_num=210
[266778.46ms] SIM_LOSS seq=210 dropped artificially
[266778.46ms] RECV_UNEXPECTED seq=211 expected=210 -> duplicate ACK
[266878.72ms] SEND_ACK ack_num=210
[266878.75ms] RECV_UNEXPECTED seq=212 expected=210 -> duplicate ACK
[266978.92ms] SEND_ACK ack_num=210
[266978.95ms] RECV_UNEXPECTED seq=205 expected=210 -> duplicate ACK
[267079.14ms] SEND_ACK ack_num=210
[267079.16ms] RECV_UNEXPECTED seq=206 expected=210 -> duplicate ACK
[267179.38ms] SEND_ACK ack_num=210
[267179.43ms] RECV_UNEXPECTED seq=207 expected=210 -> duplicate ACK
[267279.63ms] SEND_ACK ack_num=210
[267279.66ms] RECV_UNEXPECTED seq=208 expected=210 -> duplicate ACK
[267379.85ms] SEND_ACK ack_num=210
[267379.87ms] RECV_UNEXPECTED seq=209 expected=210 -> duplicate ACK
[267480.15ms] SEND_ACK ack_num=210
[267480.18ms] RECV seq=210 len=512 accepted, expecting seq=211
[267580.40ms] SEND_ACK ack_num=211
[267580.43ms] RECV seq=211 len=512 accepted, expecting seq=212
[267680.66ms] SEND_ACK ack_num=212
[267680.69ms] RECV seq=212 len=512 accepted, expecting seq=213
[267780.94ms] SEND_ACK ack_num=213
[267780.97ms] RECV_UNEXPECTED seq=205 expected=213 -> duplicate ACK
[267881.17ms] SEND_ACK ack_num=213
[267881.23ms] RECV_UNEXPECTED seq=206 expected=213 -> duplicate ACK
[267981.42ms] SEND_ACK ack_num=213
[267981.44ms] RECV_UNEXPECTED seq=207 expected=213 -> duplicate ACK
[268081.61ms] SEND_ACK ack_num=213
[268081.64ms] RECV_UNEXPECTED seq=208 expected=213 -> duplicate ACK
[268181.81ms] SEND_ACK ack_num=213
[268181.84ms] RECV_UNEXPECTED seq=209 expected=213 -> duplicate ACK
[268282.01ms] SEND_ACK ack_num=213
[268282.04ms] RECV_UNEXPECTED seq=210 expected=213 -> duplicate ACK
[268382.24ms] SEND_ACK ack_num=213
[268382.26ms] RECV_UNEXPECTED seq=211 expected=213 -> duplicate ACK
[268482.45ms] SEND_ACK ack_num=213
[268482.48ms] RECV_UNEXPECTED seq=212 expected=213 -> duplicate ACK
[268582.69ms] SEND_ACK ack_num=213
[268582.72ms] RECV seq=213 len=512 accepted, expecting seq=214
[268682.91ms] SEND_ACK ack_num=214
[268682.93ms] RECV seq=214 len=512 accepted, expecting seq=215
[268783.09ms] SEND_ACK ack_num=215
[268783.11ms] RECV_UNEXPECTED seq=207 expected=215 -> duplicate ACK
[268883.35ms] SEND_ACK ack_num=215
[268883.37ms] RECV_UNEXPECTED seq=208 expected=215 -> duplicate ACK
[268983.58ms] SEND_ACK ack_num=215
[268983.62ms] RECV_UNEXPECTED seq=209 expected=215 -> duplicate ACK
[269083.77ms] SEND_ACK ack_num=215
[269083.80ms] SIM_LOSS seq=210 dropped artificially
[269083.80ms] RECV_UNEXPECTED seq=211 expected=215 -> duplicate ACK
[269183.97ms] SEND_ACK ack_num=215
[269184.00ms] RECV_UNEXPECTED seq=207 expected=215 -> duplicate ACK
[269284.21ms] SEND_ACK ack_num=215
[269284.24ms] RECV_UNEXPECTED seq=208 expected=215 -> duplicate ACK
[269384.45ms] SEND_ACK ack_num=215
[269384.47ms] SIM_LOSS seq=209 dropped artificially
[269384.47ms] RECV_UNEXPECTED seq=210 expected=215 -> duplicate ACK
[269484.73ms] SEND_ACK ack_num=215
[269484.77ms] RECV_UNEXPECTED seq=211 expected=215 -> duplicate ACK
[269585.04ms] SEND_ACK ack_num=215
[269585.09ms] SIM_LOSS seq=212 dropped artificially
[269585.10ms] SIM_LOSS seq=213 dropped artificially
[269585.10ms] RECV_UNEXPECTED seq=214 expected=215 -> duplicate ACK
[269685.32ms] SEND_ACK ack_num=215
[269685.35ms] SIM_LOSS seq=207 dropped artificially
[269685.36ms] RECV_UNEXPECTED seq=208 expected=215 -> duplicate ACK
[269785.60ms] SEND_ACK ack_num=215
[269785.63ms] RECV_UNEXPECTED seq=209 expected=215 -> duplicate ACK
[269885.94ms] SEND_ACK ack_num=215
[269885.97ms] RECV_UNEXPECTED seq=210 expected=215 -> duplicate ACK
[269986.12ms] SEND_ACK ack_num=215
[269986.14ms] RECV_UNEXPECTED seq=211 expected=215 -> duplicate ACK
[270086.33ms] SEND_ACK ack_num=215
[270086.36ms] RECV_UNEXPECTED seq=212 expected=215 -> duplicate ACK
[270186.60ms] SEND_ACK ack_num=215
[270186.62ms] RECV_UNEXPECTED seq=213 expected=215 -> duplicate ACK
[270286.84ms] SEND_ACK ack_num=215
[270286.87ms] RECV_UNEXPECTED seq=214 expected=215 -> duplicate ACK
[270387.06ms] SEND_ACK ack_num=215
[270387.09ms] RECV seq=215 len=512 accepted, expecting seq=216
[270487.33ms] SEND_ACK ack_num=216
[270487.36ms] RECV_UNEXPECTED seq=208 expected=216 -> duplicate ACK
[270587.73ms] SEND_ACK ack_num=216
[270587.76ms] RECV_UNEXPECTED seq=209 expected=216 -> duplicate ACK
[270688.05ms] SEND_ACK ack_num=216
[270688.08ms] RECV_UNEXPECTED seq=210 expected=216 -> duplicate ACK
[270788.23ms] SEND_ACK ack_num=216
[270788.26ms] RECV_UNEXPECTED seq=211 expected=216 -> duplicate ACK
[270888.46ms] SEND_ACK ack_num=216
[270888.49ms] SIM_LOSS seq=212 dropped artificially
[270888.50ms] RECV_UNEXPECTED seq=213 expected=216 -> duplicate ACK
[270988.67ms] SEND_ACK ack_num=216
[270988.69ms] RECV_UNEXPECTED seq=214 expected=216 -> duplicate ACK
[271088.91ms] SEND_ACK ack_num=216
[271088.93ms] SIM_LOSS seq=215 dropped artificially
[271088.94ms] SIM_LOSS seq=208 dropped artificially
[271088.94ms] RECV_UNEXPECTED seq=209 expected=216 -> duplicate ACK
[271189.14ms] SEND_ACK ack_num=216
[271189.17ms] RECV_UNEXPECTED seq=210 expected=216 -> duplicate ACK
[271289.36ms] SEND_ACK ack_num=216
[271289.39ms] RECV_UNEXPECTED seq=211 expected=216 -> duplicate ACK
[271389.55ms] SEND_ACK ack_num=216
[271389.57ms] SIM_LOSS seq=212 dropped artificially
[271389.58ms] SIM_LOSS seq=213 dropped artificially
[271389.58ms] RECV_UNEXPECTED seq=214 expected=216 -> duplicate ACK
[271489.78ms] SEND_ACK ack_num=216
[271489.81ms] SIM_LOSS seq=215 dropped artificially
[271489.81ms] SIM_LOSS seq=208 dropped artificially
[271489.82ms] RECV_UNEXPECTED seq=209 expected=216 -> duplicate ACK
[271590.02ms] SEND_ACK ack_num=216
[271590.05ms] RECV_UNEXPECTED seq=210 expected=216 -> duplicate ACK
[271690.28ms] SEND_ACK ack_num=216
[271690.31ms] RECV_UNEXPECTED seq=211 expected=216 -> duplicate ACK
[271790.51ms] SEND_ACK ack_num=216
[271790.54ms] RECV_UNEXPECTED seq=212 expected=216 -> duplicate ACK
[271890.79ms] SEND_ACK ack_num=216
[271890.82ms] RECV_UNEXPECTED seq=213 expected=216 -> duplicate ACK
[271991.06ms] SEND_ACK ack_num=216
[271991.09ms] RECV_UNEXPECTED seq=214 expected=216 -> duplicate ACK
[272091.39ms] SEND_ACK ack_num=216
[272091.42ms] RECV_UNEXPECTED seq=215 expected=216 -> duplicate ACK
[272191.62ms] SEND_ACK ack_num=216
[272191.70ms] RECV_UNEXPECTED seq=208 expected=216 -> duplicate ACK
[272291.91ms] SEND_ACK ack_num=216
[272291.93ms] RECV_UNEXPECTED seq=208 expected=216 -> duplicate ACK
[272392.15ms] SEND_ACK ack_num=216
[272392.18ms] RECV_UNEXPECTED seq=209 expected=216 -> duplicate ACK
[272492.41ms] SEND_ACK ack_num=216
[272492.44ms] RECV_UNEXPECTED seq=210 expected=216 -> duplicate ACK
[272592.68ms] SEND_ACK ack_num=216
[272592.71ms] RECV_UNEXPECTED seq=211 expected=216 -> duplicate ACK
[272692.97ms] SEND_ACK ack_num=216
[272692.99ms] RECV_UNEXPECTED seq=212 expected=216 -> duplicate ACK
[272793.31ms] SEND_ACK ack_num=216
[272793.34ms] RECV_UNEXPECTED seq=213 expected=216 -> duplicate ACK
[272926.64ms] SEND_ACK ack_num=216
[272926.67ms] RECV_UNEXPECTED seq=214 expected=216 -> duplicate ACK
[273026.90ms] SEND_ACK ack_num=216
[273026.92ms] SIM_LOSS seq=215 dropped artificially
[273026.93ms] RECV_UNEXPECTED seq=208 expected=216 -> duplicate ACK
[273127.14ms] SEND_ACK ack_num=216
[273127.17ms] RECV_UNEXPECTED seq=209 expected=216 -> duplicate ACK
[273227.38ms] SEND_ACK ack_num=216
[273227.41ms] RECV_UNEXPECTED seq=210 expected=216 -> duplicate ACK
[273327.63ms] SEND_ACK ack_num=216
[273327.66ms] SIM_LOSS seq=211 dropped artificially
[273327.67ms] RECV_UNEXPECTED seq=212 expected=216 -> duplicate ACK
[273427.93ms] SEND_ACK ack_num=216
[273427.95ms] SIM_LOSS seq=213 dropped artificially
[273427.96ms] SIM_LOSS seq=214 dropped artificially
[273427.96ms] RECV_UNEXPECTED seq=215 expected=216 -> duplicate ACK
[273528.14ms] SEND_ACK ack_num=216
[273528.18ms] RECV_UNEXPECTED seq=208 expected=216 -> duplicate ACK
[273628.39ms] SEND_ACK ack_num=216
[273628.41ms] RECV_UNEXPECTED seq=209 expected=216 -> duplicate ACK
[273728.63ms] SEND_ACK ack_num=216
[273728.66ms] SIM_LOSS seq=210 dropped artificially
[273728.66ms] SIM_LOSS seq=211 dropped artificially
[273728.67ms] RECV_UNEXPECTED seq=212 expected=216 -> duplicate ACK
[273828.95ms] SEND_ACK ack_num=216
[273828.98ms] RECV_UNEXPECTED seq=213 expected=216 -> duplicate ACK
[273929.23ms] SEND_ACK ack_num=216
[273929.26ms] SIM_LOSS seq=214 dropped artificially
[273929.27ms] SIM_LOSS seq=215 dropped artificially
[273929.27ms] SIM_LOSS seq=208 dropped artificially
[273929.28ms] RECV_UNEXPECTED seq=209 expected=216 -> duplicate ACK
[274029.52ms] SEND_ACK ack_num=216
[274029.55ms] RECV_UNEXPECTED seq=210 expected=216 -> duplicate ACK
[274129.82ms] SEND_ACK ack_num=216
[274129.86ms] RECV_UNEXPECTED seq=211 expected=216 -> duplicate ACK
[274230.07ms] SEND_ACK ack_num=216
[274230.11ms] RECV_UNEXPECTED seq=212 expected=216 -> duplicate ACK
[274330.33ms] SEND_ACK ack_num=216
[274330.38ms] RECV_UNEXPECTED seq=213 expected=216 -> duplicate ACK
[274430.59ms] SEND_ACK ack_num=216
[274430.62ms] RECV_UNEXPECTED seq=214 expected=216 -> duplicate ACK
[274530.87ms] SEND_ACK ack_num=216
[274530.90ms] RECV_UNEXPECTED seq=215 expected=216 -> duplicate ACK
[274631.18ms] SEND_ACK ack_num=216
[274631.22ms] RECV_UNEXPECTED seq=208 expected=216 -> duplicate ACK
[274731.72ms] SEND_ACK ack_num=216
[274731.75ms] RECV_UNEXPECTED seq=209 expected=216 -> duplicate ACK
[274831.95ms] SEND_ACK ack_num=216
[274831.98ms] RECV_UNEXPECTED seq=210 expected=216 -> duplicate ACK
[274932.16ms] SEND_ACK ack_num=216
[274932.18ms] RECV_UNEXPECTED seq=211 expected=216 -> duplicate ACK
[275032.36ms] SEND_ACK ack_num=216
[275032.39ms] SIM_LOSS seq=212 dropped artificially
[275032.39ms] RECV_UNEXPECTED seq=213 expected=216 -> duplicate ACK
[275132.74ms] SEND_ACK ack_num=216
[275132.78ms] SIM_LOSS seq=214 dropped artificially
[275132.78ms] RECV_UNEXPECTED seq=215 expected=216 -> duplicate ACK
[275232.98ms] SEND_ACK ack_num=216
[275233.01ms] RECV_UNEXPECTED seq=208 expected=216 -> duplicate ACK
[275333.24ms] SEND_ACK ack_num=216
[275333.27ms] RECV_UNEXPECTED seq=209 expected=216 -> duplicate ACK
[275433.50ms] SEND_ACK ack_num=216
[275433.54ms] RECV_UNEXPECTED seq=209 expected=216 -> duplicate ACK
[275545.70ms] SEND_ACK ack_num=216
[275545.76ms] RECV_UNEXPECTED seq=210 expected=216 -> duplicate ACK
[275646.00ms] SEND_ACK ack_num=216
[275646.05ms] RECV_UNEXPECTED seq=211 expected=216 -> duplicate ACK
[275746.30ms] SEND_ACK ack_num=216
[275746.32ms] SIM_LOSS seq=212 dropped artificially
[275746.33ms] RECV_UNEXPECTED seq=213 expected=216 -> duplicate ACK
[275846.62ms] SEND_ACK ack_num=216
[275846.65ms] RECV_UNEXPECTED seq=214 expected=216 -> duplicate ACK
[275946.94ms] SEND_ACK ack_num=216
[275946.97ms] RECV_UNEXPECTED seq=215 expected=216 -> duplicate ACK
[276047.20ms] SEND_ACK ack_num=216
[276047.23ms] SIM_LOSS seq=216 dropped artificially
[276047.23ms] RECV_UNEXPECTED seq=209 expected=216 -> duplicate ACK
[276147.48ms] SEND_ACK ack_num=216
[276147.51ms] RECV_UNEXPECTED seq=210 expected=216 -> duplicate ACK
[276247.76ms] SEND_ACK ack_num=216
[276247.79ms] SIM_LOSS seq=211 dropped artificially
[276247.79ms] RECV_UNEXPECTED seq=212 expected=216 -> duplicate ACK
[276348.01ms] SEND_ACK ack_num=216
[276348.04ms] RECV_UNEXPECTED seq=213 expected=216 -> duplicate ACK
[276448.26ms] SEND_ACK ack_num=216
[276448.29ms] SIM_LOSS seq=214 dropped artificially
[276448.29ms] SIM_LOSS seq=215 dropped artificially
[276448.29ms] SIM_LOSS seq=216 dropped artificially
[276448.30ms] SIM_LOSS seq=209 dropped artificially
[276448.30ms] SIM_LOSS seq=210 dropped artificially
[276448.30ms] RECV_UNEXPECTED seq=211 expected=216 -> duplicate ACK
[276548.64ms] SEND_ACK ack_num=216
[276548.67ms] RECV_UNEXPECTED seq=212 expected=216 -> duplicate ACK
[276648.93ms] SEND_ACK ack_num=216
[276648.96ms] RECV_UNEXPECTED seq=213 expected=216 -> duplicate ACK
[276749.13ms] SEND_ACK ack_num=216
[276749.16ms] SIM_LOSS seq=214 dropped artificially
[276749.16ms] RECV_UNEXPECTED seq=215 expected=216 -> duplicate ACK
[276849.41ms] SEND_ACK ack_num=216
[276849.44ms] SIM_LOSS seq=216 dropped artificially
[276849.45ms] RECV_UNEXPECTED seq=209 expected=216 -> duplicate ACK
[276949.67ms] SEND_ACK ack_num=216
[276949.70ms] RECV_UNEXPECTED seq=210 expected=216 -> duplicate ACK
[277049.96ms] SEND_ACK ack_num=216
[277049.99ms] RECV_UNEXPECTED seq=211 expected=216 -> duplicate ACK
[277150.16ms] SEND_ACK ack_num=216
[277150.19ms] RECV_UNEXPECTED seq=212 expected=216 -> duplicate ACK
[277250.39ms] SEND_ACK ack_num=216
[277250.41ms] RECV_UNEXPECTED seq=213 expected=216 -> duplicate ACK
[277350.75ms] SEND_ACK ack_num=216
[277350.78ms] RECV_UNEXPECTED seq=214 expected=216 -> duplicate ACK
[277451.00ms] SEND_ACK ack_num=216
[277451.03ms] RECV_UNEXPECTED seq=215 expected=216 -> duplicate ACK
[277551.23ms] SEND_ACK ack_num=216
[277551.26ms] RECV seq=216 len=512 accepted, expecting seq=217
[277651.48ms] SEND_ACK ack_num=217
[277651.50ms] RECV seq=217 len=512 accepted, expecting seq=218
[277751.74ms] SEND_ACK ack_num=218
[277751.77ms] SIM_LOSS seq=210 dropped artificially
[277751.77ms] RECV_UNEXPECTED seq=211 expected=218 -> duplicate ACK
[277852.01ms] SEND_ACK ack_num=218
[277852.05ms] RECV_UNEXPECTED seq=212 expected=218 -> duplicate ACK
[277952.34ms] SEND_ACK ack_num=218
[277952.41ms] RECV_UNEXPECTED seq=213 expected=218 -> duplicate ACK
[278052.67ms] SEND_ACK ack_num=218
[278052.70ms] RECV_UNEXPECTED seq=214 expected=218 -> duplicate ACK
[278152.95ms] SEND_ACK ack_num=218
[278152.97ms] RECV_UNEXPECTED seq=215 expected=218 -> duplicate ACK
[278253.16ms] SEND_ACK ack_num=218
[278253.19ms] RECV_UNEXPECTED seq=216 expected=218 -> duplicate ACK
[278353.41ms] SEND_ACK ack_num=218
[278353.44ms] RECV_UNEXPECTED seq=217 expected=218 -> duplicate ACK
[278453.65ms] SEND_ACK ack_num=218
[278453.67ms] SIM_LOSS seq=210 dropped artificially
[278453.68ms] RECV_UNEXPECTED seq=215 expected=218 -> duplicate ACK
[278554.01ms] SEND_ACK ack_num=218
[278554.05ms] RECV_UNEXPECTED seq=216 expected=218 -> duplicate ACK
[278654.40ms] SEND_ACK ack_num=218
[278654.43ms] RECV_UNEXPECTED seq=217 expected=218 -> duplicate ACK
[278754.66ms] SEND_ACK ack_num=218
[278754.70ms] RECV seq=218 len=512 accepted, expecting seq=219
[278855.14ms] SEND_ACK ack_num=219
[278855.18ms] SIM_LOSS seq=219 dropped artificially
[278855.19ms] RECV_UNEXPECTED seq=220 expected=219 -> duplicate ACK
[278955.50ms] SEND_ACK ack_num=219
[278955.54ms] SIM_LOSS seq=221 dropped artificially
[278955.55ms] SIM_LOSS seq=222 dropped artificially
[278955.61ms] RECV_UNEXPECTED seq=215 expected=219 -> duplicate ACK
[279055.85ms] SEND_ACK ack_num=219
[279055.88ms] RECV_UNEXPECTED seq=216 expected=219 -> duplicate ACK
[279156.15ms] SEND_ACK ack_num=219
[279156.18ms] SIM_LOSS seq=217 dropped artificially
[279156.18ms] RECV_UNEXPECTED seq=218 expected=219 -> duplicate ACK
[279256.38ms] SEND_ACK ack_num=219
[279256.41ms] RECV seq=219 len=512 accepted, expecting seq=220
[279356.70ms] SEND_ACK ack_num=220
[279356.74ms] RECV seq=220 len=512 accepted, expecting seq=221
[279456.97ms] SEND_ACK ack_num=221
[279457.00ms] RECV seq=221 len=512 accepted, expecting seq=222
[279557.29ms] SEND_ACK ack_num=222
[279557.35ms] RECV seq=222 len=336 accepted, expecting seq=223
[279657.57ms] SEND_ACK ack_num=223
[279657.62ms] RECV_UNEXPECTED seq=215 expected=223 -> duplicate ACK
[279757.91ms] SEND_ACK ack_num=223
[279757.94ms] RECV_UNEXPECTED seq=216 expected=223 -> duplicate ACK
[279858.22ms] SEND_ACK ack_num=223
[279858.25ms] RECV_UNEXPECTED seq=217 expected=223 -> duplicate ACK
[279958.57ms] SEND_ACK ack_num=223
[279958.59ms] SIM_LOSS seq=218 dropped artificially
[279958.60ms] RECV_UNEXPECTED seq=219 expected=223 -> duplicate ACK
[280058.82ms] SEND_ACK ack_num=223
[280058.86ms] RECV_UNEXPECTED seq=220 expected=223 -> duplicate ACK
[280159.05ms] SEND_ACK ack_num=223
[280159.09ms] SIM_LOSS seq=221 dropped artificially
[280159.09ms] SIM_LOSS seq=222 dropped artificially
[280159.09ms] RECV_UNEXPECTED seq=215 expected=223 -> duplicate ACK
[280259.99ms] SEND_ACK ack_num=223
[280260.03ms] RECV_UNEXPECTED seq=216 expected=223 -> duplicate ACK
[280360.29ms] SEND_ACK ack_num=223
[280360.32ms] RECV_UNEXPECTED seq=217 expected=223 -> duplicate ACK
[280460.53ms] SEND_ACK ack_num=223
[280460.56ms] RECV_UNEXPECTED seq=218 expected=223 -> duplicate ACK
[280560.81ms] SEND_ACK ack_num=223
[280560.90ms] RECV_UNEXPECTED seq=219 expected=223 -> duplicate ACK
[280661.35ms] SEND_ACK ack_num=223
[280661.38ms] RECV_UNEXPECTED seq=220 expected=223 -> duplicate ACK
[280761.61ms] SEND_ACK ack_num=223
[280761.64ms] RECV_UNEXPECTED seq=221 expected=223 -> duplicate ACK
[280861.89ms] SEND_ACK ack_num=223
[280861.92ms] RECV_UNEXPECTED seq=222 expected=223 -> duplicate ACK
[280962.14ms] SEND_ACK ack_num=223
[280962.17ms] SIM_LOSS seq=216 dropped artificially
[280962.17ms] RECV_UNEXPECTED seq=217 expected=223 -> duplicate ACK
[281062.37ms] SEND_ACK ack_num=223
[281062.41ms] RECV_UNEXPECTED seq=218 expected=223 -> duplicate ACK
[281162.65ms] SEND_ACK ack_num=223
[281162.68ms] RECV_UNEXPECTED seq=219 expected=223 -> duplicate ACK
[281262.93ms] SEND_ACK ack_num=223
[281262.97ms] SIM_LOSS seq=220 dropped artificially
[281262.97ms] SIM_LOSS seq=221 dropped artificially
[281262.97ms] RECV_UNEXPECTED seq=222 expected=223 -> duplicate ACK
[281363.15ms] SEND_ACK ack_num=223
[281363.21ms] RECV_UNEXPECTED seq=216 expected=223 -> duplicate ACK
[281463.41ms] SEND_ACK ack_num=223
[281463.43ms] SIM_LOSS seq=217 dropped artificially
[281463.44ms] RECV_UNEXPECTED seq=218 expected=223 -> duplicate ACK
[281563.68ms] SEND_ACK ack_num=223
[281563.72ms] RECV_UNEXPECTED seq=216 expected=223 -> duplicate ACK
[281663.90ms] SEND_ACK ack_num=223
[281663.93ms] RECV_UNEXPECTED seq=217 expected=223 -> duplicate ACK
[281764.12ms] SEND_ACK ack_num=223
[281764.18ms] SIM_LOSS seq=218 dropped artificially
[281764.18ms] RECV_UNEXPECTED seq=219 expected=223 -> duplicate ACK
[281864.40ms] SEND_ACK ack_num=223
[281864.43ms] RECV_UNEXPECTED seq=220 expected=223 -> duplicate ACK
[281964.64ms] SEND_ACK ack_num=223
[281964.68ms] RECV_UNEXPECTED seq=221 expected=223 -> duplicate ACK
[282064.91ms] SEND_ACK ack_num=223
[282064.94ms] SIM_LOSS seq=222 dropped artificially
[282064.95ms] RECV_UNEXPECTED seq=216 expected=223 -> duplicate ACK
[282165.25ms] SEND_ACK ack_num=223
[282165.28ms] RECV_UNEXPECTED seq=217 expected=223 -> duplicate ACK
[282265.53ms] SEND_ACK ack_num=223
[282265.56ms] RECV_UNEXPECTED seq=218 expected=223 -> duplicate ACK
[282365.76ms] SEND_ACK ack_num=223
[282365.79ms] RECV_UNEXPECTED seq=219 expected=223 -> duplicate ACK
[282466.13ms] SEND_ACK ack_num=223
[282466.18ms] RECV_UNEXPECTED seq=220 expected=223 -> duplicate ACK
[282566.38ms] SEND_ACK ack_num=223
[282566.42ms] RECV_UNEXPECTED seq=221 expected=223 -> duplicate ACK
[282666.69ms] SEND_ACK ack_num=223
[282666.73ms] RECV_UNEXPECTED seq=222 expected=223 -> duplicate ACK
[282767.01ms] SEND_ACK ack_num=223
[282767.05ms] RECV_UNEXPECTED seq=216 expected=223 -> duplicate ACK
[282867.30ms] SEND_ACK ack_num=223
[282867.33ms] RECV_UNEXPECTED seq=217 expected=223 -> duplicate ACK
[282967.52ms] SEND_ACK ack_num=223
[282967.55ms] RECV_UNEXPECTED seq=218 expected=223 -> duplicate ACK
[283067.78ms] SEND_ACK ack_num=223
[283067.82ms] SIM_LOSS seq=219 dropped artificially
[283067.82ms] RECV_UNEXPECTED seq=220 expected=223 -> duplicate ACK
[283168.05ms] SEND_ACK ack_num=223
[283168.09ms] RECV_UNEXPECTED seq=221 expected=223 -> duplicate ACK
[283268.29ms] SEND_ACK ack_num=223
[283268.32ms] RECV_UNEXPECTED seq=222 expected=223 -> duplicate ACK
[283368.53ms] SEND_ACK ack_num=223
[283368.56ms] RECV_UNEXPECTED seq=216 expected=223 -> duplicate ACK
[283468.77ms] SEND_ACK ack_num=223
[283468.81ms] RECV_UNEXPECTED seq=217 expected=223 -> duplicate ACK
[283569.10ms] SEND_ACK ack_num=223
[283569.14ms] RECV_UNEXPECTED seq=218 expected=223 -> duplicate ACK
[283669.36ms] SEND_ACK ack_num=223
[283669.40ms] RECV_UNEXPECTED seq=219 expected=223 -> duplicate ACK
[283769.62ms] SEND_ACK ack_num=223
[283769.65ms] SIM_LOSS seq=220 dropped artificially
[283769.66ms] RECV_UNEXPECTED seq=221 expected=223 -> duplicate ACK
[283869.87ms] SEND_ACK ack_num=223
[283869.90ms] RECV_UNEXPECTED seq=222 expected=223 -> duplicate ACK
[283970.09ms] SEND_ACK ack_num=223
[283970.12ms] RECV_UNEXPECTED seq=216 expected=223 -> duplicate ACK
[284070.33ms] SEND_ACK ack_num=223
[284070.36ms] RECV_UNEXPECTED seq=217 expected=223 -> duplicate ACK
[284170.56ms] SEND_ACK ack_num=223
[284170.59ms] RECV_UNEXPECTED seq=218 expected=223 -> duplicate ACK
[284270.86ms] SEND_ACK ack_num=223
[284270.89ms] RECV_UNEXPECTED seq=219 expected=223 -> duplicate ACK
[284371.11ms] SEND_ACK ack_num=223
[284371.13ms] SIM_LOSS seq=220 dropped artificially
[284371.14ms] SIM_LOSS seq=221 dropped artificially
[284371.14ms] RECV_UNEXPECTED seq=222 expected=223 -> duplicate ACK
[284471.33ms] SEND_ACK ack_num=223
[284471.35ms] RECV_UNEXPECTED seq=216 expected=223 -> duplicate ACK
[284571.55ms] SEND_ACK ack_num=223
[284571.58ms] RECV_UNEXPECTED seq=217 expected=223 -> duplicate ACK
[284671.81ms] SEND_ACK ack_num=223
[284671.85ms] RECV_UNEXPECTED seq=218 expected=223 -> duplicate ACK
[284772.06ms] SEND_ACK ack_num=223
[284772.09ms] RECV_UNEXPECTED seq=219 expected=223 -> duplicate ACK
[284872.27ms] SEND_ACK ack_num=223
[284872.29ms] SIM_LOSS seq=220 dropped artificially
[284872.30ms] RECV_UNEXPECTED seq=221 expected=223 -> duplicate ACK
[284972.54ms] SEND_ACK ack_num=223
[284972.58ms] RECV_UNEXPECTED seq=222 expected=223 -> duplicate ACK
[285072.87ms] SEND_ACK ack_num=223
[285072.93ms] RECV_UNEXPECTED seq=216 expected=223 -> duplicate ACK
[285173.10ms] SEND_ACK ack_num=223
[285173.14ms] RECV_UNEXPECTED seq=217 expected=223 -> duplicate ACK
[285273.40ms] SEND_ACK ack_num=223
[285273.43ms] RECV_UNEXPECTED seq=218 expected=223 -> duplicate ACK
[285373.64ms] SEND_ACK ack_num=223
[285373.67ms] RECV_UNEXPECTED seq=219 expected=223 -> duplicate ACK
[285474.04ms] SEND_ACK ack_num=223
[285474.08ms] SIM_LOSS seq=220 dropped artificially
[285474.08ms] SIM_LOSS seq=221 dropped artificially
[285474.08ms] RECV_UNEXPECTED seq=222 expected=223 -> duplicate ACK
[285574.39ms] SEND_ACK ack_num=223
[285574.44ms] RECV_UNEXPECTED seq=216 expected=223 -> duplicate ACK
[285674.67ms] SEND_ACK ack_num=223
[285674.71ms] SIM_LOSS seq=217 dropped artificially
[285674.71ms] RECV_UNEXPECTED seq=218 expected=223 -> duplicate ACK
[285775.03ms] SEND_ACK ack_num=223
[285775.06ms] RECV_UNEXPECTED seq=219 expected=223 -> duplicate ACK
[285875.37ms] SEND_ACK ack_num=223
[285875.41ms] RECV_UNEXPECTED seq=220 expected=223 -> duplicate ACK
[285975.62ms] SEND_ACK ack_num=223
[285975.66ms] RECV_UNEXPECTED seq=221 expected=223 -> duplicate ACK
[286075.95ms] SEND_ACK ack_num=223
[286075.98ms] RECV_UNEXPECTED seq=222 expected=223 -> duplicate ACK
[286176.20ms] SEND_ACK ack_num=223
[286176.23ms] RECV_UNEXPECTED seq=216 expected=223 -> duplicate ACK
[286276.45ms] SEND_ACK ack_num=223
[286276.48ms] RECV_UNEXPECTED seq=217 expected=223 -> duplicate ACK
[286376.63ms] SEND_ACK ack_num=223
[286376.66ms] RECV_UNEXPECTED seq=218 expected=223 -> duplicate ACK
[286476.95ms] SEND_ACK ack_num=223
[286477.00ms] RECV_UNEXPECTED seq=219 expected=223 -> duplicate ACK
[286577.29ms] SEND_ACK ack_num=223
[286577.33ms] RECV_UNEXPECTED seq=220 expected=223 -> duplicate ACK
[286677.61ms] SEND_ACK ack_num=223
[286677.65ms] SIM_LOSS seq=221 dropped artificially
[286677.66ms] RECV_UNEXPECTED seq=222 expected=223 -> duplicate ACK
[286778.00ms] SEND_ACK ack_num=223
[286778.04ms] RECV_UNEXPECTED seq=216 expected=223 -> duplicate ACK
[286878.26ms] SEND_ACK ack_num=223
[286878.30ms] RECV_UNEXPECTED seq=217 expected=223 -> duplicate ACK
[286978.52ms] SEND_ACK ack_num=223
[286978.55ms] RECV_UNEXPECTED seq=218 expected=223 -> duplicate ACK
[287078.82ms] SEND_ACK ack_num=223
[287078.85ms] SIM_LOSS seq=219 dropped artificially
[287078.86ms] RECV_UNEXPECTED seq=220 expected=223 -> duplicate ACK
[287179.13ms] SEND_ACK ack_num=223
[287179.16ms] RECV_UNEXPECTED seq=221 expected=223 -> duplicate ACK
[287279.42ms] SEND_ACK ack_num=223
[287279.46ms] RECV_UNEXPECTED seq=222 expected=223 -> duplicate ACK
[287379.77ms] SEND_ACK ack_num=223
[287379.80ms] RECV_UNEXPECTED seq=216 expected=223 -> duplicate ACK
[287480.01ms] SEND_ACK ack_num=223
[287480.05ms] RECV_UNEXPECTED seq=217 expected=223 -> duplicate ACK
[287580.36ms] SEND_ACK ack_num=223
[287580.40ms] RECV_UNEXPECTED seq=218 expected=223 -> duplicate ACK
[287680.62ms] SEND_ACK ack_num=223
[287680.65ms] RECV_UNEXPECTED seq=219 expected=223 -> duplicate ACK
[287780.95ms] SEND_ACK ack_num=223
[287781.01ms] RECV_UNEXPECTED seq=220 expected=223 -> duplicate ACK
[287881.23ms] SEND_ACK ack_num=223
[287881.26ms] RECV_UNEXPECTED seq=221 expected=223 -> duplicate ACK
[287981.46ms] SEND_ACK ack_num=223
[287981.49ms] RECV_UNEXPECTED seq=222 expected=223 -> duplicate ACK
[288081.70ms] SEND_ACK ack_num=223
[288081.73ms] RECV_UNEXPECTED seq=216 expected=223 -> duplicate ACK
[288181.95ms] SEND_ACK ack_num=223
[288181.98ms] SIM_LOSS seq=217 dropped artificially
[288181.99ms] RECV_UNEXPECTED seq=218 expected=223 -> duplicate ACK
[288282.22ms] SEND_ACK ack_num=223
[288282.26ms] RECV_UNEXPECTED seq=219 expected=223 -> duplicate ACK
[288382.50ms] SEND_ACK ack_num=223
[288382.53ms] RECV_UNEXPECTED seq=220 expected=223 -> duplicate ACK
[288482.80ms] SEND_ACK ack_num=223
[288482.83ms] RECV_UNEXPECTED seq=221 expected=223 -> duplicate ACK
[288583.01ms] SEND_ACK ack_num=223
[288583.05ms] RECV_UNEXPECTED seq=222 expected=223 -> duplicate ACK
[288683.25ms] SEND_ACK ack_num=223
[288683.28ms] RECV_UNEXPECTED seq=218 expected=223 -> duplicate ACK
[288783.50ms] SEND_ACK ack_num=223
[288783.53ms] SIM_LOSS seq=219 dropped artificially
[288783.54ms] RECV_UNEXPECTED seq=220 expected=223 -> duplicate ACK
[288883.74ms] SEND_ACK ack_num=223
[288883.78ms] RECV_UNEXPECTED seq=221 expected=223 -> duplicate ACK
[288983.98ms] SEND_ACK ack_num=223
[288984.02ms] SIM_LOSS seq=222 dropped artificially
[288984.02ms] RECV_UNEXPECTED seq=219 expected=223 -> duplicate ACK
[289084.24ms] SEND_ACK ack_num=223
[289084.27ms] RECV_UNEXPECTED seq=220 expected=223 -> duplicate ACK
[289184.46ms] SEND_ACK ack_num=223
[289184.50ms] RECV_UNEXPECTED seq=221 expected=223 -> duplicate ACK
[289284.70ms] SEND_ACK ack_num=223
[289284.73ms] RECV_UNEXPECTED seq=222 expected=223 -> duplicate ACK
[289384.91ms] SEND_ACK ack_num=223
[289384.94ms] FIN received FIN, sending FIN-ACK
