[0.20ms] SEND seq=0 len=512
[0.24ms] SEND seq=1 len=512
[0.24ms] SEND seq=2 len=512
[0.25ms] SEND seq=3 len=512
[0.25ms] SEND seq=4 len=512
[0.26ms] SEND seq=5 len=512
[0.26ms] SEND seq=6 len=512
[0.26ms] SEND seq=7 len=512
[100.71ms] ACK ack_num=1 cwnd=1.000000 ssthresh=16.000000
[100.75ms] SEND seq=8 len=512
[201.09ms] ACK ack_num=2 cwnd=1.000000 ssthresh=16.000000
[201.17ms] SEND seq=9 len=512
[301.36ms] ACK ack_num=3 cwnd=1.000000 ssthresh=16.000000
[301.39ms] SEND seq=10 len=512
[401.68ms] ACK ack_num=4 cwnd=1.000000 ssthresh=16.000000
[401.72ms] SEND seq=11 len=512
[502.05ms] ACK ack_num=5 cwnd=1.000000 ssthresh=16.000000
[502.09ms] SEND seq=12 len=512
[602.24ms] ACK ack_num=6 cwnd=1.000000 ssthresh=16.000000
[602.28ms] SEND seq=13 len=512
[702.46ms] DUP_ACK ack_num=6 count=1
[802.73ms] DUP_ACK ack_num=6 count=2
[902.48ms] TIMEOUT sendBase=6 nextSeq=14
[902.55ms] RETRANSMIT seq=6 len=512 [RETRANSMIT]
[902.56ms] RETRANSMIT seq=7 len=512 [RETRANSMIT]
[902.56ms] RETRANSMIT seq=8 len=512 [RETRANSMIT]
[902.57ms] RETRANSMIT seq=9 len=512 [RETRANSMIT]
[902.57ms] RETRANSMIT seq=10 len=512 [RETRANSMIT]
[902.58ms] RETRANSMIT seq=11 len=512 [RETRANSMIT]
[902.58ms] RETRANSMIT seq=12 len=512 [RETRANSMIT]
[902.58ms] RETRANSMIT seq=13 len=512 [RETRANSMIT]
[902.92ms] DUP_ACK ack_num=6 count=1
[1003.23ms] DUP_ACK ack_num=6 count=2
[1103.46ms] DUP_ACK ack_num=6 count=3
[1202.88ms] TIMEOUT sendBase=6 nextSeq=14
[1202.95ms] RETRANSMIT seq=6 len=512 [RETRANSMIT]
[1202.95ms] RETRANSMIT seq=7 len=512 [RETRANSMIT]
[1202.96ms] RETRANSMIT seq=8 len=512 [RETRANSMIT]
[1202.96ms] RETRANSMIT seq=9 len=512 [RETRANSMIT]
[1202.96ms] RETRANSMIT seq=10 len=512 [RETRANSMIT]
[1202.97ms] RETRANSMIT seq=11 len=512 [RETRANSMIT]
[1202.97ms] RETRANSMIT seq=12 len=512 [RETRANSMIT]
[1202.98ms] RETRANSMIT seq=13 len=512 [RETRANSMIT]
[1203.67ms] DUP_ACK ack_num=6 count=1
[1303.98ms] ACK ack_num=7 cwnd=1.000000 ssthresh=16.000000
[1304.02ms] SEND seq=14 len=512
[1404.26ms] ACK ack_num=8 cwnd=1.000000 ssthresh=16.000000
[1404.29ms] SEND seq=15 len=512
[1504.57ms] ACK ack_num=9 cwnd=1.000000 ssthresh=16.000000
[1504.60ms] SEND seq=16 len=512
[1604.88ms] ACK ack_num=10 cwnd=1.000000 ssthresh=16.000000
[1604.91ms] SEND seq=17 len=512
[1705.02ms] ACK ack_num=11 cwnd=1.000000 ssthresh=16.000000
[1705.06ms] SEND seq=18 len=512
[1805.34ms] ACK ack_num=12 cwnd=1.000000 ssthresh=16.000000
[1805.38ms] SEND seq=19 len=512
[1905.75ms] ACK ack_num=13 cwnd=1.000000 ssthresh=16.000000
[1905.82ms] SEND seq=20 len=512
[2005.96ms] ACK ack_num=14 cwnd=1.000000 ssthresh=16.000000
[2006.01ms] SEND seq=21 len=512
[2106.30ms] DUP_ACK ack_num=14 count=1
[2206.57ms] DUP_ACK ack_num=14 count=2
[2306.15ms] TIMEOUT sendBase=14 nextSeq=22
[2306.23ms] RETRANSMIT seq=14 len=512 [RETRANSMIT]
[2306.24ms] RETRANSMIT seq=15 len=512 [RETRANSMIT]
[2306.24ms] RETRANSMIT seq=16 len=512 [RETRANSMIT]
[2306.25ms] RETRANSMIT seq=17 len=512 [RETRANSMIT]
[2306.25ms] RETRANSMIT seq=18 len=512 [RETRANSMIT]
[2306.26ms] RETRANSMIT seq=19 len=512 [RETRANSMIT]
[2306.26ms] RETRANSMIT seq=20 len=512 [RETRANSMIT]
[2306.26ms] RETRANSMIT seq=21 len=512 [RETRANSMIT]
[2306.79ms] DUP_ACK ack_num=14 count=1
[2407.07ms] DUP_ACK ack_num=14 count=2
[2507.22ms] DUP_ACK ack_num=14 count=3
[2606.49ms] TIMEOUT sendBase=14 nextSeq=22
[2606.55ms] RETRANSMIT seq=14 len=512 [RETRANSMIT]
[2606.56ms] RETRANSMIT seq=15 len=512 [RETRANSMIT]
[2606.56ms] RETRANSMIT seq=16 len=512 [RETRANSMIT]
[2606.57ms] RETRANSMIT seq=17 len=512 [RETRANSMIT]
[2606.57ms] RETRANSMIT seq=18 len=512 [RETRANSMIT]
[2606.58ms] RETRANSMIT seq=19 len=512 [RETRANSMIT]
[2606.58ms] RETRANSMIT seq=20 len=512 [RETRANSMIT]
[2606.58ms] RETRANSMIT seq=21 len=512 [RETRANSMIT]
[2607.51ms] ACK ack_num=15 cwnd=1.000000 ssthresh=16.000000
[2607.53ms] SEND seq=22 len=512
[2707.92ms] ACK ack_num=16 cwnd=1.000000 ssthresh=16.000000
[2707.95ms] SEND seq=23 len=512
[2808.19ms] ACK ack_num=17 cwnd=1.000000 ssthresh=16.000000
[2808.22ms] SEND seq=24 len=512
[2908.44ms] ACK ack_num=18 cwnd=1.000000 ssthresh=16.000000
[2908.48ms] SEND seq=25 len=512
[3008.73ms] ACK ack_num=19 cwnd=1.000000 ssthresh=16.000000
[3008.76ms] SEND seq=26 len=512
[3108.96ms] ACK ack_num=20 cwnd=1.000000 ssthresh=16.000000
[3108.99ms] SEND seq=27 len=512
[3209.23ms] ACK ack_num=21 cwnd=1.000000 ssthresh=16.000000
[3209.26ms] SEND seq=28 len=512
[3309.72ms] DUP_ACK ack_num=21 count=1
[3409.83ms] DUP_ACK ack_num=21 count=2
[3509.45ms] TIMEOUT sendBase=21 nextSeq=29
[3509.51ms] RETRANSMIT seq=21 len=512 [RETRANSMIT]
[3509.51ms] RETRANSMIT seq=22 len=512 [RETRANSMIT]
[3509.52ms] RETRANSMIT seq=23 len=512 [RETRANSMIT]
[3509.52ms] RETRANSMIT seq=24 len=512 [RETRANSMIT]
[3509.53ms] RETRANSMIT seq=25 len=512 [RETRANSMIT]
[3509.53ms] RETRANSMIT seq=26 len=512 [RETRANSMIT]
[3509.53ms] RETRANSMIT seq=27 len=512 [RETRANSMIT]
[3509.54ms] RETRANSMIT seq=28 len=512 [RETRANSMIT]
[3510.00ms] DUP_ACK ack_num=21 count=1
[3610.27ms] DUP_ACK ack_num=21 count=2
[3710.55ms] DUP_ACK ack_num=21 count=3
[3809.80ms] TIMEOUT sendBase=21 nextSeq=29
[3809.88ms] RETRANSMIT seq=21 len=512 [RETRANSMIT]
[3809.89ms] RETRANSMIT seq=22 len=512 [RETRANSMIT]
[3809.89ms] RETRANSMIT seq=23 len=512 [RETRANSMIT]
[3809.90ms] RETRANSMIT seq=24 len=512 [RETRANSMIT]
[3809.90ms] RETRANSMIT seq=25 len=512 [RETRANSMIT]
[3809.91ms] RETRANSMIT seq=26 len=512 [RETRANSMIT]
[3809.92ms] RETRANSMIT seq=27 len=512 [RETRANSMIT]
[3809.92ms] RETRANSMIT seq=28 len=512 [RETRANSMIT]
[3810.83ms] ACK ack_num=22 cwnd=1.000000 ssthresh=16.000000
[3810.86ms] SEND seq=29 len=512
[3911.07ms] DUP_ACK ack_num=22 count=1
[4011.28ms] DUP_ACK ack_num=22 count=2
[4111.06ms] TIMEOUT sendBase=22 nextSeq=30
[4111.12ms] RETRANSMIT seq=22 len=512 [RETRANSMIT]
[4111.13ms] RETRANSMIT seq=23 len=512 [RETRANSMIT]
[4111.13ms] RETRANSMIT seq=24 len=512 [RETRANSMIT]
[4111.14ms] RETRANSMIT seq=25 len=512 [RETRANSMIT]
[4111.14ms] RETRANSMIT seq=26 len=512 [RETRANSMIT]
[4111.14ms] RETRANSMIT seq=27 len=512 [RETRANSMIT]
[4111.15ms] RETRANSMIT seq=28 len=512 [RETRANSMIT]
[4111.15ms] RETRANSMIT seq=29 len=512 [RETRANSMIT]
[4111.45ms] DUP_ACK ack_num=22 count=1
[4211.80ms] DUP_ACK ack_num=22 count=2
[4312.01ms] DUP_ACK ack_num=22 count=3
[4411.36ms] TIMEOUT sendBase=22 nextSeq=30
[4411.43ms] RETRANSMIT seq=22 len=512 [RETRANSMIT]
[4411.43ms] RETRANSMIT seq=23 len=512 [RETRANSMIT]
[4411.44ms] RETRANSMIT seq=24 len=512 [RETRANSMIT]
[4411.44ms] RETRANSMIT seq=25 len=512 [RETRANSMIT]
[4411.45ms] RETRANSMIT seq=26 len=512 [RETRANSMIT]
[4411.45ms] RETRANSMIT seq=27 len=512 [RETRANSMIT]
[4411.46ms] RETRANSMIT seq=28 len=512 [RETRANSMIT]
[4411.46ms] RETRANSMIT seq=29 len=512 [RETRANSMIT]
[4412.18ms] DUP_ACK ack_num=22 count=1
[4512.46ms] DUP_ACK ack_num=22 count=2
[4612.75ms] DUP_ACK ack_num=22 count=3
[4711.67ms] TIMEOUT sendBase=22 nextSeq=30
[4711.74ms] RETRANSMIT seq=22 len=512 [RETRANSMIT]
[4711.74ms] RETRANSMIT seq=23 len=512 [RETRANSMIT]
[4711.75ms] RETRANSMIT seq=24 len=512 [RETRANSMIT]
[4711.75ms] RETRANSMIT seq=25 len=512 [RETRANSMIT]
[4711.76ms] RETRANSMIT seq=26 len=512 [RETRANSMIT]
[4711.76ms] RETRANSMIT seq=27 len=512 [RETRANSMIT]
[4711.76ms] RETRANSMIT seq=28 len=512 [RETRANSMIT]
[4711.77ms] RETRANSMIT seq=29 len=512 [RETRANSMIT]
[4713.00ms] ACK ack_num=23 cwnd=1.000000 ssthresh=16.000000
[4713.02ms] SEND seq=30 len=512
[4813.33ms] ACK ack_num=24 cwnd=1.000000 ssthresh=16.000000
[4813.39ms] SEND seq=31 len=512
[4913.61ms] ACK ack_num=25 cwnd=1.000000 ssthresh=16.000000
[4913.66ms] SEND seq=32 len=512
[5013.85ms] ACK ack_num=26 cwnd=1.000000 ssthresh=16.000000
[5013.90ms] SEND seq=33 len=512
[5114.08ms] ACK ack_num=27 cwnd=1.000000 ssthresh=16.000000
[5114.13ms] SEND seq=34 len=512
[5214.35ms] ACK ack_num=28 cwnd=1.000000 ssthresh=16.000000
[5214.40ms] SEND seq=35 len=512
[5314.61ms] ACK ack_num=29 cwnd=1.000000 ssthresh=16.000000
[5314.66ms] SEND seq=36 len=512
[5414.82ms] DUP_ACK ack_num=29 count=1
[5515.08ms] DUP_ACK ack_num=29 count=2
[5614.85ms] TIMEOUT sendBase=29 nextSeq=37
[5614.92ms] RETRANSMIT seq=29 len=512 [RETRANSMIT]
[5614.93ms] RETRANSMIT seq=30 len=512 [RETRANSMIT]
[5614.93ms] RETRANSMIT seq=31 len=512 [RETRANSMIT]
[5614.94ms] RETRANSMIT seq=32 len=512 [RETRANSMIT]
[5614.94ms] RETRANSMIT seq=33 len=512 [RETRANSMIT]
[5615.11ms] RETRANSMIT seq=34 len=512 [RETRANSMIT]
[5615.12ms] RETRANSMIT seq=35 len=512 [RETRANSMIT]
[5615.13ms] RETRANSMIT seq=36 len=512 [RETRANSMIT]
[5615.29ms] DUP_ACK ack_num=29 count=1
[5715.58ms] DUP_ACK ack_num=29 count=2
[5815.82ms] DUP_ACK ack_num=29 count=3
[5915.34ms] TIMEOUT sendBase=29 nextSeq=37
[5915.43ms] RETRANSMIT seq=29 len=512 [RETRANSMIT]
[5915.44ms] RETRANSMIT seq=30 len=512 [RETRANSMIT]
[5915.45ms] RETRANSMIT seq=31 len=512 [RETRANSMIT]
[5915.45ms] RETRANSMIT seq=32 len=512 [RETRANSMIT]
[5915.46ms] RETRANSMIT seq=33 len=512 [RETRANSMIT]
[5915.46ms] RETRANSMIT seq=34 len=512 [RETRANSMIT]
[5915.46ms] RETRANSMIT seq=35 len=512 [RETRANSMIT]
[5915.47ms] RETRANSMIT seq=36 len=512 [RETRANSMIT]
[5916.06ms] DUP_ACK ack_num=29 count=1
[6016.32ms] DUP_ACK ack_num=29 count=2
[6116.60ms] DUP_ACK ack_num=29 count=3
[6215.68ms] TIMEOUT sendBase=29 nextSeq=37
[6215.74ms] RETRANSMIT seq=29 len=512 [RETRANSMIT]
[6215.75ms] RETRANSMIT seq=30 len=512 [RETRANSMIT]
[6215.75ms] RETRANSMIT seq=31 len=512 [RETRANSMIT]
[6215.76ms] RETRANSMIT seq=32 len=512 [RETRANSMIT]
[6215.76ms] RETRANSMIT seq=33 len=512 [RETRANSMIT]
[6215.77ms] RETRANSMIT seq=34 len=512 [RETRANSMIT]
[6215.77ms] RETRANSMIT seq=35 len=512 [RETRANSMIT]
[6215.78ms] RETRANSMIT seq=36 len=512 [RETRANSMIT]
[6216.81ms] DUP_ACK ack_num=29 count=1
[6317.06ms] DUP_ACK ack_num=29 count=2
[6417.25ms] DUP_ACK ack_num=29 count=3
[6515.98ms] TIMEOUT sendBase=29 nextSeq=37
[6516.04ms] RETRANSMIT seq=29 len=512 [RETRANSMIT]
[6516.05ms] RETRANSMIT seq=30 len=512 [RETRANSMIT]
[6516.05ms] RETRANSMIT seq=31 len=512 [RETRANSMIT]
[6516.06ms] RETRANSMIT seq=32 len=512 [RETRANSMIT]
[6516.06ms] RETRANSMIT seq=33 len=512 [RETRANSMIT]
[6516.07ms] RETRANSMIT seq=34 len=512 [RETRANSMIT]
[6516.07ms] RETRANSMIT seq=35 len=512 [RETRANSMIT]
[6516.07ms] RETRANSMIT seq=36 len=512 [RETRANSMIT]
[6517.46ms] DUP_ACK ack_num=29 count=1
[6617.74ms] ACK ack_num=30 cwnd=1.000000 ssthresh=16.000000
[6617.78ms] SEND seq=37 len=512
[6717.96ms] DUP_ACK ack_num=30 count=1
[6818.24ms] DUP_ACK ack_num=30 count=2
[6918.01ms] TIMEOUT sendBase=30 nextSeq=38
[6918.07ms] RETRANSMIT seq=30 len=512 [RETRANSMIT]
[6918.08ms] RETRANSMIT seq=31 len=512 [RETRANSMIT]
[6918.09ms] RETRANSMIT seq=32 len=512 [RETRANSMIT]
[6918.09ms] RETRANSMIT seq=33 len=512 [RETRANSMIT]
[6918.10ms] RETRANSMIT seq=34 len=512 [RETRANSMIT]
[6918.11ms] RETRANSMIT seq=35 len=512 [RETRANSMIT]
[6918.11ms] RETRANSMIT seq=36 len=512 [RETRANSMIT]
[6918.11ms] RETRANSMIT seq=37 len=512 [RETRANSMIT]
[6918.42ms] DUP_ACK ack_num=30 count=1
[7018.79ms] DUP_ACK ack_num=30 count=2
[7119.03ms] DUP_ACK ack_num=30 count=3
[7218.37ms] TIMEOUT sendBase=30 nextSeq=38
[7218.43ms] RETRANSMIT seq=30 len=512 [RETRANSMIT]
[7218.44ms] RETRANSMIT seq=31 len=512 [RETRANSMIT]
[7218.44ms] RETRANSMIT seq=32 len=512 [RETRANSMIT]
[7218.45ms] RETRANSMIT seq=33 len=512 [RETRANSMIT]
[7218.45ms] RETRANSMIT seq=34 len=512 [RETRANSMIT]
[7218.46ms] RETRANSMIT seq=35 len=512 [RETRANSMIT]
[7218.46ms] RETRANSMIT seq=36 len=512 [RETRANSMIT]
[7218.46ms] RETRANSMIT seq=37 len=512 [RETRANSMIT]
[7219.26ms] DUP_ACK ack_num=30 count=1
[7319.54ms] DUP_ACK ack_num=30 count=2
[7419.77ms] DUP_ACK ack_num=30 count=3
[7518.69ms] TIMEOUT sendBase=30 nextSeq=38
[7518.75ms] RETRANSMIT seq=30 len=512 [RETRANSMIT]
[7518.75ms] RETRANSMIT seq=31 len=512 [RETRANSMIT]
[7518.76ms] RETRANSMIT seq=32 len=512 [RETRANSMIT]
[7518.76ms] RETRANSMIT seq=33 len=512 [RETRANSMIT]
[7518.77ms] RETRANSMIT seq=34 len=512 [RETRANSMIT]
[7518.78ms] RETRANSMIT seq=35 len=512 [RETRANSMIT]
[7518.78ms] RETRANSMIT seq=36 len=512 [RETRANSMIT]
[7518.79ms] RETRANSMIT seq=37 len=512 [RETRANSMIT]
[7519.95ms] DUP_ACK ack_num=30 count=1
[7620.24ms] DUP_ACK ack_num=30 count=2
[7720.53ms] DUP_ACK ack_num=30 count=3
[7819.00ms] TIMEOUT sendBase=30 nextSeq=38
[7819.06ms] RETRANSMIT seq=30 len=512 [RETRANSMIT]
[7819.06ms] RETRANSMIT seq=31 len=512 [RETRANSMIT]
[7819.07ms] RETRANSMIT seq=32 len=512 [RETRANSMIT]
[7819.07ms] RETRANSMIT seq=33 len=512 [RETRANSMIT]
[7819.08ms] RETRANSMIT seq=34 len=512 [RETRANSMIT]
[7819.08ms] RETRANSMIT seq=35 len=512 [RETRANSMIT]
[7819.08ms] RETRANSMIT seq=36 len=512 [RETRANSMIT]
[7819.09ms] RETRANSMIT seq=37 len=512 [RETRANSMIT]
[7820.71ms] DUP_ACK ack_num=30 count=1
[7920.97ms] DUP_ACK ack_num=30 count=2
[8021.29ms] DUP_ACK ack_num=30 count=3
[8119.35ms] TIMEOUT sendBase=30 nextSeq=38
[8119.42ms] RETRANSMIT seq=30 len=512 [RETRANSMIT]
[8119.44ms] RETRANSMIT seq=31 len=512 [RETRANSMIT]
[8119.45ms] RETRANSMIT seq=32 len=512 [RETRANSMIT]
[8119.46ms] RETRANSMIT seq=33 len=512 [RETRANSMIT]
[8119.47ms] RETRANSMIT seq=34 len=512 [RETRANSMIT]
[8119.47ms] RETRANSMIT seq=35 len=512 [RETRANSMIT]
[8119.48ms] RETRANSMIT seq=36 len=512 [RETRANSMIT]
[8119.49ms] RETRANSMIT seq=37 len=512 [RETRANSMIT]
[8121.59ms] DUP_ACK ack_num=30 count=1
[8221.83ms] DUP_ACK ack_num=30 count=2
[8322.02ms] DUP_ACK ack_num=30 count=3
[8419.73ms] TIMEOUT sendBase=30 nextSeq=38
[8419.80ms] RETRANSMIT seq=30 len=512 [RETRANSMIT]
[8419.81ms] RETRANSMIT seq=31 len=512 [RETRANSMIT]
[8419.82ms] RETRANSMIT seq=32 len=512 [RETRANSMIT]
[8419.83ms] RETRANSMIT seq=33 len=512 [RETRANSMIT]
[8419.83ms] RETRANSMIT seq=34 len=512 [RETRANSMIT]
[8419.84ms] RETRANSMIT seq=35 len=512 [RETRANSMIT]
[8419.84ms] RETRANSMIT seq=36 len=512 [RETRANSMIT]
[8419.85ms] RETRANSMIT seq=37 len=512 [RETRANSMIT]
[8422.29ms] DUP_ACK ack_num=30 count=1
[8522.53ms] DUP_ACK ack_num=30 count=2
[8622.78ms] DUP_ACK ack_num=30 count=3
[8720.12ms] TIMEOUT sendBase=30 nextSeq=38
[8720.24ms] RETRANSMIT seq=30 len=512 [RETRANSMIT]
[8720.25ms] RETRANSMIT seq=31 len=512 [RETRANSMIT]
[8720.26ms] RETRANSMIT seq=32 len=512 [RETRANSMIT]
[8720.27ms] RETRANSMIT seq=33 len=512 [RETRANSMIT]
[8720.28ms] RETRANSMIT seq=34 len=512 [RETRANSMIT]
[8720.28ms] RETRANSMIT seq=35 len=512 [RETRANSMIT]
[8720.29ms] RETRANSMIT seq=36 len=512 [RETRANSMIT]
[8720.29ms] RETRANSMIT seq=37 len=512 [RETRANSMIT]
[8722.95ms] DUP_ACK ack_num=30 count=1
[8823.23ms] ACK ack_num=31 cwnd=1.000000 ssthresh=16.000000
[8823.26ms] SEND seq=38 len=512
[8923.69ms] ACK ack_num=32 cwnd=1.000000 ssthresh=16.000000
[8923.73ms] SEND seq=39 len=512
[9023.91ms] ACK ack_num=33 cwnd=1.000000 ssthresh=16.000000
[9023.94ms] SEND seq=40 len=512
[9124.20ms] DUP_ACK ack_num=33 count=1
[9224.35ms] DUP_ACK ack_num=33 count=2
[9324.17ms] TIMEOUT sendBase=33 nextSeq=41
[9324.24ms] RETRANSMIT seq=33 len=512 [RETRANSMIT]
[9324.24ms] RETRANSMIT seq=34 len=512 [RETRANSMIT]
[9324.25ms] RETRANSMIT seq=35 len=512 [RETRANSMIT]
[9324.25ms] RETRANSMIT seq=36 len=512 [RETRANSMIT]
[9324.26ms] RETRANSMIT seq=37 len=512 [RETRANSMIT]
[9324.26ms] RETRANSMIT seq=38 len=512 [RETRANSMIT]
[9324.27ms] RETRANSMIT seq=39 len=512 [RETRANSMIT]
[9324.28ms] RETRANSMIT seq=40 len=512 [RETRANSMIT]
[9324.52ms] DUP_ACK ack_num=33 count=1
[9424.85ms] DUP_ACK ack_num=33 count=2
[9525.11ms] DUP_ACK ack_num=33 count=3
[9624.50ms] TIMEOUT sendBase=33 nextSeq=41
[9624.56ms] RETRANSMIT seq=33 len=512 [RETRANSMIT]
[9624.57ms] RETRANSMIT seq=34 len=512 [RETRANSMIT]
[9624.57ms] RETRANSMIT seq=35 len=512 [RETRANSMIT]
[9624.58ms] RETRANSMIT seq=36 len=512 [RETRANSMIT]
[9624.58ms] RETRANSMIT seq=37 len=512 [RETRANSMIT]
[9624.58ms] RETRANSMIT seq=38 len=512 [RETRANSMIT]
[9624.59ms] RETRANSMIT seq=39 len=512 [RETRANSMIT]
[9624.59ms] RETRANSMIT seq=40 len=512 [RETRANSMIT]
[9625.32ms] DUP_ACK ack_num=33 count=1
[9725.49ms] ACK ack_num=34 cwnd=1.000000 ssthresh=16.000000
[9725.52ms] SEND seq=41 len=512
[9825.69ms] ACK ack_num=35 cwnd=1.000000 ssthresh=16.000000
[9825.72ms] SEND seq=42 len=512
[9925.87ms] DUP_ACK ack_num=35 count=1
[10026.07ms] DUP_ACK ack_num=35 count=2
[10125.87ms] TIMEOUT sendBase=35 nextSeq=43
[10125.93ms] RETRANSMIT seq=35 len=512 [RETRANSMIT]
[10125.95ms] RETRANSMIT seq=36 len=512 [RETRANSMIT]
[10125.95ms] RETRANSMIT seq=37 len=512 [RETRANSMIT]
[10125.96ms] RETRANSMIT seq=38 len=512 [RETRANSMIT]
[10125.96ms] RETRANSMIT seq=39 len=512 [RETRANSMIT]
[10125.97ms] RETRANSMIT seq=40 len=512 [RETRANSMIT]
[10125.97ms] RETRANSMIT seq=41 len=512 [RETRANSMIT]
[10125.97ms] RETRANSMIT seq=42 len=512 [RETRANSMIT]
[10126.27ms] DUP_ACK ack_num=35 count=1
[10226.57ms] DUP_ACK ack_num=35 count=2
[10326.76ms] DUP_ACK ack_num=35 count=3
[10426.17ms] TIMEOUT sendBase=35 nextSeq=43
[10426.23ms] RETRANSMIT seq=35 len=512 [RETRANSMIT]
[10426.24ms] RETRANSMIT seq=36 len=512 [RETRANSMIT]
[10426.24ms] RETRANSMIT seq=37 len=512 [RETRANSMIT]
[10426.25ms] RETRANSMIT seq=38 len=512 [RETRANSMIT]
[10426.25ms] RETRANSMIT seq=39 len=512 [RETRANSMIT]
[10426.25ms] RETRANSMIT seq=40 len=512 [RETRANSMIT]
[10426.27ms] RETRANSMIT seq=41 len=512 [RETRANSMIT]
[10426.28ms] RETRANSMIT seq=42 len=512 [RETRANSMIT]
[10426.95ms] DUP_ACK ack_num=35 count=1
[10527.56ms] ACK ack_num=36 cwnd=1.000000 ssthresh=16.000000
[10527.59ms] SEND seq=43 len=512
[10627.49ms] ACK ack_num=37 cwnd=1.000000 ssthresh=16.000000
[10627.52ms] SEND seq=44 len=512
[10727.72ms] DUP_ACK ack_num=37 count=1
[10827.94ms] DUP_ACK ack_num=37 count=2
[10927.72ms] TIMEOUT sendBase=37 nextSeq=45
[10927.78ms] RETRANSMIT seq=37 len=512 [RETRANSMIT]
[10927.78ms] RETRANSMIT seq=38 len=512 [RETRANSMIT]
[10927.79ms] RETRANSMIT seq=39 len=512 [RETRANSMIT]
[10927.79ms] RETRANSMIT seq=40 len=512 [RETRANSMIT]
[10927.80ms] RETRANSMIT seq=41 len=512 [RETRANSMIT]
[10927.80ms] RETRANSMIT seq=42 len=512 [RETRANSMIT]
[10927.81ms] RETRANSMIT seq=43 len=512 [RETRANSMIT]
[10927.81ms] RETRANSMIT seq=44 len=512 [RETRANSMIT]
[10928.14ms] DUP_ACK ack_num=37 count=1
[11028.43ms] DUP_ACK ack_num=37 count=2
[11128.66ms] DUP_ACK ack_num=37 count=3
[11228.10ms] TIMEOUT sendBase=37 nextSeq=45
[11228.17ms] RETRANSMIT seq=37 len=512 [RETRANSMIT]
[11228.18ms] RETRANSMIT seq=38 len=512 [RETRANSMIT]
[11228.18ms] RETRANSMIT seq=39 len=512 [RETRANSMIT]
[11228.19ms] RETRANSMIT seq=40 len=512 [RETRANSMIT]
[11228.20ms] RETRANSMIT seq=41 len=512 [RETRANSMIT]
[11228.20ms] RETRANSMIT seq=42 len=512 [RETRANSMIT]
[11228.21ms] RETRANSMIT seq=43 len=512 [RETRANSMIT]
[11228.21ms] RETRANSMIT seq=44 len=512 [RETRANSMIT]
[11228.82ms] DUP_ACK ack_num=37 count=1
[11329.09ms] DUP_ACK ack_num=37 count=2
[11429.28ms] DUP_ACK ack_num=37 count=3
[11528.42ms] TIMEOUT sendBase=37 nextSeq=45
[11528.48ms] RETRANSMIT seq=37 len=512 [RETRANSMIT]
[11528.49ms] RETRANSMIT seq=38 len=512 [RETRANSMIT]
[11528.50ms] RETRANSMIT seq=39 len=512 [RETRANSMIT]
[11528.50ms] RETRANSMIT seq=40 len=512 [RETRANSMIT]
[11528.50ms] RETRANSMIT seq=41 len=512 [RETRANSMIT]
[11528.51ms] RETRANSMIT seq=42 len=512 [RETRANSMIT]
[11528.51ms] RETRANSMIT seq=43 len=512 [RETRANSMIT]
[11528.52ms] RETRANSMIT seq=44 len=512 [RETRANSMIT]
[11529.47ms] DUP_ACK ack_num=37 count=1
[11629.76ms] DUP_ACK ack_num=37 count=2
[11730.05ms] DUP_ACK ack_num=37 count=3
[11828.74ms] TIMEOUT sendBase=37 nextSeq=45
[11828.81ms] RETRANSMIT seq=37 len=512 [RETRANSMIT]
[11828.81ms] RETRANSMIT seq=38 len=512 [RETRANSMIT]
[11828.82ms] RETRANSMIT seq=39 len=512 [RETRANSMIT]
[11828.83ms] RETRANSMIT seq=40 len=512 [RETRANSMIT]
[11828.84ms] RETRANSMIT seq=41 len=512 [RETRANSMIT]
[11829.22ms] RETRANSMIT seq=42 len=512 [RETRANSMIT]
[11829.24ms] RETRANSMIT seq=43 len=512 [RETRANSMIT]
[11829.24ms] RETRANSMIT seq=44 len=512 [RETRANSMIT]
[11830.27ms] DUP_ACK ack_num=37 count=1
[11930.93ms] DUP_ACK ack_num=37 count=2
[12030.99ms] DUP_ACK ack_num=37 count=3
[12129.43ms] TIMEOUT sendBase=37 nextSeq=45
[12129.49ms] RETRANSMIT seq=37 len=512 [RETRANSMIT]
[12129.50ms] RETRANSMIT seq=38 len=512 [RETRANSMIT]
[12129.50ms] RETRANSMIT seq=39 len=512 [RETRANSMIT]
[12129.51ms] RETRANSMIT seq=40 len=512 [RETRANSMIT]
[12129.51ms] RETRANSMIT seq=41 len=512 [RETRANSMIT]
[12129.52ms] RETRANSMIT seq=42 len=512 [RETRANSMIT]
[12129.52ms] RETRANSMIT seq=43 len=512 [RETRANSMIT]
[12129.52ms] RETRANSMIT seq=44 len=512 [RETRANSMIT]
[12131.16ms] DUP_ACK ack_num=37 count=1
[12231.47ms] ACK ack_num=38 cwnd=1.000000 ssthresh=16.000000
[12231.50ms] SEND seq=45 len=512
[12331.64ms] DUP_ACK ack_num=38 count=1
[12431.89ms] DUP_ACK ack_num=38 count=2
[12531.67ms] TIMEOUT sendBase=38 nextSeq=46
[12531.72ms] RETRANSMIT seq=38 len=512 [RETRANSMIT]
[12531.73ms] RETRANSMIT seq=39 len=512 [RETRANSMIT]
[12531.73ms] RETRANSMIT seq=40 len=512 [RETRANSMIT]
[12531.74ms] RETRANSMIT seq=41 len=512 [RETRANSMIT]
[12531.74ms] RETRANSMIT seq=42 len=512 [RETRANSMIT]
[12531.75ms] RETRANSMIT seq=43 len=512 [RETRANSMIT]
[12531.75ms] RETRANSMIT seq=44 len=512 [RETRANSMIT]
[12531.75ms] RETRANSMIT seq=45 len=512 [RETRANSMIT]
[12532.07ms] DUP_ACK ack_num=38 count=1
[12632.30ms] DUP_ACK ack_num=38 count=2
[12732.53ms] DUP_ACK ack_num=38 count=3
[12831.97ms] TIMEOUT sendBase=38 nextSeq=46
[12832.03ms] RETRANSMIT seq=38 len=512 [RETRANSMIT]
[12832.04ms] RETRANSMIT seq=39 len=512 [RETRANSMIT]
[12832.04ms] RETRANSMIT seq=40 len=512 [RETRANSMIT]
[12832.05ms] RETRANSMIT seq=41 len=512 [RETRANSMIT]
[12832.05ms] RETRANSMIT seq=42 len=512 [RETRANSMIT]
[12832.06ms] RETRANSMIT seq=43 len=512 [RETRANSMIT]
[12832.06ms] RETRANSMIT seq=44 len=512 [RETRANSMIT]
[12832.07ms] RETRANSMIT seq=45 len=512 [RETRANSMIT]
[12832.74ms] DUP_ACK ack_num=38 count=1
[12933.09ms] DUP_ACK ack_num=38 count=2
[13033.36ms] DUP_ACK ack_num=38 count=3
[13132.27ms] TIMEOUT sendBase=38 nextSeq=46
[13132.33ms] RETRANSMIT seq=38 len=512 [RETRANSMIT]
[13132.34ms] RETRANSMIT seq=39 len=512 [RETRANSMIT]
[13132.35ms] RETRANSMIT seq=40 len=512 [RETRANSMIT]
[13132.35ms] RETRANSMIT seq=41 len=512 [RETRANSMIT]
[13132.35ms] RETRANSMIT seq=42 len=512 [RETRANSMIT]
[13132.36ms] RETRANSMIT seq=43 len=512 [RETRANSMIT]
[13132.36ms] RETRANSMIT seq=44 len=512 [RETRANSMIT]
[13132.37ms] RETRANSMIT seq=45 len=512 [RETRANSMIT]
[13133.64ms] DUP_ACK ack_num=38 count=1
[13233.91ms] DUP_ACK ack_num=38 count=2
[13334.07ms] DUP_ACK ack_num=38 count=3
[13432.56ms] TIMEOUT sendBase=38 nextSeq=46
[13432.62ms] RETRANSMIT seq=38 len=512 [RETRANSMIT]
[13432.62ms] RETRANSMIT seq=39 len=512 [RETRANSMIT]
[13432.63ms] RETRANSMIT seq=40 len=512 [RETRANSMIT]
[13432.63ms] RETRANSMIT seq=41 len=512 [RETRANSMIT]
[13432.64ms] RETRANSMIT seq=42 len=512 [RETRANSMIT]
[13432.65ms] RETRANSMIT seq=43 len=512 [RETRANSMIT]
[13432.65ms] RETRANSMIT seq=44 len=512 [RETRANSMIT]
[13432.66ms] RETRANSMIT seq=45 len=512 [RETRANSMIT]
[13434.26ms] DUP_ACK ack_num=38 count=1
[13534.52ms] DUP_ACK ack_num=38 count=2
[13634.79ms] DUP_ACK ack_num=38 count=3
[13732.94ms] TIMEOUT sendBase=38 nextSeq=46
[13733.02ms] RETRANSMIT seq=38 len=512 [RETRANSMIT]
[13733.03ms] RETRANSMIT seq=39 len=512 [RETRANSMIT]
[13733.04ms] RETRANSMIT seq=40 len=512 [RETRANSMIT]
[13733.05ms] RETRANSMIT seq=41 len=512 [RETRANSMIT]
[13733.06ms] RETRANSMIT seq=42 len=512 [RETRANSMIT]
[13733.06ms] RETRANSMIT seq=43 len=512 [RETRANSMIT]
[13733.07ms] RETRANSMIT seq=44 len=512 [RETRANSMIT]
[13733.08ms] RETRANSMIT seq=45 len=512 [RETRANSMIT]
[13735.10ms] DUP_ACK ack_num=38 count=1
[13835.36ms] DUP_ACK ack_num=38 count=2
[13935.59ms] DUP_ACK ack_num=38 count=3
[14033.28ms] TIMEOUT sendBase=38 nextSeq=46
[14033.33ms] RETRANSMIT seq=38 len=512 [RETRANSMIT]
[14033.53ms] RETRANSMIT seq=39 len=512 [RETRANSMIT]
[14033.53ms] RETRANSMIT seq=40 len=512 [RETRANSMIT]
[14033.54ms] RETRANSMIT seq=41 len=512 [RETRANSMIT]
[14033.54ms] RETRANSMIT seq=42 len=512 [RETRANSMIT]
[14033.55ms] RETRANSMIT seq=43 len=512 [RETRANSMIT]
[14033.55ms] RETRANSMIT seq=44 len=512 [RETRANSMIT]
[14033.56ms] RETRANSMIT seq=45 len=512 [RETRANSMIT]
[14035.76ms] DUP_ACK ack_num=38 count=1
[14136.06ms] DUP_ACK ack_num=38 count=2
[14236.26ms] DUP_ACK ack_num=38 count=3
[14333.74ms] TIMEOUT sendBase=38 nextSeq=46
[14333.83ms] RETRANSMIT seq=38 len=512 [RETRANSMIT]
[14333.84ms] RETRANSMIT seq=39 len=512 [RETRANSMIT]
[14333.85ms] RETRANSMIT seq=40 len=512 [RETRANSMIT]
[14333.85ms] RETRANSMIT seq=41 len=512 [RETRANSMIT]
[14333.85ms] RETRANSMIT seq=42 len=512 [RETRANSMIT]
[14333.86ms] RETRANSMIT seq=43 len=512 [RETRANSMIT]
[14333.86ms] RETRANSMIT seq=44 len=512 [RETRANSMIT]
[14333.87ms] RETRANSMIT seq=45 len=512 [RETRANSMIT]
[14336.41ms] DUP_ACK ack_num=38 count=1
[14436.71ms] DUP_ACK ack_num=38 count=2
[14537.01ms] DUP_ACK ack_num=38 count=3
[14634.09ms] TIMEOUT sendBase=38 nextSeq=46
[14634.16ms] RETRANSMIT seq=38 len=512 [RETRANSMIT]
[14634.16ms] RETRANSMIT seq=39 len=512 [RETRANSMIT]
[14634.17ms] RETRANSMIT seq=40 len=512 [RETRANSMIT]
[14634.17ms] RETRANSMIT seq=41 len=512 [RETRANSMIT]
[14634.17ms] RETRANSMIT seq=42 len=512 [RETRANSMIT]
[14634.18ms] RETRANSMIT seq=43 len=512 [RETRANSMIT]
[14634.18ms] RETRANSMIT seq=44 len=512 [RETRANSMIT]
[14634.24ms] RETRANSMIT seq=45 len=512 [RETRANSMIT]
[14637.16ms] DUP_ACK ack_num=38 count=1
[14737.51ms] DUP_ACK ack_num=38 count=2
[14837.84ms] DUP_ACK ack_num=38 count=3
[14934.46ms] TIMEOUT sendBase=38 nextSeq=46
[14934.55ms] RETRANSMIT seq=38 len=512 [RETRANSMIT]
[14934.56ms] RETRANSMIT seq=39 len=512 [RETRANSMIT]
[14934.57ms] RETRANSMIT seq=40 len=512 [RETRANSMIT]
[14934.58ms] RETRANSMIT seq=41 len=512 [RETRANSMIT]
[14934.58ms] RETRANSMIT seq=42 len=512 [RETRANSMIT]
[14934.59ms] RETRANSMIT seq=43 len=512 [RETRANSMIT]
[14934.59ms] RETRANSMIT seq=44 len=512 [RETRANSMIT]
[14934.60ms] RETRANSMIT seq=45 len=512 [RETRANSMIT]
[14937.98ms] DUP_ACK ack_num=38 count=1
[15038.24ms] DUP_ACK ack_num=38 count=2
[15138.43ms] DUP_ACK ack_num=38 count=3
[15234.81ms] TIMEOUT sendBase=38 nextSeq=46
[15234.87ms] RETRANSMIT seq=38 len=512 [RETRANSMIT]
[15234.88ms] RETRANSMIT seq=39 len=512 [RETRANSMIT]
[15234.88ms] RETRANSMIT seq=40 len=512 [RETRANSMIT]
[15234.89ms] RETRANSMIT seq=41 len=512 [RETRANSMIT]
[15234.89ms] RETRANSMIT seq=42 len=512 [RETRANSMIT]
[15234.89ms] RETRANSMIT seq=43 len=512 [RETRANSMIT]
[15234.90ms] RETRANSMIT seq=44 len=512 [RETRANSMIT]
[15234.90ms] RETRANSMIT seq=45 len=512 [RETRANSMIT]
[15238.64ms] DUP_ACK ack_num=38 count=1
[15338.93ms] DUP_ACK ack_num=38 count=2
[15439.14ms] DUP_ACK ack_num=38 count=3
[15535.13ms] TIMEOUT sendBase=38 nextSeq=46
[15535.19ms] RETRANSMIT seq=38 len=512 [RETRANSMIT]
[15535.20ms] RETRANSMIT seq=39 len=512 [RETRANSMIT]
[15535.20ms] RETRANSMIT seq=40 len=512 [RETRANSMIT]
[15535.21ms] RETRANSMIT seq=41 len=512 [RETRANSMIT]
[15535.21ms] RETRANSMIT seq=42 len=512 [RETRANSMIT]
[15535.22ms] RETRANSMIT seq=43 len=512 [RETRANSMIT]
[15535.22ms] RETRANSMIT seq=44 len=512 [RETRANSMIT]
[15535.22ms] RETRANSMIT seq=45 len=512 [RETRANSMIT]
[15539.35ms] DUP_ACK ack_num=38 count=1
[15639.56ms] DUP_ACK ack_num=38 count=2
[15739.82ms] DUP_ACK ack_num=38 count=3
[15835.45ms] TIMEOUT sendBase=38 nextSeq=46
[15835.51ms] RETRANSMIT seq=38 len=512 [RETRANSMIT]
[15835.52ms] RETRANSMIT seq=39 len=512 [RETRANSMIT]
[15835.52ms] RETRANSMIT seq=40 len=512 [RETRANSMIT]
[15835.53ms] RETRANSMIT seq=41 len=512 [RETRANSMIT]
[15835.53ms] RETRANSMIT seq=42 len=512 [RETRANSMIT]
[15835.53ms] RETRANSMIT seq=43 len=512 [RETRANSMIT]
[15835.54ms] RETRANSMIT seq=44 len=512 [RETRANSMIT]
[15835.54ms] RETRANSMIT seq=45 len=512 [RETRANSMIT]
[15839.99ms] DUP_ACK ack_num=38 count=1
[15940.30ms] DUP_ACK ack_num=38 count=2
[16040.54ms] DUP_ACK ack_num=38 count=3
[16135.78ms] TIMEOUT sendBase=38 nextSeq=46
[16135.84ms] RETRANSMIT seq=38 len=512 [RETRANSMIT]
[16135.85ms] RETRANSMIT seq=39 len=512 [RETRANSMIT]
[16135.86ms] RETRANSMIT seq=40 len=512 [RETRANSMIT]
[16135.86ms] RETRANSMIT seq=41 len=512 [RETRANSMIT]
[16135.87ms] RETRANSMIT seq=42 len=512 [RETRANSMIT]
[16135.87ms] RETRANSMIT seq=43 len=512 [RETRANSMIT]
[16135.88ms] RETRANSMIT seq=44 len=512 [RETRANSMIT]
[16135.88ms] RETRANSMIT seq=45 len=512 [RETRANSMIT]
[16140.78ms] DUP_ACK ack_num=38 count=1
[16241.09ms] DUP_ACK ack_num=38 count=2
[16341.28ms] DUP_ACK ack_num=38 count=3
[16436.18ms] TIMEOUT sendBase=38 nextSeq=46
[16436.27ms] RETRANSMIT seq=38 len=512 [RETRANSMIT]
[16436.28ms] RETRANSMIT seq=39 len=512 [RETRANSMIT]
[16436.29ms] RETRANSMIT seq=40 len=512 [RETRANSMIT]
[16436.29ms] RETRANSMIT seq=41 len=512 [RETRANSMIT]
[16436.30ms] RETRANSMIT seq=42 len=512 [RETRANSMIT]
[16436.30ms] RETRANSMIT seq=43 len=512 [RETRANSMIT]
[16436.31ms] RETRANSMIT seq=44 len=512 [RETRANSMIT]
[16436.33ms] RETRANSMIT seq=45 len=512 [RETRANSMIT]
[16441.55ms] DUP_ACK ack_num=38 count=1
[16541.73ms] DUP_ACK ack_num=38 count=2
[16641.91ms] DUP_ACK ack_num=38 count=3
[16736.52ms] TIMEOUT sendBase=38 nextSeq=46
[16736.58ms] RETRANSMIT seq=38 len=512 [RETRANSMIT]
[16736.62ms] RETRANSMIT seq=39 len=512 [RETRANSMIT]
[16736.63ms] RETRANSMIT seq=40 len=512 [RETRANSMIT]
[16736.64ms] RETRANSMIT seq=41 len=512 [RETRANSMIT]
[16736.64ms] RETRANSMIT seq=42 len=512 [RETRANSMIT]
[16736.64ms] RETRANSMIT seq=43 len=512 [RETRANSMIT]
[16736.65ms] RETRANSMIT seq=44 len=512 [RETRANSMIT]
[16736.65ms] RETRANSMIT seq=45 len=512 [RETRANSMIT]
[16742.09ms] DUP_ACK ack_num=38 count=1
[16842.28ms] DUP_ACK ack_num=38 count=2
[16942.45ms] DUP_ACK ack_num=38 count=3
[17036.82ms] TIMEOUT sendBase=38 nextSeq=46
[17036.88ms] RETRANSMIT seq=38 len=512 [RETRANSMIT]
[17036.89ms] RETRANSMIT seq=39 len=512 [RETRANSMIT]
[17036.90ms] RETRANSMIT seq=40 len=512 [RETRANSMIT]
[17036.90ms] RETRANSMIT seq=41 len=512 [RETRANSMIT]
[17036.91ms] RETRANSMIT seq=42 len=512 [RETRANSMIT]
[17036.91ms] RETRANSMIT seq=43 len=512 [RETRANSMIT]
[17036.92ms] RETRANSMIT seq=44 len=512 [RETRANSMIT]
[17036.92ms] RETRANSMIT seq=45 len=512 [RETRANSMIT]
[17042.69ms] DUP_ACK ack_num=38 count=1
[17142.96ms] DUP_ACK ack_num=38 count=2
[17243.15ms] DUP_ACK ack_num=38 count=3
[17337.09ms] TIMEOUT sendBase=38 nextSeq=46
[17337.20ms] RETRANSMIT seq=38 len=512 [RETRANSMIT]
[17337.21ms] RETRANSMIT seq=39 len=512 [RETRANSMIT]
[17337.22ms] RETRANSMIT seq=40 len=512 [RETRANSMIT]
[17337.22ms] RETRANSMIT seq=41 len=512 [RETRANSMIT]
[17337.23ms] RETRANSMIT seq=42 len=512 [RETRANSMIT]
[17337.23ms] RETRANSMIT seq=43 len=512 [RETRANSMIT]
[17337.23ms] RETRANSMIT seq=44 len=512 [RETRANSMIT]
[17337.24ms] RETRANSMIT seq=45 len=512 [RETRANSMIT]
[17343.33ms] DUP_ACK ack_num=38 count=1
[17443.59ms] ACK ack_num=39 cwnd=1.000000 ssthresh=16.000000
[17443.62ms] SEND seq=46 len=512
[17543.80ms] ACK ack_num=40 cwnd=1.000000 ssthresh=16.000000
[17543.83ms] SEND seq=47 len=512
[17644.08ms] DUP_ACK ack_num=40 count=1
[17744.33ms] DUP_ACK ack_num=40 count=2
[17844.03ms] TIMEOUT sendBase=40 nextSeq=48
[17844.09ms] RETRANSMIT seq=40 len=512 [RETRANSMIT]
[17844.10ms] RETRANSMIT seq=41 len=512 [RETRANSMIT]
[17844.10ms] RETRANSMIT seq=42 len=512 [RETRANSMIT]
[17844.11ms] RETRANSMIT seq=43 len=512 [RETRANSMIT]
[17844.11ms] RETRANSMIT seq=44 len=512 [RETRANSMIT]
[17844.11ms] RETRANSMIT seq=45 len=512 [RETRANSMIT]
[17844.12ms] RETRANSMIT seq=46 len=512 [RETRANSMIT]
[17844.12ms] RETRANSMIT seq=47 len=512 [RETRANSMIT]
[17844.48ms] DUP_ACK ack_num=40 count=1
[17944.78ms] DUP_ACK ack_num=40 count=2
[18045.02ms] ACK ack_num=41 cwnd=1.000000 ssthresh=16.000000
[18045.05ms] SEND seq=48 len=512
[18145.30ms] ACK ack_num=42 cwnd=1.000000 ssthresh=16.000000
[18145.35ms] SEND seq=49 len=512
[18245.62ms] DUP_ACK ack_num=42 count=1
[18345.82ms] DUP_ACK ack_num=42 count=2
[18445.51ms] TIMEOUT sendBase=42 nextSeq=50
[18445.57ms] RETRANSMIT seq=42 len=512 [RETRANSMIT]
[18445.58ms] RETRANSMIT seq=43 len=512 [RETRANSMIT]
[18445.58ms] RETRANSMIT seq=44 len=512 [RETRANSMIT]
[18445.59ms] RETRANSMIT seq=45 len=512 [RETRANSMIT]
[18445.59ms] RETRANSMIT seq=46 len=512 [RETRANSMIT]
[18445.59ms] RETRANSMIT seq=47 len=512 [RETRANSMIT]
[18445.60ms] RETRANSMIT seq=48 len=512 [RETRANSMIT]
[18445.60ms] RETRANSMIT seq=49 len=512 [RETRANSMIT]
[18445.98ms] DUP_ACK ack_num=42 count=1
[18546.27ms] DUP_ACK ack_num=42 count=2
[18646.57ms] DUP_ACK ack_num=42 count=3
[18745.80ms] TIMEOUT sendBase=42 nextSeq=50
[18745.86ms] RETRANSMIT seq=42 len=512 [RETRANSMIT]
[18745.87ms] RETRANSMIT seq=43 len=512 [RETRANSMIT]
[18745.87ms] RETRANSMIT seq=44 len=512 [RETRANSMIT]
[18745.88ms] RETRANSMIT seq=45 len=512 [RETRANSMIT]
[18745.88ms] RETRANSMIT seq=46 len=512 [RETRANSMIT]
[18745.89ms] RETRANSMIT seq=47 len=512 [RETRANSMIT]
[18745.89ms] RETRANSMIT seq=48 len=512 [RETRANSMIT]
[18745.90ms] RETRANSMIT seq=49 len=512 [RETRANSMIT]
[18746.76ms] DUP_ACK ack_num=42 count=1
[18847.01ms] DUP_ACK ack_num=42 count=2
[18947.21ms] DUP_ACK ack_num=42 count=3
[19046.09ms] TIMEOUT sendBase=42 nextSeq=50
[19046.15ms] RETRANSMIT seq=42 len=512 [RETRANSMIT]
[19046.16ms] RETRANSMIT seq=43 len=512 [RETRANSMIT]
[19046.16ms] RETRANSMIT seq=44 len=512 [RETRANSMIT]
[19046.17ms] RETRANSMIT seq=45 len=512 [RETRANSMIT]
[19046.19ms] RETRANSMIT seq=46 len=512 [RETRANSMIT]
[19046.20ms] RETRANSMIT seq=47 len=512 [RETRANSMIT]
[19046.20ms] RETRANSMIT seq=48 len=512 [RETRANSMIT]
[19046.21ms] RETRANSMIT seq=49 len=512 [RETRANSMIT]
[19047.45ms] DUP_ACK ack_num=42 count=1
[19147.67ms] DUP_ACK ack_num=42 count=2
[19247.89ms] DUP_ACK ack_num=42 count=3
[19346.42ms] TIMEOUT sendBase=42 nextSeq=50
[19346.48ms] RETRANSMIT seq=42 len=512 [RETRANSMIT]
[19346.53ms] RETRANSMIT seq=43 len=512 [RETRANSMIT]
[19346.54ms] RETRANSMIT seq=44 len=512 [RETRANSMIT]
[19346.54ms] RETRANSMIT seq=45 len=512 [RETRANSMIT]
[19346.54ms] RETRANSMIT seq=46 len=512 [RETRANSMIT]
[19346.55ms] RETRANSMIT seq=47 len=512 [RETRANSMIT]
[19346.55ms] RETRANSMIT seq=48 len=512 [RETRANSMIT]
[19346.56ms] RETRANSMIT seq=49 len=512 [RETRANSMIT]
[19348.08ms] DUP_ACK ack_num=42 count=1
[19448.28ms] ACK ack_num=43 cwnd=1.000000 ssthresh=16.000000
[19448.31ms] SEND seq=50 len=512
[19548.53ms] ACK ack_num=44 cwnd=1.000000 ssthresh=16.000000
[19548.57ms] SEND seq=51 len=512
[19648.76ms] ACK ack_num=45 cwnd=1.000000 ssthresh=16.000000
[19648.79ms] SEND seq=52 len=512
[19749.02ms] DUP_ACK ack_num=45 count=1
[19849.24ms] DUP_ACK ack_num=45 count=2
[19948.98ms] TIMEOUT sendBase=45 nextSeq=53
[19949.04ms] RETRANSMIT seq=45 len=512 [RETRANSMIT]
[19949.05ms] RETRANSMIT seq=46 len=512 [RETRANSMIT]
[19949.06ms] RETRANSMIT seq=47 len=512 [RETRANSMIT]
[19949.06ms] RETRANSMIT seq=48 len=512 [RETRANSMIT]
[19949.06ms] RETRANSMIT seq=49 len=512 [RETRANSMIT]
[19949.07ms] RETRANSMIT seq=50 len=512 [RETRANSMIT]
[19949.07ms] RETRANSMIT seq=51 len=512 [RETRANSMIT]
[19949.08ms] RETRANSMIT seq=52 len=512 [RETRANSMIT]
[19949.47ms] DUP_ACK ack_num=45 count=1
[20049.73ms] DUP_ACK ack_num=45 count=2
[20149.94ms] DUP_ACK ack_num=45 count=3
[20249.27ms] TIMEOUT sendBase=45 nextSeq=53
[20249.36ms] RETRANSMIT seq=45 len=512 [RETRANSMIT]
[20249.37ms] RETRANSMIT seq=46 len=512 [RETRANSMIT]
[20249.37ms] RETRANSMIT seq=47 len=512 [RETRANSMIT]
[20249.38ms] RETRANSMIT seq=48 len=512 [RETRANSMIT]
[20249.38ms] RETRANSMIT seq=49 len=512 [RETRANSMIT]
[20249.39ms] RETRANSMIT seq=50 len=512 [RETRANSMIT]
[20249.39ms] RETRANSMIT seq=51 len=512 [RETRANSMIT]
[20249.39ms] RETRANSMIT seq=52 len=512 [RETRANSMIT]
[20250.11ms] DUP_ACK ack_num=45 count=1
[20350.39ms] DUP_ACK ack_num=45 count=2
[20450.60ms] DUP_ACK ack_num=45 count=3
[20549.61ms] TIMEOUT sendBase=45 nextSeq=53
[20549.68ms] RETRANSMIT seq=45 len=512 [RETRANSMIT]
[20549.69ms] RETRANSMIT seq=46 len=512 [RETRANSMIT]
[20549.69ms] RETRANSMIT seq=47 len=512 [RETRANSMIT]
[20549.70ms] RETRANSMIT seq=48 len=512 [RETRANSMIT]
[20549.70ms] RETRANSMIT seq=49 len=512 [RETRANSMIT]
[20549.71ms] RETRANSMIT seq=50 len=512 [RETRANSMIT]
[20549.72ms] RETRANSMIT seq=51 len=512 [RETRANSMIT]
[20549.72ms] RETRANSMIT seq=52 len=512 [RETRANSMIT]
[20550.80ms] DUP_ACK ack_num=45 count=1
[20651.03ms] DUP_ACK ack_num=45 count=2
[20751.22ms] DUP_ACK ack_num=45 count=3
[20849.93ms] TIMEOUT sendBase=45 nextSeq=53
[20850.01ms] RETRANSMIT seq=45 len=512 [RETRANSMIT]
[20850.02ms] RETRANSMIT seq=46 len=512 [RETRANSMIT]
[20850.02ms] RETRANSMIT seq=47 len=512 [RETRANSMIT]
[20850.03ms] RETRANSMIT seq=48 len=512 [RETRANSMIT]
[20850.03ms] RETRANSMIT seq=49 len=512 [RETRANSMIT]
[20850.03ms] RETRANSMIT seq=50 len=512 [RETRANSMIT]
[20850.04ms] RETRANSMIT seq=51 len=512 [RETRANSMIT]
[20850.04ms] RETRANSMIT seq=52 len=512 [RETRANSMIT]
[20851.50ms] DUP_ACK ack_num=45 count=1
[20951.68ms] DUP_ACK ack_num=45 count=2
[21051.89ms] DUP_ACK ack_num=45 count=3
[21150.22ms] TIMEOUT sendBase=45 nextSeq=53
[21150.33ms] RETRANSMIT seq=45 len=512 [RETRANSMIT]
[21150.34ms] RETRANSMIT seq=46 len=512 [RETRANSMIT]
[21150.34ms] RETRANSMIT seq=47 len=512 [RETRANSMIT]
[21150.35ms] RETRANSMIT seq=48 len=512 [RETRANSMIT]
[21150.35ms] RETRANSMIT seq=49 len=512 [RETRANSMIT]
[21150.36ms] RETRANSMIT seq=50 len=512 [RETRANSMIT]
[21150.36ms] RETRANSMIT seq=51 len=512 [RETRANSMIT]
[21150.36ms] RETRANSMIT seq=52 len=512 [RETRANSMIT]
[21152.09ms] DUP_ACK ack_num=45 count=1
[21252.43ms] DUP_ACK ack_num=45 count=2
[21352.62ms] DUP_ACK ack_num=45 count=3
[21450.53ms] TIMEOUT sendBase=45 nextSeq=53
[21450.59ms] RETRANSMIT seq=45 len=512 [RETRANSMIT]
[21450.59ms] RETRANSMIT seq=46 len=512 [RETRANSMIT]
[21450.60ms] RETRANSMIT seq=47 len=512 [RETRANSMIT]
[21450.60ms] RETRANSMIT seq=48 len=512 [RETRANSMIT]
[21450.61ms] RETRANSMIT seq=49 len=512 [RETRANSMIT]
[21450.61ms] RETRANSMIT seq=50 len=512 [RETRANSMIT]
[21450.61ms] RETRANSMIT seq=51 len=512 [RETRANSMIT]
[21450.62ms] RETRANSMIT seq=52 len=512 [RETRANSMIT]
[21452.81ms] DUP_ACK ack_num=45 count=1
[21553.10ms] DUP_ACK ack_num=45 count=2
[21653.31ms] DUP_ACK ack_num=45 count=3
[21750.79ms] TIMEOUT sendBase=45 nextSeq=53
[21750.85ms] RETRANSMIT seq=45 len=512 [RETRANSMIT]
[21750.86ms] RETRANSMIT seq=46 len=512 [RETRANSMIT]
[21750.86ms] RETRANSMIT seq=47 len=512 [RETRANSMIT]
[21750.86ms] RETRANSMIT seq=48 len=512 [RETRANSMIT]
[21750.87ms] RETRANSMIT seq=49 len=512 [RETRANSMIT]
[21750.87ms] RETRANSMIT seq=50 len=512 [RETRANSMIT]
[21750.88ms] RETRANSMIT seq=51 len=512 [RETRANSMIT]
[21750.88ms] RETRANSMIT seq=52 len=512 [RETRANSMIT]
[21753.49ms] DUP_ACK ack_num=45 count=1
[21853.77ms] DUP_ACK ack_num=45 count=2
[21954.16ms] DUP_ACK ack_num=45 count=3
[22051.06ms] TIMEOUT sendBase=45 nextSeq=53
[22051.12ms] RETRANSMIT seq=45 len=512 [RETRANSMIT]
[22051.13ms] RETRANSMIT seq=46 len=512 [RETRANSMIT]
[22051.13ms] RETRANSMIT seq=47 len=512 [RETRANSMIT]
[22051.14ms] RETRANSMIT seq=48 len=512 [RETRANSMIT]
[22051.14ms] RETRANSMIT seq=49 len=512 [RETRANSMIT]
[22051.14ms] RETRANSMIT seq=50 len=512 [RETRANSMIT]
[22051.15ms] RETRANSMIT seq=51 len=512 [RETRANSMIT]
[22051.15ms] RETRANSMIT seq=52 len=512 [RETRANSMIT]
[22054.26ms] DUP_ACK ack_num=45 count=1
[22154.56ms] ACK ack_num=46 cwnd=1.000000 ssthresh=16.000000
[22154.60ms] SEND seq=53 len=512
[22254.88ms] DUP_ACK ack_num=46 count=1
[22355.08ms] DUP_ACK ack_num=46 count=2
[22454.78ms] TIMEOUT sendBase=46 nextSeq=54
[22454.86ms] RETRANSMIT seq=46 len=512 [RETRANSMIT]
[22454.86ms] RETRANSMIT seq=47 len=512 [RETRANSMIT]
[22454.87ms] RETRANSMIT seq=48 len=512 [RETRANSMIT]
[22454.87ms] RETRANSMIT seq=49 len=512 [RETRANSMIT]
[22454.88ms] RETRANSMIT seq=50 len=512 [RETRANSMIT]
[22454.88ms] RETRANSMIT seq=51 len=512 [RETRANSMIT]
[22454.89ms] RETRANSMIT seq=52 len=512 [RETRANSMIT]
[22454.89ms] RETRANSMIT seq=53 len=512 [RETRANSMIT]
[22455.28ms] DUP_ACK ack_num=46 count=1
[22555.52ms] DUP_ACK ack_num=46 count=2
[22655.78ms] DUP_ACK ack_num=46 count=3
[22755.08ms] TIMEOUT sendBase=46 nextSeq=54
[22755.16ms] RETRANSMIT seq=46 len=512 [RETRANSMIT]
[22755.17ms] RETRANSMIT seq=47 len=512 [RETRANSMIT]
[22755.17ms] RETRANSMIT seq=48 len=512 [RETRANSMIT]
[22755.18ms] RETRANSMIT seq=49 len=512 [RETRANSMIT]
[22755.18ms] RETRANSMIT seq=50 len=512 [RETRANSMIT]
[22755.18ms] RETRANSMIT seq=51 len=512 [RETRANSMIT]
[22755.19ms] RETRANSMIT seq=52 len=512 [RETRANSMIT]
[22755.19ms] RETRANSMIT seq=53 len=512 [RETRANSMIT]
[22755.96ms] DUP_ACK ack_num=46 count=1
[22856.28ms] DUP_ACK ack_num=46 count=2
[22956.51ms] DUP_ACK ack_num=46 count=3
[23055.44ms] TIMEOUT sendBase=46 nextSeq=54
[23055.52ms] RETRANSMIT seq=46 len=512 [RETRANSMIT]
[23055.53ms] RETRANSMIT seq=47 len=512 [RETRANSMIT]
[23055.54ms] RETRANSMIT seq=48 len=512 [RETRANSMIT]
[23055.54ms] RETRANSMIT seq=49 len=512 [RETRANSMIT]
[23055.55ms] RETRANSMIT seq=50 len=512 [RETRANSMIT]
[23055.55ms] RETRANSMIT seq=51 len=512 [RETRANSMIT]
[23055.56ms] RETRANSMIT seq=52 len=512 [RETRANSMIT]
[23055.56ms] RETRANSMIT seq=53 len=512 [RETRANSMIT]
[23056.79ms] DUP_ACK ack_num=46 count=1
[23157.02ms] DUP_ACK ack_num=46 count=2
[23257.33ms] DUP_ACK ack_num=46 count=3
[23355.75ms] TIMEOUT sendBase=46 nextSeq=54
[23355.81ms] RETRANSMIT seq=46 len=512 [RETRANSMIT]
[23355.81ms] RETRANSMIT seq=47 len=512 [RETRANSMIT]
[23355.82ms] RETRANSMIT seq=48 len=512 [RETRANSMIT]
[23355.82ms] RETRANSMIT seq=49 len=512 [RETRANSMIT]
[23355.83ms] RETRANSMIT seq=50 len=512 [RETRANSMIT]
[23355.83ms] RETRANSMIT seq=51 len=512 [RETRANSMIT]
[23355.84ms] RETRANSMIT seq=52 len=512 [RETRANSMIT]
[23355.84ms] RETRANSMIT seq=53 len=512 [RETRANSMIT]
[23357.60ms] DUP_ACK ack_num=46 count=1
[23457.84ms] DUP_ACK ack_num=46 count=2
[23558.12ms] DUP_ACK ack_num=46 count=3
[23656.05ms] TIMEOUT sendBase=46 nextSeq=54
[23656.16ms] RETRANSMIT seq=46 len=512 [RETRANSMIT]
[23656.16ms] RETRANSMIT seq=47 len=512 [RETRANSMIT]
[23656.17ms] RETRANSMIT seq=48 len=512 [RETRANSMIT]
[23656.17ms] RETRANSMIT seq=49 len=512 [RETRANSMIT]
[23656.18ms] RETRANSMIT seq=50 len=512 [RETRANSMIT]
[23656.18ms] RETRANSMIT seq=51 len=512 [RETRANSMIT]
[23656.19ms] RETRANSMIT seq=52 len=512 [RETRANSMIT]
[23656.23ms] RETRANSMIT seq=53 len=512 [RETRANSMIT]
[23658.28ms] DUP_ACK ack_num=46 count=1
[23758.53ms] DUP_ACK ack_num=46 count=2
[23858.77ms] DUP_ACK ack_num=46 count=3
[23956.42ms] TIMEOUT sendBase=46 nextSeq=54
[23956.50ms] RETRANSMIT seq=46 len=512 [RETRANSMIT]
[23956.51ms] RETRANSMIT seq=47 len=512 [RETRANSMIT]
[23956.52ms] RETRANSMIT seq=48 len=512 [RETRANSMIT]
[23956.53ms] RETRANSMIT seq=49 len=512 [RETRANSMIT]
[23956.53ms] RETRANSMIT seq=50 len=512 [RETRANSMIT]
[23956.54ms] RETRANSMIT seq=51 len=512 [RETRANSMIT]
[23956.55ms] RETRANSMIT seq=52 len=512 [RETRANSMIT]
[23956.55ms] RETRANSMIT seq=53 len=512 [RETRANSMIT]
[23958.96ms] DUP_ACK ack_num=46 count=1
[24059.26ms] DUP_ACK ack_num=46 count=2
[24159.49ms] DUP_ACK ack_num=46 count=3
[24256.75ms] TIMEOUT sendBase=46 nextSeq=54
[24256.82ms] RETRANSMIT seq=46 len=512 [RETRANSMIT]
[24256.82ms] RETRANSMIT seq=47 len=512 [RETRANSMIT]
[24256.83ms] RETRANSMIT seq=48 len=512 [RETRANSMIT]
[24256.83ms] RETRANSMIT seq=49 len=512 [RETRANSMIT]
[24256.83ms] RETRANSMIT seq=50 len=512 [RETRANSMIT]
[24256.84ms] RETRANSMIT seq=51 len=512 [RETRANSMIT]
[24256.84ms] RETRANSMIT seq=52 len=512 [RETRANSMIT]
[24256.85ms] RETRANSMIT seq=53 len=512 [RETRANSMIT]
[24259.71ms] DUP_ACK ack_num=46 count=1
[24359.96ms] DUP_ACK ack_num=46 count=2
[24460.14ms] DUP_ACK ack_num=46 count=3
[24557.08ms] TIMEOUT sendBase=46 nextSeq=54
[24557.19ms] RETRANSMIT seq=46 len=512 [RETRANSMIT]
[24557.19ms] RETRANSMIT seq=47 len=512 [RETRANSMIT]
[24557.20ms] RETRANSMIT seq=48 len=512 [RETRANSMIT]
[24557.20ms] RETRANSMIT seq=49 len=512 [RETRANSMIT]
[24557.21ms] RETRANSMIT seq=50 len=512 [RETRANSMIT]
[24557.22ms] RETRANSMIT seq=51 len=512 [RETRANSMIT]
[24557.22ms] RETRANSMIT seq=52 len=512 [RETRANSMIT]
[24557.22ms] RETRANSMIT seq=53 len=512 [RETRANSMIT]
[24560.35ms] DUP_ACK ack_num=46 count=1
[24660.55ms] DUP_ACK ack_num=46 count=2
[24760.80ms] DUP_ACK ack_num=46 count=3
[24857.45ms] TIMEOUT sendBase=46 nextSeq=54
[24857.51ms] RETRANSMIT seq=46 len=512 [RETRANSMIT]
[24857.51ms] RETRANSMIT seq=47 len=512 [RETRANSMIT]
[24857.52ms] RETRANSMIT seq=48 len=512 [RETRANSMIT]
[24857.52ms] RETRANSMIT seq=49 len=512 [RETRANSMIT]
[24857.53ms] RETRANSMIT seq=50 len=512 [RETRANSMIT]
[24857.53ms] RETRANSMIT seq=51 len=512 [RETRANSMIT]
[24857.53ms] RETRANSMIT seq=52 len=512 [RETRANSMIT]
[24857.54ms] RETRANSMIT seq=53 len=512 [RETRANSMIT]
[24860.96ms] DUP_ACK ack_num=46 count=1
[24961.19ms] DUP_ACK ack_num=46 count=2
[25061.56ms] DUP_ACK ack_num=46 count=3
[25157.73ms] TIMEOUT sendBase=46 nextSeq=54
[25157.79ms] RETRANSMIT seq=46 len=512 [RETRANSMIT]
[25157.80ms] RETRANSMIT seq=47 len=512 [RETRANSMIT]
[25157.80ms] RETRANSMIT seq=48 len=512 [RETRANSMIT]
[25157.81ms] RETRANSMIT seq=49 len=512 [RETRANSMIT]
[25157.81ms] RETRANSMIT seq=50 len=512 [RETRANSMIT]
[25157.82ms] RETRANSMIT seq=51 len=512 [RETRANSMIT]
[25157.82ms] RETRANSMIT seq=52 len=512 [RETRANSMIT]
[25157.83ms] RETRANSMIT seq=53 len=512 [RETRANSMIT]
[25161.63ms] DUP_ACK ack_num=46 count=1
[25262.07ms] DUP_ACK ack_num=46 count=2
[25362.16ms] DUP_ACK ack_num=46 count=3
[25458.02ms] TIMEOUT sendBase=46 nextSeq=54
[25458.08ms] RETRANSMIT seq=46 len=512 [RETRANSMIT]
[25458.09ms] RETRANSMIT seq=47 len=512 [RETRANSMIT]
[25458.09ms] RETRANSMIT seq=48 len=512 [RETRANSMIT]
[25458.10ms] RETRANSMIT seq=49 len=512 [RETRANSMIT]
[25458.11ms] RETRANSMIT seq=50 len=512 [RETRANSMIT]
[25458.11ms] RETRANSMIT seq=51 len=512 [RETRANSMIT]
[25458.12ms] RETRANSMIT seq=52 len=512 [RETRANSMIT]
[25458.12ms] RETRANSMIT seq=53 len=512 [RETRANSMIT]
[25462.31ms] DUP_ACK ack_num=46 count=1
[25562.60ms] DUP_ACK ack_num=46 count=2
[25662.86ms] DUP_ACK ack_num=46 count=3
[25758.35ms] TIMEOUT sendBase=46 nextSeq=54
[25758.41ms] RETRANSMIT seq=46 len=512 [RETRANSMIT]
[25758.41ms] RETRANSMIT seq=47 len=512 [RETRANSMIT]
[25758.42ms] RETRANSMIT seq=48 len=512 [RETRANSMIT]
[25758.42ms] RETRANSMIT seq=49 len=512 [RETRANSMIT]
[25758.42ms] RETRANSMIT seq=50 len=512 [RETRANSMIT]
[25758.43ms] RETRANSMIT seq=51 len=512 [RETRANSMIT]
[25758.43ms] RETRANSMIT seq=52 len=512 [RETRANSMIT]
[25758.44ms] RETRANSMIT seq=53 len=512 [RETRANSMIT]
[25763.18ms] DUP_ACK ack_num=46 count=1
[25863.46ms] DUP_ACK ack_num=46 count=2
[25963.77ms] DUP_ACK ack_num=46 count=3
[26058.65ms] TIMEOUT sendBase=46 nextSeq=54
[26058.71ms] RETRANSMIT seq=46 len=512 [RETRANSMIT]
[26058.71ms] RETRANSMIT seq=47 len=512 [RETRANSMIT]
[26058.72ms] RETRANSMIT seq=48 len=512 [RETRANSMIT]
[26058.72ms] RETRANSMIT seq=49 len=512 [RETRANSMIT]
[26058.73ms] RETRANSMIT seq=50 len=512 [RETRANSMIT]
[26058.73ms] RETRANSMIT seq=51 len=512 [RETRANSMIT]
[26058.73ms] RETRANSMIT seq=52 len=512 [RETRANSMIT]
[26058.74ms] RETRANSMIT seq=53 len=512 [RETRANSMIT]
[26063.92ms] DUP_ACK ack_num=46 count=1
[26164.26ms] DUP_ACK ack_num=46 count=2
[26264.52ms] DUP_ACK ack_num=46 count=3
[26358.93ms] TIMEOUT sendBase=46 nextSeq=54
[26359.01ms] RETRANSMIT seq=46 len=512 [RETRANSMIT]
[26359.01ms] RETRANSMIT seq=47 len=512 [RETRANSMIT]
[26359.02ms] RETRANSMIT seq=48 len=512 [RETRANSMIT]
[26359.02ms] RETRANSMIT seq=49 len=512 [RETRANSMIT]
[26359.03ms] RETRANSMIT seq=50 len=512 [RETRANSMIT]
[26359.03ms] RETRANSMIT seq=51 len=512 [RETRANSMIT]
[26359.04ms] RETRANSMIT seq=52 len=512 [RETRANSMIT]
[26359.04ms] RETRANSMIT seq=53 len=512 [RETRANSMIT]
[26364.66ms] DUP_ACK ack_num=46 count=1
[26464.91ms] DUP_ACK ack_num=46 count=2
[26565.20ms] DUP_ACK ack_num=46 count=3
[26659.23ms] TIMEOUT sendBase=46 nextSeq=54
[26659.30ms] RETRANSMIT seq=46 len=512 [RETRANSMIT]
[26659.30ms] RETRANSMIT seq=47 len=512 [RETRANSMIT]
[26659.31ms] RETRANSMIT seq=48 len=512 [RETRANSMIT]
[26659.31ms] RETRANSMIT seq=49 len=512 [RETRANSMIT]
[26659.32ms] RETRANSMIT seq=50 len=512 [RETRANSMIT]
[26659.32ms] RETRANSMIT seq=51 len=512 [RETRANSMIT]
[26659.33ms] RETRANSMIT seq=52 len=512 [RETRANSMIT]
[26659.33ms] RETRANSMIT seq=53 len=512 [RETRANSMIT]
[26665.45ms] DUP_ACK ack_num=46 count=1
[26765.60ms] DUP_ACK ack_num=46 count=2
[26865.91ms] DUP_ACK ack_num=46 count=3
[26959.53ms] TIMEOUT sendBase=46 nextSeq=54
[26959.61ms] RETRANSMIT seq=46 len=512 [RETRANSMIT]
[26959.62ms] RETRANSMIT seq=47 len=512 [RETRANSMIT]
[26959.63ms] RETRANSMIT seq=48 len=512 [RETRANSMIT]
[26959.63ms] RETRANSMIT seq=49 len=512 [RETRANSMIT]
[26959.64ms] RETRANSMIT seq=50 len=512 [RETRANSMIT]
[26959.64ms] RETRANSMIT seq=51 len=512 [RETRANSMIT]
[26959.65ms] RETRANSMIT seq=52 len=512 [RETRANSMIT]
[26959.65ms] RETRANSMIT seq=53 len=512 [RETRANSMIT]
[26966.18ms] DUP_ACK ack_num=46 count=1
[27066.47ms] DUP_ACK ack_num=46 count=2
[27166.76ms] DUP_ACK ack_num=46 count=3
[27259.87ms] TIMEOUT sendBase=46 nextSeq=54
[27259.93ms] RETRANSMIT seq=46 len=512 [RETRANSMIT]
[27259.94ms] RETRANSMIT seq=47 len=512 [RETRANSMIT]
[27259.95ms] RETRANSMIT seq=48 len=512 [RETRANSMIT]
[27259.95ms] RETRANSMIT seq=49 len=512 [RETRANSMIT]
[27259.95ms] RETRANSMIT seq=50 len=512 [RETRANSMIT]
[27259.96ms] RETRANSMIT seq=51 len=512 [RETRANSMIT]
[27259.96ms] RETRANSMIT seq=52 len=512 [RETRANSMIT]
[27259.97ms] RETRANSMIT seq=53 len=512 [RETRANSMIT]
[27267.05ms] DUP_ACK ack_num=46 count=1
[27367.25ms] DUP_ACK ack_num=46 count=2
[27467.58ms] DUP_ACK ack_num=46 count=3
[27560.14ms] TIMEOUT sendBase=46 nextSeq=54
[27560.21ms] RETRANSMIT seq=46 len=512 [RETRANSMIT]
[27560.21ms] RETRANSMIT seq=47 len=512 [RETRANSMIT]
[27560.22ms] RETRANSMIT seq=48 len=512 [RETRANSMIT]
[27560.22ms] RETRANSMIT seq=49 len=512 [RETRANSMIT]
[27560.23ms] RETRANSMIT seq=50 len=512 [RETRANSMIT]
[27560.23ms] RETRANSMIT seq=51 len=512 [RETRANSMIT]
[27560.24ms] RETRANSMIT seq=52 len=512 [RETRANSMIT]
[27560.24ms] RETRANSMIT seq=53 len=512 [RETRANSMIT]
[27567.82ms] DUP_ACK ack_num=46 count=1
[27668.07ms] DUP_ACK ack_num=46 count=2
[27768.33ms] DUP_ACK ack_num=46 count=3
[27860.42ms] TIMEOUT sendBase=46 nextSeq=54
[27860.48ms] RETRANSMIT seq=46 len=512 [RETRANSMIT]
[27860.49ms] RETRANSMIT seq=47 len=512 [RETRANSMIT]
[27860.49ms] RETRANSMIT seq=48 len=512 [RETRANSMIT]
[27860.50ms] RETRANSMIT seq=49 len=512 [RETRANSMIT]
[27860.50ms] RETRANSMIT seq=50 len=512 [RETRANSMIT]
[27860.50ms] RETRANSMIT seq=51 len=512 [RETRANSMIT]
[27860.51ms] RETRANSMIT seq=52 len=512 [RETRANSMIT]
[27860.51ms] RETRANSMIT seq=53 len=512 [RETRANSMIT]
[27868.50ms] DUP_ACK ack_num=46 count=1
[27968.79ms] DUP_ACK ack_num=46 count=2
[28069.08ms] DUP_ACK ack_num=46 count=3
[28160.69ms] TIMEOUT sendBase=46 nextSeq=54
[28160.78ms] RETRANSMIT seq=46 len=512 [RETRANSMIT]
[28160.79ms] RETRANSMIT seq=47 len=512 [RETRANSMIT]
[28160.79ms] RETRANSMIT seq=48 len=512 [RETRANSMIT]
[28160.80ms] RETRANSMIT seq=49 len=512 [RETRANSMIT]
[28160.80ms] RETRANSMIT seq=50 len=512 [RETRANSMIT]
[28160.80ms] RETRANSMIT seq=51 len=512 [RETRANSMIT]
[28160.81ms] RETRANSMIT seq=52 len=512 [RETRANSMIT]
[28160.81ms] RETRANSMIT seq=53 len=512 [RETRANSMIT]
[28169.29ms] DUP_ACK ack_num=46 count=1
[28269.50ms] DUP_ACK ack_num=46 count=2
[28369.76ms] DUP_ACK ack_num=46 count=3
[28461.00ms] TIMEOUT sendBase=46 nextSeq=54
[28461.07ms] RETRANSMIT seq=46 len=512 [RETRANSMIT]
[28461.07ms] RETRANSMIT seq=47 len=512 [RETRANSMIT]
[28461.08ms] RETRANSMIT seq=48 len=512 [RETRANSMIT]
[28461.08ms] RETRANSMIT seq=49 len=512 [RETRANSMIT]
[28461.08ms] RETRANSMIT seq=50 len=512 [RETRANSMIT]
[28461.09ms] RETRANSMIT seq=51 len=512 [RETRANSMIT]
[28461.09ms] RETRANSMIT seq=52 len=512 [RETRANSMIT]
[28461.10ms] RETRANSMIT seq=53 len=512 [RETRANSMIT]
[28470.02ms] DUP_ACK ack_num=46 count=1
[28570.20ms] DUP_ACK ack_num=46 count=2
[28670.43ms] DUP_ACK ack_num=46 count=3
[28761.26ms] TIMEOUT sendBase=46 nextSeq=54
[28761.33ms] RETRANSMIT seq=46 len=512 [RETRANSMIT]
[28761.33ms] RETRANSMIT seq=47 len=512 [RETRANSMIT]
[28761.34ms] RETRANSMIT seq=48 len=512 [RETRANSMIT]
[28761.34ms] RETRANSMIT seq=49 len=512 [RETRANSMIT]
[28761.35ms] RETRANSMIT seq=50 len=512 [RETRANSMIT]
[28761.35ms] RETRANSMIT seq=51 len=512 [RETRANSMIT]
[28761.36ms] RETRANSMIT seq=52 len=512 [RETRANSMIT]
[28761.36ms] RETRANSMIT seq=53 len=512 [RETRANSMIT]
[28770.72ms] DUP_ACK ack_num=46 count=1
[28870.98ms] DUP_ACK ack_num=46 count=2
[28971.13ms] DUP_ACK ack_num=46 count=3
[29061.59ms] TIMEOUT sendBase=46 nextSeq=54
[29061.69ms] RETRANSMIT seq=46 len=512 [RETRANSMIT]
[29061.70ms] RETRANSMIT seq=47 len=512 [RETRANSMIT]
[29061.70ms] RETRANSMIT seq=48 len=512 [RETRANSMIT]
[29061.71ms] RETRANSMIT seq=49 len=512 [RETRANSMIT]
[29061.71ms] RETRANSMIT seq=50 len=512 [RETRANSMIT]
[29061.72ms] RETRANSMIT seq=51 len=512 [RETRANSMIT]
[29061.72ms] RETRANSMIT seq=52 len=512 [RETRANSMIT]
[29061.72ms] RETRANSMIT seq=53 len=512 [RETRANSMIT]
[29071.39ms] DUP_ACK ack_num=46 count=1
[29171.57ms] DUP_ACK ack_num=46 count=2
[29271.81ms] DUP_ACK ack_num=46 count=3
[29361.95ms] TIMEOUT sendBase=46 nextSeq=54
[29362.02ms] RETRANSMIT seq=46 len=512 [RETRANSMIT]
[29362.02ms] RETRANSMIT seq=47 len=512 [RETRANSMIT]
[29362.03ms] RETRANSMIT seq=48 len=512 [RETRANSMIT]
[29362.04ms] RETRANSMIT seq=49 len=512 [RETRANSMIT]
[29362.04ms] RETRANSMIT seq=50 len=512 [RETRANSMIT]
[29362.05ms] RETRANSMIT seq=51 len=512 [RETRANSMIT]
[29362.06ms] RETRANSMIT seq=52 len=512 [RETRANSMIT]
[29362.06ms] RETRANSMIT seq=53 len=512 [RETRANSMIT]
[29372.01ms] DUP_ACK ack_num=46 count=1
[29472.27ms] DUP_ACK ack_num=46 count=2
[29572.51ms] DUP_ACK ack_num=46 count=3
[29662.27ms] TIMEOUT sendBase=46 nextSeq=54
[29662.34ms] RETRANSMIT seq=46 len=512 [RETRANSMIT]
[29662.34ms] RETRANSMIT seq=47 len=512 [RETRANSMIT]
[29662.35ms] RETRANSMIT seq=48 len=512 [RETRANSMIT]
[29662.35ms] RETRANSMIT seq=49 len=512 [RETRANSMIT]
[29662.36ms] RETRANSMIT seq=50 len=512 [RETRANSMIT]
[29662.36ms] RETRANSMIT seq=51 len=512 [RETRANSMIT]
[29662.37ms] RETRANSMIT seq=52 len=512 [RETRANSMIT]
[29662.37ms] RETRANSMIT seq=53 len=512 [RETRANSMIT]
[29672.81ms] DUP_ACK ack_num=46 count=1
[29773.01ms] ACK ack_num=47 cwnd=1.000000 ssthresh=16.000000
[29773.04ms] SEND seq=54 len=512
[29873.26ms] DUP_ACK ack_num=47 count=1
[29973.44ms] DUP_ACK ack_num=47 count=2
[30073.20ms] TIMEOUT sendBase=47 nextSeq=55
[30073.26ms] RETRANSMIT seq=47 len=512 [RETRANSMIT]
[30073.27ms] RETRANSMIT seq=48 len=512 [RETRANSMIT]
[30073.28ms] RETRANSMIT seq=49 len=512 [RETRANSMIT]
[30073.28ms] RETRANSMIT seq=50 len=512 [RETRANSMIT]
[30073.28ms] RETRANSMIT seq=51 len=512 [RETRANSMIT]
[30073.29ms] RETRANSMIT seq=52 len=512 [RETRANSMIT]
[30073.29ms] RETRANSMIT seq=53 len=512 [RETRANSMIT]
[30073.30ms] RETRANSMIT seq=54 len=512 [RETRANSMIT]
[30073.75ms] DUP_ACK ack_num=47 count=1
[30173.96ms] DUP_ACK ack_num=47 count=2
[30274.25ms] DUP_ACK ack_num=47 count=3
[30373.49ms] TIMEOUT sendBase=47 nextSeq=55
[30373.58ms] RETRANSMIT seq=47 len=512 [RETRANSMIT]
[30373.59ms] RETRANSMIT seq=48 len=512 [RETRANSMIT]
[30373.59ms] RETRANSMIT seq=49 len=512 [RETRANSMIT]
[30373.60ms] RETRANSMIT seq=50 len=512 [RETRANSMIT]
[30373.60ms] RETRANSMIT seq=51 len=512 [RETRANSMIT]
[30373.61ms] RETRANSMIT seq=52 len=512 [RETRANSMIT]
[30373.61ms] RETRANSMIT seq=53 len=512 [RETRANSMIT]
[30373.62ms] RETRANSMIT seq=54 len=512 [RETRANSMIT]
[30374.45ms] DUP_ACK ack_num=47 count=1
[30474.85ms] ACK ack_num=48 cwnd=1.000000 ssthresh=16.000000
[30474.88ms] SEND seq=55 len=512
[30575.12ms] ACK ack_num=49 cwnd=1.000000 ssthresh=16.000000
[30575.15ms] SEND seq=56 len=512
[30675.36ms] ACK ack_num=50 cwnd=1.000000 ssthresh=16.000000
[30675.39ms] SEND seq=57 len=512
[30775.60ms] DUP_ACK ack_num=50 count=1
[30875.82ms] DUP_ACK ack_num=50 count=2
[30975.59ms] TIMEOUT sendBase=50 nextSeq=58
[30975.65ms] RETRANSMIT seq=50 len=512 [RETRANSMIT]
[30975.66ms] RETRANSMIT seq=51 len=512 [RETRANSMIT]
[30975.66ms] RETRANSMIT seq=52 len=512 [RETRANSMIT]
[30975.67ms] RETRANSMIT seq=53 len=512 [RETRANSMIT]
[30975.67ms] RETRANSMIT seq=54 len=512 [RETRANSMIT]
[30975.68ms] RETRANSMIT seq=55 len=512 [RETRANSMIT]
[30975.68ms] RETRANSMIT seq=56 len=512 [RETRANSMIT]
[30975.68ms] RETRANSMIT seq=57 len=512 [RETRANSMIT]
[30976.02ms] DUP_ACK ack_num=50 count=1
[31076.33ms] DUP_ACK ack_num=50 count=2
[31176.66ms] DUP_ACK ack_num=50 count=3
[31275.87ms] TIMEOUT sendBase=50 nextSeq=58
[31275.92ms] RETRANSMIT seq=50 len=512 [RETRANSMIT]
[31275.93ms] RETRANSMIT seq=51 len=512 [RETRANSMIT]
[31275.93ms] RETRANSMIT seq=52 len=512 [RETRANSMIT]
[31275.94ms] RETRANSMIT seq=53 len=512 [RETRANSMIT]
[31275.94ms] RETRANSMIT seq=54 len=512 [RETRANSMIT]
[31275.95ms] RETRANSMIT seq=55 len=512 [RETRANSMIT]
[31275.95ms] RETRANSMIT seq=56 len=512 [RETRANSMIT]
[31275.96ms] RETRANSMIT seq=57 len=512 [RETRANSMIT]
[31276.82ms] DUP_ACK ack_num=50 count=1
[31377.05ms] DUP_ACK ack_num=50 count=2
[31477.29ms] ACK ack_num=51 cwnd=1.000000 ssthresh=16.000000
[31477.32ms] SEND seq=58 len=512
[31577.56ms] ACK ack_num=52 cwnd=1.000000 ssthresh=16.000000
[31577.59ms] SEND seq=59 len=512
[31677.97ms] DUP_ACK ack_num=52 count=1
[31778.16ms] DUP_ACK ack_num=52 count=2
[31877.75ms] TIMEOUT sendBase=52 nextSeq=60
[31877.80ms] RETRANSMIT seq=52 len=512 [RETRANSMIT]
[31877.81ms] RETRANSMIT seq=53 len=512 [RETRANSMIT]
[31877.81ms] RETRANSMIT seq=54 len=512 [RETRANSMIT]
[31877.82ms] RETRANSMIT seq=55 len=512 [RETRANSMIT]
[31877.82ms] RETRANSMIT seq=56 len=512 [RETRANSMIT]
[31877.82ms] RETRANSMIT seq=57 len=512 [RETRANSMIT]
[31877.83ms] RETRANSMIT seq=58 len=512 [RETRANSMIT]
[31877.83ms] RETRANSMIT seq=59 len=512 [RETRANSMIT]
[31878.35ms] DUP_ACK ack_num=52 count=1
[31978.68ms] DUP_ACK ack_num=52 count=2
[32079.01ms] DUP_ACK ack_num=52 count=3
[32178.08ms] TIMEOUT sendBase=52 nextSeq=60
[32178.14ms] RETRANSMIT seq=52 len=512 [RETRANSMIT]
[32178.15ms] RETRANSMIT seq=53 len=512 [RETRANSMIT]
[32178.15ms] RETRANSMIT seq=54 len=512 [RETRANSMIT]
[32178.16ms] RETRANSMIT seq=55 len=512 [RETRANSMIT]
[32178.16ms] RETRANSMIT seq=56 len=512 [RETRANSMIT]
[32178.16ms] RETRANSMIT seq=57 len=512 [RETRANSMIT]
[32178.17ms] RETRANSMIT seq=58 len=512 [RETRANSMIT]
[32178.17ms] RETRANSMIT seq=59 len=512 [RETRANSMIT]
[32179.14ms] ACK ack_num=53 cwnd=1.000000 ssthresh=16.000000
[32179.16ms] SEND seq=60 len=512
[32279.38ms] DUP_ACK ack_num=53 count=1
[32379.60ms] DUP_ACK ack_num=53 count=2
[32479.35ms] TIMEOUT sendBase=53 nextSeq=61
[32479.45ms] RETRANSMIT seq=53 len=512 [RETRANSMIT]
[32479.46ms] RETRANSMIT seq=54 len=512 [RETRANSMIT]
[32479.47ms] RETRANSMIT seq=55 len=512 [RETRANSMIT]
[32479.47ms] RETRANSMIT seq=56 len=512 [RETRANSMIT]
[32479.47ms] RETRANSMIT seq=57 len=512 [RETRANSMIT]
[32479.48ms] RETRANSMIT seq=58 len=512 [RETRANSMIT]
[32479.48ms] RETRANSMIT seq=59 len=512 [RETRANSMIT]
[32479.49ms] RETRANSMIT seq=60 len=512 [RETRANSMIT]
[32479.78ms] DUP_ACK ack_num=53 count=1
[32580.11ms] DUP_ACK ack_num=53 count=2
[32680.32ms] DUP_ACK ack_num=53 count=3
[32779.68ms] TIMEOUT sendBase=53 nextSeq=61
[32779.73ms] RETRANSMIT seq=53 len=512 [RETRANSMIT]
[32779.74ms] RETRANSMIT seq=54 len=512 [RETRANSMIT]
[32779.74ms] RETRANSMIT seq=55 len=512 [RETRANSMIT]
[32779.75ms] RETRANSMIT seq=56 len=512 [RETRANSMIT]
[32779.75ms] RETRANSMIT seq=57 len=512 [RETRANSMIT]
[32779.75ms] RETRANSMIT seq=58 len=512 [RETRANSMIT]
[32779.76ms] RETRANSMIT seq=59 len=512 [RETRANSMIT]
[32779.76ms] RETRANSMIT seq=60 len=512 [RETRANSMIT]
[32780.52ms] DUP_ACK ack_num=53 count=1
[32880.80ms] ACK ack_num=54 cwnd=1.000000 ssthresh=16.000000
[32880.84ms] SEND seq=61 len=512
[32981.02ms] DUP_ACK ack_num=54 count=1
[33081.37ms] DUP_ACK ack_num=54 count=2
[33181.01ms] TIMEOUT sendBase=54 nextSeq=62
[33181.07ms] RETRANSMIT seq=54 len=512 [RETRANSMIT]
[33181.08ms] RETRANSMIT seq=55 len=512 [RETRANSMIT]
[33181.08ms] RETRANSMIT seq=56 len=512 [RETRANSMIT]
[33181.09ms] RETRANSMIT seq=57 len=512 [RETRANSMIT]
[33181.09ms] RETRANSMIT seq=58 len=512 [RETRANSMIT]
[33181.10ms] RETRANSMIT seq=59 len=512 [RETRANSMIT]
[33181.10ms] RETRANSMIT seq=60 len=512 [RETRANSMIT]
[33181.10ms] RETRANSMIT seq=61 len=512 [RETRANSMIT]
[33181.53ms] DUP_ACK ack_num=54 count=1
[33281.74ms] DUP_ACK ack_num=54 count=2
[33382.02ms] DUP_ACK ack_num=54 count=3
[33481.34ms] TIMEOUT sendBase=54 nextSeq=62
[33481.42ms] RETRANSMIT seq=54 len=512 [RETRANSMIT]
[33481.42ms] RETRANSMIT seq=55 len=512 [RETRANSMIT]
[33481.43ms] RETRANSMIT seq=56 len=512 [RETRANSMIT]
[33481.43ms] RETRANSMIT seq=57 len=512 [RETRANSMIT]
[33481.44ms] RETRANSMIT seq=58 len=512 [RETRANSMIT]
[33481.44ms] RETRANSMIT seq=59 len=512 [RETRANSMIT]
[33481.45ms] RETRANSMIT seq=60 len=512 [RETRANSMIT]
[33481.45ms] RETRANSMIT seq=61 len=512 [RETRANSMIT]
[33482.19ms] DUP_ACK ack_num=54 count=1
[33582.50ms] DUP_ACK ack_num=54 count=2
[33682.69ms] DUP_ACK ack_num=54 count=3
[33781.61ms] TIMEOUT sendBase=54 nextSeq=62
[33781.67ms] RETRANSMIT seq=54 len=512 [RETRANSMIT]
[33781.68ms] RETRANSMIT seq=55 len=512 [RETRANSMIT]
[33781.68ms] RETRANSMIT seq=56 len=512 [RETRANSMIT]
[33781.69ms] RETRANSMIT seq=57 len=512 [RETRANSMIT]
[33781.69ms] RETRANSMIT seq=58 len=512 [RETRANSMIT]
[33781.70ms] RETRANSMIT seq=59 len=512 [RETRANSMIT]
[33781.70ms] RETRANSMIT seq=60 len=512 [RETRANSMIT]
[33781.71ms] RETRANSMIT seq=61 len=512 [RETRANSMIT]
[33782.86ms] DUP_ACK ack_num=54 count=1
[33883.12ms] DUP_ACK ack_num=54 count=2
[33983.50ms] DUP_ACK ack_num=54 count=3
[34081.89ms] TIMEOUT sendBase=54 nextSeq=62
[34081.95ms] RETRANSMIT seq=54 len=512 [RETRANSMIT]
[34081.96ms] RETRANSMIT seq=55 len=512 [RETRANSMIT]
[34081.97ms] RETRANSMIT seq=56 len=512 [RETRANSMIT]
[34081.97ms] RETRANSMIT seq=57 len=512 [RETRANSMIT]
[34081.98ms] RETRANSMIT seq=58 len=512 [RETRANSMIT]
[34081.98ms] RETRANSMIT seq=59 len=512 [RETRANSMIT]
[34081.99ms] RETRANSMIT seq=60 len=512 [RETRANSMIT]
[34081.99ms] RETRANSMIT seq=61 len=512 [RETRANSMIT]
[34083.74ms] DUP_ACK ack_num=54 count=1
[34183.95ms] DUP_ACK ack_num=54 count=2
[34284.23ms] DUP_ACK ack_num=54 count=3
[34382.22ms] TIMEOUT sendBase=54 nextSeq=62
[34382.31ms] RETRANSMIT seq=54 len=512 [RETRANSMIT]
[34382.31ms] RETRANSMIT seq=55 len=512 [RETRANSMIT]
[34382.32ms] RETRANSMIT seq=56 len=512 [RETRANSMIT]
[34382.32ms] RETRANSMIT seq=57 len=512 [RETRANSMIT]
[34382.33ms] RETRANSMIT seq=58 len=512 [RETRANSMIT]
[34382.34ms] RETRANSMIT seq=59 len=512 [RETRANSMIT]
[34382.34ms] RETRANSMIT seq=60 len=512 [RETRANSMIT]
[34382.34ms] RETRANSMIT seq=61 len=512 [RETRANSMIT]
[34384.40ms] DUP_ACK ack_num=54 count=1
[34484.63ms] DUP_ACK ack_num=54 count=2
[34584.89ms] DUP_ACK ack_num=54 count=3
[34682.52ms] TIMEOUT sendBase=54 nextSeq=62
[34682.58ms] RETRANSMIT seq=54 len=512 [RETRANSMIT]
[34682.59ms] RETRANSMIT seq=55 len=512 [RETRANSMIT]
[34682.59ms] RETRANSMIT seq=56 len=512 [RETRANSMIT]
[34682.60ms] RETRANSMIT seq=57 len=512 [RETRANSMIT]
[34682.60ms] RETRANSMIT seq=58 len=512 [RETRANSMIT]
[34682.60ms] RETRANSMIT seq=59 len=512 [RETRANSMIT]
[34682.61ms] RETRANSMIT seq=60 len=512 [RETRANSMIT]
[34682.61ms] RETRANSMIT seq=61 len=512 [RETRANSMIT]
[34685.06ms] DUP_ACK ack_num=54 count=1
[34785.31ms] DUP_ACK ack_num=54 count=2
[34885.56ms] DUP_ACK ack_num=54 count=3
[34982.79ms] TIMEOUT sendBase=54 nextSeq=62
[34982.87ms] RETRANSMIT seq=54 len=512 [RETRANSMIT]
[34982.88ms] RETRANSMIT seq=55 len=512 [RETRANSMIT]
[34982.89ms] RETRANSMIT seq=56 len=512 [RETRANSMIT]
[34982.89ms] RETRANSMIT seq=57 len=512 [RETRANSMIT]
[34982.89ms] RETRANSMIT seq=58 len=512 [RETRANSMIT]
[34982.90ms] RETRANSMIT seq=59 len=512 [RETRANSMIT]
[34982.90ms] RETRANSMIT seq=60 len=512 [RETRANSMIT]
[34982.91ms] RETRANSMIT seq=61 len=512 [RETRANSMIT]
[34985.78ms] DUP_ACK ack_num=54 count=1
[35086.03ms] DUP_ACK ack_num=54 count=2
[35186.29ms] DUP_ACK ack_num=54 count=3
[35327.20ms] TIMEOUT sendBase=54 nextSeq=62
[35327.30ms] RETRANSMIT seq=54 len=512 [RETRANSMIT]
[35327.32ms] RETRANSMIT seq=55 len=512 [RETRANSMIT]
[35327.32ms] RETRANSMIT seq=56 len=512 [RETRANSMIT]
[35327.33ms] RETRANSMIT seq=57 len=512 [RETRANSMIT]
[35327.34ms] RETRANSMIT seq=58 len=512 [RETRANSMIT]
[35327.34ms] RETRANSMIT seq=59 len=512 [RETRANSMIT]
[35327.35ms] RETRANSMIT seq=60 len=512 [RETRANSMIT]
[35327.36ms] RETRANSMIT seq=61 len=512 [RETRANSMIT]
[35327.39ms] DUP_ACK ack_num=54 count=1
[35427.70ms] DUP_ACK ack_num=54 count=2
[35528.26ms] DUP_ACK ack_num=54 count=3
[35627.56ms] TIMEOUT sendBase=54 nextSeq=62
[35627.65ms] RETRANSMIT seq=54 len=512 [RETRANSMIT]
[35627.66ms] RETRANSMIT seq=55 len=512 [RETRANSMIT]
[35627.66ms] RETRANSMIT seq=56 len=512 [RETRANSMIT]
[35627.66ms] RETRANSMIT seq=57 len=512 [RETRANSMIT]
[35627.67ms] RETRANSMIT seq=58 len=512 [RETRANSMIT]
[35627.67ms] RETRANSMIT seq=59 len=512 [RETRANSMIT]
[35627.68ms] RETRANSMIT seq=60 len=512 [RETRANSMIT]
[35627.68ms] RETRANSMIT seq=61 len=512 [RETRANSMIT]
[35628.48ms] DUP_ACK ack_num=54 count=1
[35728.83ms] DUP_ACK ack_num=54 count=2
[35829.26ms] DUP_ACK ack_num=54 count=3
[35927.91ms] TIMEOUT sendBase=54 nextSeq=62
[35928.02ms] RETRANSMIT seq=54 len=512 [RETRANSMIT]
[35928.03ms] RETRANSMIT seq=55 len=512 [RETRANSMIT]
[35928.03ms] RETRANSMIT seq=56 len=512 [RETRANSMIT]
[35928.03ms] RETRANSMIT seq=57 len=512 [RETRANSMIT]
[35928.04ms] RETRANSMIT seq=58 len=512 [RETRANSMIT]
[35928.04ms] RETRANSMIT seq=59 len=512 [RETRANSMIT]
[35928.05ms] RETRANSMIT seq=60 len=512 [RETRANSMIT]
[35928.05ms] RETRANSMIT seq=61 len=512 [RETRANSMIT]
[35929.31ms] DUP_ACK ack_num=54 count=1
[36029.63ms] DUP_ACK ack_num=54 count=2
[36129.88ms] DUP_ACK ack_num=54 count=3
[36228.29ms] TIMEOUT sendBase=54 nextSeq=62
[36228.36ms] RETRANSMIT seq=54 len=512 [RETRANSMIT]
[36228.36ms] RETRANSMIT seq=55 len=512 [RETRANSMIT]
[36228.37ms] RETRANSMIT seq=56 len=512 [RETRANSMIT]
[36228.37ms] RETRANSMIT seq=57 len=512 [RETRANSMIT]
[36228.38ms] RETRANSMIT seq=58 len=512 [RETRANSMIT]
[36228.38ms] RETRANSMIT seq=59 len=512 [RETRANSMIT]
[36228.38ms] RETRANSMIT seq=60 len=512 [RETRANSMIT]
[36228.39ms] RETRANSMIT seq=61 len=512 [RETRANSMIT]
[36230.26ms] DUP_ACK ack_num=54 count=1
[36330.47ms] DUP_ACK ack_num=54 count=2
[36430.75ms] DUP_ACK ack_num=54 count=3
[36528.60ms] TIMEOUT sendBase=54 nextSeq=62
[36528.66ms] RETRANSMIT seq=54 len=512 [RETRANSMIT]
[36528.67ms] RETRANSMIT seq=55 len=512 [RETRANSMIT]
[36528.67ms] RETRANSMIT seq=56 len=512 [RETRANSMIT]
[36528.68ms] RETRANSMIT seq=57 len=512 [RETRANSMIT]
[36528.68ms] RETRANSMIT seq=58 len=512 [RETRANSMIT]
[36528.69ms] RETRANSMIT seq=59 len=512 [RETRANSMIT]
[36528.69ms] RETRANSMIT seq=60 len=512 [RETRANSMIT]
[36528.70ms] RETRANSMIT seq=61 len=512 [RETRANSMIT]
[36530.95ms] DUP_ACK ack_num=54 count=1
[36631.24ms] DUP_ACK ack_num=54 count=2
[36731.52ms] DUP_ACK ack_num=54 count=3
[36828.93ms] TIMEOUT sendBase=54 nextSeq=62
[36829.01ms] RETRANSMIT seq=54 len=512 [RETRANSMIT]
[36829.02ms] RETRANSMIT seq=55 len=512 [RETRANSMIT]
[36829.03ms] RETRANSMIT seq=56 len=512 [RETRANSMIT]
[36829.03ms] RETRANSMIT seq=57 len=512 [RETRANSMIT]
[36829.04ms] RETRANSMIT seq=58 len=512 [RETRANSMIT]
[36829.09ms] RETRANSMIT seq=59 len=512 [RETRANSMIT]
[36829.10ms] RETRANSMIT seq=60 len=512 [RETRANSMIT]
[36829.18ms] RETRANSMIT seq=61 len=512 [RETRANSMIT]
[36831.79ms] DUP_ACK ack_num=54 count=1
[36932.11ms] DUP_ACK ack_num=54 count=2
[37032.46ms] DUP_ACK ack_num=54 count=3
[37129.37ms] TIMEOUT sendBase=54 nextSeq=62
[37129.43ms] RETRANSMIT seq=54 len=512 [RETRANSMIT]
[37129.44ms] RETRANSMIT seq=55 len=512 [RETRANSMIT]
[37129.45ms] RETRANSMIT seq=56 len=512 [RETRANSMIT]
[37129.46ms] RETRANSMIT seq=57 len=512 [RETRANSMIT]
[37129.46ms] RETRANSMIT seq=58 len=512 [RETRANSMIT]
[37129.47ms] RETRANSMIT seq=59 len=512 [RETRANSMIT]
[37129.48ms] RETRANSMIT seq=60 len=512 [RETRANSMIT]
[37129.48ms] RETRANSMIT seq=61 len=512 [RETRANSMIT]
[37132.69ms] DUP_ACK ack_num=54 count=1
[37233.21ms] DUP_ACK ack_num=54 count=2
[37333.28ms] DUP_ACK ack_num=54 count=3
[37429.69ms] TIMEOUT sendBase=54 nextSeq=62
[37429.76ms] RETRANSMIT seq=54 len=512 [RETRANSMIT]
[37429.77ms] RETRANSMIT seq=55 len=512 [RETRANSMIT]
[37429.77ms] RETRANSMIT seq=56 len=512 [RETRANSMIT]
[37429.78ms] RETRANSMIT seq=57 len=512 [RETRANSMIT]
[37429.78ms] RETRANSMIT seq=58 len=512 [RETRANSMIT]
[37429.79ms] RETRANSMIT seq=59 len=512 [RETRANSMIT]
[37429.79ms] RETRANSMIT seq=60 len=512 [RETRANSMIT]
[37429.80ms] RETRANSMIT seq=61 len=512 [RETRANSMIT]
[37433.50ms] DUP_ACK ack_num=54 count=1
[37533.77ms] DUP_ACK ack_num=54 count=2
[37634.18ms] DUP_ACK ack_num=54 count=3
[37730.03ms] TIMEOUT sendBase=54 nextSeq=62
[37730.10ms] RETRANSMIT seq=54 len=512 [RETRANSMIT]
[37730.10ms] RETRANSMIT seq=55 len=512 [RETRANSMIT]
[37730.11ms] RETRANSMIT seq=56 len=512 [RETRANSMIT]
[37730.11ms] RETRANSMIT seq=57 len=512 [RETRANSMIT]
[37730.12ms] RETRANSMIT seq=58 len=512 [RETRANSMIT]
[37730.12ms] RETRANSMIT seq=59 len=512 [RETRANSMIT]
[37730.12ms] RETRANSMIT seq=60 len=512 [RETRANSMIT]
[37730.13ms] RETRANSMIT seq=61 len=512 [RETRANSMIT]
[37734.36ms] DUP_ACK ack_num=54 count=1
[37834.76ms] DUP_ACK ack_num=54 count=2
[37934.95ms] DUP_ACK ack_num=54 count=3
[38030.36ms] TIMEOUT sendBase=54 nextSeq=62
[38030.43ms] RETRANSMIT seq=54 len=512 [RETRANSMIT]
[38030.44ms] RETRANSMIT seq=55 len=512 [RETRANSMIT]
[38030.44ms] RETRANSMIT seq=56 len=512 [RETRANSMIT]
[38030.45ms] RETRANSMIT seq=57 len=512 [RETRANSMIT]
[38030.45ms] RETRANSMIT seq=58 len=512 [RETRANSMIT]
[38030.46ms] RETRANSMIT seq=59 len=512 [RETRANSMIT]
[38030.46ms] RETRANSMIT seq=60 len=512 [RETRANSMIT]
[38030.47ms] RETRANSMIT seq=61 len=512 [RETRANSMIT]
[38035.20ms] DUP_ACK ack_num=54 count=1
[38135.45ms] DUP_ACK ack_num=54 count=2
[38235.68ms] DUP_ACK ack_num=54 count=3
[38330.69ms] TIMEOUT sendBase=54 nextSeq=62
[38330.76ms] RETRANSMIT seq=54 len=512 [RETRANSMIT]
[38330.76ms] RETRANSMIT seq=55 len=512 [RETRANSMIT]
[38330.77ms] RETRANSMIT seq=56 len=512 [RETRANSMIT]
[38330.77ms] RETRANSMIT seq=57 len=512 [RETRANSMIT]
[38330.77ms] RETRANSMIT seq=58 len=512 [RETRANSMIT]
[38330.78ms] RETRANSMIT seq=59 len=512 [RETRANSMIT]
[38330.78ms] RETRANSMIT seq=60 len=512 [RETRANSMIT]
[38330.79ms] RETRANSMIT seq=61 len=512 [RETRANSMIT]
[38335.90ms] DUP_ACK ack_num=54 count=1
[38436.15ms] DUP_ACK ack_num=54 count=2
[38536.50ms] DUP_ACK ack_num=54 count=3
[38631.00ms] TIMEOUT sendBase=54 nextSeq=62
[38631.07ms] RETRANSMIT seq=54 len=512 [RETRANSMIT]
[38631.08ms] RETRANSMIT seq=55 len=512 [RETRANSMIT]
[38631.09ms] RETRANSMIT seq=56 len=512 [RETRANSMIT]
[38631.09ms] RETRANSMIT seq=57 len=512 [RETRANSMIT]
[38631.10ms] RETRANSMIT seq=58 len=512 [RETRANSMIT]
[38631.10ms] RETRANSMIT seq=59 len=512 [RETRANSMIT]
[38631.11ms] RETRANSMIT seq=60 len=512 [RETRANSMIT]
[38631.11ms] RETRANSMIT seq=61 len=512 [RETRANSMIT]
[38636.65ms] DUP_ACK ack_num=54 count=1
[38736.86ms] DUP_ACK ack_num=54 count=2
[38887.96ms] DUP_ACK ack_num=54 count=3
[38931.27ms] TIMEOUT sendBase=54 nextSeq=62
[38931.34ms] RETRANSMIT seq=54 len=512 [RETRANSMIT]
[38931.35ms] RETRANSMIT seq=55 len=512 [RETRANSMIT]
[38931.36ms] RETRANSMIT seq=56 len=512 [RETRANSMIT]
[38931.36ms] RETRANSMIT seq=57 len=512 [RETRANSMIT]
[38931.37ms] RETRANSMIT seq=58 len=512 [RETRANSMIT]
[38931.37ms] RETRANSMIT seq=59 len=512 [RETRANSMIT]
[38931.38ms] RETRANSMIT seq=60 len=512 [RETRANSMIT]
[38931.39ms] RETRANSMIT seq=61 len=512 [RETRANSMIT]
[38988.14ms] DUP_ACK ack_num=54 count=1
[39088.21ms] DUP_ACK ack_num=54 count=2
[39188.40ms] DUP_ACK ack_num=54 count=3
[39231.56ms] TIMEOUT sendBase=54 nextSeq=62
[39231.61ms] RETRANSMIT seq=54 len=512 [RETRANSMIT]
[39231.62ms] RETRANSMIT seq=55 len=512 [RETRANSMIT]
[39231.62ms] RETRANSMIT seq=56 len=512 [RETRANSMIT]
[39231.62ms] RETRANSMIT seq=57 len=512 [RETRANSMIT]
[39231.63ms] RETRANSMIT seq=58 len=512 [RETRANSMIT]
[39231.63ms] RETRANSMIT seq=59 len=512 [RETRANSMIT]
[39231.64ms] RETRANSMIT seq=60 len=512 [RETRANSMIT]
[39231.64ms] RETRANSMIT seq=61 len=512 [RETRANSMIT]
[39288.59ms] DUP_ACK ack_num=54 count=1
[39388.82ms] DUP_ACK ack_num=54 count=2
[39489.08ms] DUP_ACK ack_num=54 count=3
[39531.79ms] TIMEOUT sendBase=54 nextSeq=62
[39531.89ms] RETRANSMIT seq=54 len=512 [RETRANSMIT]
[39531.90ms] RETRANSMIT seq=55 len=512 [RETRANSMIT]
[39531.90ms] RETRANSMIT seq=56 len=512 [RETRANSMIT]
[39531.91ms] RETRANSMIT seq=57 len=512 [RETRANSMIT]
[39531.91ms] RETRANSMIT seq=58 len=512 [RETRANSMIT]
[39531.92ms] RETRANSMIT seq=59 len=512 [RETRANSMIT]
[39531.92ms] RETRANSMIT seq=60 len=512 [RETRANSMIT]
[39531.93ms] RETRANSMIT seq=61 len=512 [RETRANSMIT]
[39589.37ms] DUP_ACK ack_num=54 count=1
[39689.59ms] DUP_ACK ack_num=54 count=2
[39789.80ms] DUP_ACK ack_num=54 count=3
[39832.11ms] TIMEOUT sendBase=54 nextSeq=62
[39832.17ms] RETRANSMIT seq=54 len=512 [RETRANSMIT]
[39832.18ms] RETRANSMIT seq=55 len=512 [RETRANSMIT]
[39832.19ms] RETRANSMIT seq=56 len=512 [RETRANSMIT]
[39832.19ms] RETRANSMIT seq=57 len=512 [RETRANSMIT]
[39832.19ms] RETRANSMIT seq=58 len=512 [RETRANSMIT]
[39832.20ms] RETRANSMIT seq=59 len=512 [RETRANSMIT]
[39832.20ms] RETRANSMIT seq=60 len=512 [RETRANSMIT]
[39832.21ms] RETRANSMIT seq=61 len=512 [RETRANSMIT]
[39890.06ms] DUP_ACK ack_num=54 count=1
[39990.27ms] DUP_ACK ack_num=54 count=2
[40090.48ms] DUP_ACK ack_num=54 count=3
[40132.34ms] TIMEOUT sendBase=54 nextSeq=62
[40132.40ms] RETRANSMIT seq=54 len=512 [RETRANSMIT]
[40132.40ms] RETRANSMIT seq=55 len=512 [RETRANSMIT]
[40132.41ms] RETRANSMIT seq=56 len=512 [RETRANSMIT]
[40132.41ms] RETRANSMIT seq=57 len=512 [RETRANSMIT]
[40132.42ms] RETRANSMIT seq=58 len=512 [RETRANSMIT]
[40132.42ms] RETRANSMIT seq=59 len=512 [RETRANSMIT]
[40132.43ms] RETRANSMIT seq=60 len=512 [RETRANSMIT]
[40132.43ms] RETRANSMIT seq=61 len=512 [RETRANSMIT]
[40190.70ms] DUP_ACK ack_num=54 count=1
[40290.92ms] DUP_ACK ack_num=54 count=2
[40391.16ms] DUP_ACK ack_num=54 count=3
[40432.60ms] TIMEOUT sendBase=54 nextSeq=62
[40432.66ms] RETRANSMIT seq=54 len=512 [RETRANSMIT]
[40432.67ms] RETRANSMIT seq=55 len=512 [RETRANSMIT]
[40432.68ms] RETRANSMIT seq=56 len=512 [RETRANSMIT]
[40432.68ms] RETRANSMIT seq=57 len=512 [RETRANSMIT]
[40432.68ms] RETRANSMIT seq=58 len=512 [RETRANSMIT]
[40432.69ms] RETRANSMIT seq=59 len=512 [RETRANSMIT]
[40432.69ms] RETRANSMIT seq=60 len=512 [RETRANSMIT]
[40432.70ms] RETRANSMIT seq=61 len=512 [RETRANSMIT]
[40491.36ms] ACK ack_num=55 cwnd=1.000000 ssthresh=16.000000
[40491.39ms] SEND seq=62 len=512
[40591.60ms] DUP_ACK ack_num=55 count=1
[40691.93ms] DUP_ACK ack_num=55 count=2
[40791.56ms] TIMEOUT sendBase=55 nextSeq=63
[40791.62ms] RETRANSMIT seq=55 len=512 [RETRANSMIT]
[40791.63ms] RETRANSMIT seq=56 len=512 [RETRANSMIT]
[40791.63ms] RETRANSMIT seq=57 len=512 [RETRANSMIT]
[40791.64ms] RETRANSMIT seq=58 len=512 [RETRANSMIT]
[40791.64ms] RETRANSMIT seq=59 len=512 [RETRANSMIT]
[40791.65ms] RETRANSMIT seq=60 len=512 [RETRANSMIT]
[40791.65ms] RETRANSMIT seq=61 len=512 [RETRANSMIT]
[40791.65ms] RETRANSMIT seq=62 len=512 [RETRANSMIT]
[40792.05ms] DUP_ACK ack_num=55 count=1
[40892.31ms] DUP_ACK ack_num=55 count=2
[40992.53ms] DUP_ACK ack_num=55 count=3
[41091.86ms] TIMEOUT sendBase=55 nextSeq=63
[41091.93ms] RETRANSMIT seq=55 len=512 [RETRANSMIT]
[41091.93ms] RETRANSMIT seq=56 len=512 [RETRANSMIT]
[41091.94ms] RETRANSMIT seq=57 len=512 [RETRANSMIT]
[41091.94ms] RETRANSMIT seq=58 len=512 [RETRANSMIT]
[41091.95ms] RETRANSMIT seq=59 len=512 [RETRANSMIT]
[41091.95ms] RETRANSMIT seq=60 len=512 [RETRANSMIT]
[41091.96ms] RETRANSMIT seq=61 len=512 [RETRANSMIT]
[41091.96ms] RETRANSMIT seq=62 len=512 [RETRANSMIT]
[41092.71ms] DUP_ACK ack_num=55 count=1
[41193.00ms] DUP_ACK ack_num=55 count=2
[41293.24ms] DUP_ACK ack_num=55 count=3
[41392.17ms] TIMEOUT sendBase=55 nextSeq=63
[41392.24ms] RETRANSMIT seq=55 len=512 [RETRANSMIT]
[41392.25ms] RETRANSMIT seq=56 len=512 [RETRANSMIT]
[41392.25ms] RETRANSMIT seq=57 len=512 [RETRANSMIT]
[41392.26ms] RETRANSMIT seq=58 len=512 [RETRANSMIT]
[41392.26ms] RETRANSMIT seq=59 len=512 [RETRANSMIT]
[41392.27ms] RETRANSMIT seq=60 len=512 [RETRANSMIT]
[41392.27ms] RETRANSMIT seq=61 len=512 [RETRANSMIT]
[41392.27ms] RETRANSMIT seq=62 len=512 [RETRANSMIT]
[41393.41ms] DUP_ACK ack_num=55 count=1
[41493.65ms] DUP_ACK ack_num=55 count=2
[41593.91ms] DUP_ACK ack_num=55 count=3
[41692.49ms] TIMEOUT sendBase=55 nextSeq=63
[41692.56ms] RETRANSMIT seq=55 len=512 [RETRANSMIT]
[41692.56ms] RETRANSMIT seq=56 len=512 [RETRANSMIT]
[41692.57ms] RETRANSMIT seq=57 len=512 [RETRANSMIT]
[41692.57ms] RETRANSMIT seq=58 len=512 [RETRANSMIT]
[41692.58ms] RETRANSMIT seq=59 len=512 [RETRANSMIT]
[41692.58ms] RETRANSMIT seq=60 len=512 [RETRANSMIT]
[41692.59ms] RETRANSMIT seq=61 len=512 [RETRANSMIT]
[41692.59ms] RETRANSMIT seq=62 len=512 [RETRANSMIT]
[41694.07ms] DUP_ACK ack_num=55 count=1
[41794.36ms] DUP_ACK ack_num=55 count=2
[41894.58ms] DUP_ACK ack_num=55 count=3
[41992.79ms] TIMEOUT sendBase=55 nextSeq=63
[41992.85ms] RETRANSMIT seq=55 len=512 [RETRANSMIT]
[41992.86ms] RETRANSMIT seq=56 len=512 [RETRANSMIT]
[41992.86ms] RETRANSMIT seq=57 len=512 [RETRANSMIT]
[41992.86ms] RETRANSMIT seq=58 len=512 [RETRANSMIT]
[41992.87ms] RETRANSMIT seq=59 len=512 [RETRANSMIT]
[41992.88ms] RETRANSMIT seq=60 len=512 [RETRANSMIT]
[41992.88ms] RETRANSMIT seq=61 len=512 [RETRANSMIT]
[41992.89ms] RETRANSMIT seq=62 len=512 [RETRANSMIT]
[41994.76ms] DUP_ACK ack_num=55 count=1
[42095.05ms] DUP_ACK ack_num=55 count=2
[42195.29ms] DUP_ACK ack_num=55 count=3
[42293.07ms] TIMEOUT sendBase=55 nextSeq=63
[42293.17ms] RETRANSMIT seq=55 len=512 [RETRANSMIT]
[42293.18ms] RETRANSMIT seq=56 len=512 [RETRANSMIT]
[42293.19ms] RETRANSMIT seq=57 len=512 [RETRANSMIT]
[42293.19ms] RETRANSMIT seq=58 len=512 [RETRANSMIT]
[42293.20ms] RETRANSMIT seq=59 len=512 [RETRANSMIT]
[42293.20ms] RETRANSMIT seq=60 len=512 [RETRANSMIT]
[42293.20ms] RETRANSMIT seq=61 len=512 [RETRANSMIT]
[42293.21ms] RETRANSMIT seq=62 len=512 [RETRANSMIT]
[42295.42ms] DUP_ACK ack_num=55 count=1
[42395.71ms] ACK ack_num=56 cwnd=1.000000 ssthresh=16.000000
[42395.75ms] SEND seq=63 len=512
[42496.00ms] DUP_ACK ack_num=56 count=1
[42596.32ms] DUP_ACK ack_num=56 count=2
[42695.99ms] TIMEOUT sendBase=56 nextSeq=64
[42696.08ms] RETRANSMIT seq=56 len=512 [RETRANSMIT]
[42696.09ms] RETRANSMIT seq=57 len=512 [RETRANSMIT]
[42696.10ms] RETRANSMIT seq=58 len=512 [RETRANSMIT]
[42696.10ms] RETRANSMIT seq=59 len=512 [RETRANSMIT]
[42696.11ms] RETRANSMIT seq=60 len=512 [RETRANSMIT]
[42696.12ms] RETRANSMIT seq=61 len=512 [RETRANSMIT]
[42696.12ms] RETRANSMIT seq=62 len=512 [RETRANSMIT]
[42696.13ms] RETRANSMIT seq=63 len=512 [RETRANSMIT]
[42696.55ms] DUP_ACK ack_num=56 count=1
[42796.88ms] DUP_ACK ack_num=56 count=2
[42897.20ms] DUP_ACK ack_num=56 count=3
[42996.32ms] TIMEOUT sendBase=56 nextSeq=64
[42996.38ms] RETRANSMIT seq=56 len=512 [RETRANSMIT]
[42996.39ms] RETRANSMIT seq=57 len=512 [RETRANSMIT]
[42996.39ms] RETRANSMIT seq=58 len=512 [RETRANSMIT]
[42996.40ms] RETRANSMIT seq=59 len=512 [RETRANSMIT]
[42996.40ms] RETRANSMIT seq=60 len=512 [RETRANSMIT]
[42996.40ms] RETRANSMIT seq=61 len=512 [RETRANSMIT]
[42996.41ms] RETRANSMIT seq=62 len=512 [RETRANSMIT]
[42996.41ms] RETRANSMIT seq=63 len=512 [RETRANSMIT]
[42997.47ms] DUP_ACK ack_num=56 count=1
[43097.73ms] DUP_ACK ack_num=56 count=2
[43198.05ms] DUP_ACK ack_num=56 count=3
[43296.68ms] TIMEOUT sendBase=56 nextSeq=64
[43296.76ms] RETRANSMIT seq=56 len=512 [RETRANSMIT]
[43296.76ms] RETRANSMIT seq=57 len=512 [RETRANSMIT]
[43296.77ms] RETRANSMIT seq=58 len=512 [RETRANSMIT]
[43296.77ms] RETRANSMIT seq=59 len=512 [RETRANSMIT]
[43296.78ms] RETRANSMIT seq=60 len=512 [RETRANSMIT]
[43296.78ms] RETRANSMIT seq=61 len=512 [RETRANSMIT]
[43296.78ms] RETRANSMIT seq=62 len=512 [RETRANSMIT]
[43296.79ms] RETRANSMIT seq=63 len=512 [RETRANSMIT]
[43298.20ms] DUP_ACK ack_num=56 count=1
[43398.45ms] DUP_ACK ack_num=56 count=2
[43498.66ms] DUP_ACK ack_num=56 count=3
[43596.98ms] TIMEOUT sendBase=56 nextSeq=64
[43597.04ms] RETRANSMIT seq=56 len=512 [RETRANSMIT]
[43597.05ms] RETRANSMIT seq=57 len=512 [RETRANSMIT]
[43597.05ms] RETRANSMIT seq=58 len=512 [RETRANSMIT]
[43597.06ms] RETRANSMIT seq=59 len=512 [RETRANSMIT]
[43597.06ms] RETRANSMIT seq=60 len=512 [RETRANSMIT]
[43597.07ms] RETRANSMIT seq=61 len=512 [RETRANSMIT]
[43597.07ms] RETRANSMIT seq=62 len=512 [RETRANSMIT]
[43597.08ms] RETRANSMIT seq=63 len=512 [RETRANSMIT]
[43598.85ms] DUP_ACK ack_num=56 count=1
[43699.13ms] DUP_ACK ack_num=56 count=2
[43799.37ms] ACK ack_num=57 cwnd=1.000000 ssthresh=16.000000
[43799.40ms] SEND seq=64 len=512
[43899.59ms] ACK ack_num=58 cwnd=1.000000 ssthresh=16.000000
[43899.63ms] SEND seq=65 len=512
[43999.85ms] ACK ack_num=59 cwnd=1.000000 ssthresh=16.000000
[43999.88ms] SEND seq=66 len=512
[44100.03ms] ACK ack_num=60 cwnd=1.000000 ssthresh=16.000000
[44100.06ms] SEND seq=67 len=512
[44200.24ms] ACK ack_num=61 cwnd=1.000000 ssthresh=16.000000
[44200.28ms] SEND seq=68 len=512
[44300.43ms] ACK ack_num=62 cwnd=1.000000 ssthresh=16.000000
[44300.47ms] SEND seq=69 len=512
[44400.68ms] DUP_ACK ack_num=62 count=1
[44500.88ms] DUP_ACK ack_num=62 count=2
[44600.66ms] TIMEOUT sendBase=62 nextSeq=70
[44600.72ms] RETRANSMIT seq=62 len=512 [RETRANSMIT]
[44600.73ms] RETRANSMIT seq=63 len=512 [RETRANSMIT]
[44600.73ms] RETRANSMIT seq=64 len=512 [RETRANSMIT]
[44600.74ms] RETRANSMIT seq=65 len=512 [RETRANSMIT]
[44600.74ms] RETRANSMIT seq=66 len=512 [RETRANSMIT]
[44600.75ms] RETRANSMIT seq=67 len=512 [RETRANSMIT]
[44600.75ms] RETRANSMIT seq=68 len=512 [RETRANSMIT]
[44600.76ms] RETRANSMIT seq=69 len=512 [RETRANSMIT]
[44601.05ms] DUP_ACK ack_num=62 count=1
[44701.29ms] DUP_ACK ack_num=62 count=2
[44801.53ms] DUP_ACK ack_num=62 count=3
[44900.95ms] TIMEOUT sendBase=62 nextSeq=70
[44901.01ms] RETRANSMIT seq=62 len=512 [RETRANSMIT]
[44901.02ms] RETRANSMIT seq=63 len=512 [RETRANSMIT]
[44901.03ms] RETRANSMIT seq=64 len=512 [RETRANSMIT]
[44901.03ms] RETRANSMIT seq=65 len=512 [RETRANSMIT]
[44901.04ms] RETRANSMIT seq=66 len=512 [RETRANSMIT]
[44901.04ms] RETRANSMIT seq=67 len=512 [RETRANSMIT]
[44901.04ms] RETRANSMIT seq=68 len=512 [RETRANSMIT]
[44901.05ms] RETRANSMIT seq=69 len=512 [RETRANSMIT]
[44901.72ms] DUP_ACK ack_num=62 count=1
[45001.98ms] DUP_ACK ack_num=62 count=2
[45102.16ms] DUP_ACK ack_num=62 count=3
[45201.29ms] TIMEOUT sendBase=62 nextSeq=70
[45201.35ms] RETRANSMIT seq=62 len=512 [RETRANSMIT]
[45201.36ms] RETRANSMIT seq=63 len=512 [RETRANSMIT]
[45201.36ms] RETRANSMIT seq=64 len=512 [RETRANSMIT]
[45201.37ms] RETRANSMIT seq=65 len=512 [RETRANSMIT]
[45201.37ms] RETRANSMIT seq=66 len=512 [RETRANSMIT]
[45201.38ms] RETRANSMIT seq=67 len=512 [RETRANSMIT]
[45201.38ms] RETRANSMIT seq=68 len=512 [RETRANSMIT]
[45201.39ms] RETRANSMIT seq=69 len=512 [RETRANSMIT]
[45202.38ms] DUP_ACK ack_num=62 count=1
[45338.29ms] DUP_ACK ack_num=62 count=2
[45438.62ms] DUP_ACK ack_num=62 count=3
[45501.54ms] TIMEOUT sendBase=62 nextSeq=70
[45501.60ms] RETRANSMIT seq=62 len=512 [RETRANSMIT]
[45501.61ms] RETRANSMIT seq=63 len=512 [RETRANSMIT]
[45501.61ms] RETRANSMIT seq=64 len=512 [RETRANSMIT]
[45501.62ms] RETRANSMIT seq=65 len=512 [RETRANSMIT]
[45501.62ms] RETRANSMIT seq=66 len=512 [RETRANSMIT]
[45501.62ms] RETRANSMIT seq=67 len=512 [RETRANSMIT]
[45501.63ms] RETRANSMIT seq=68 len=512 [RETRANSMIT]
[45501.63ms] RETRANSMIT seq=69 len=512 [RETRANSMIT]
[45538.88ms] DUP_ACK ack_num=62 count=1
[45639.18ms] DUP_ACK ack_num=62 count=2
[45739.44ms] DUP_ACK ack_num=62 count=3
[45801.79ms] TIMEOUT sendBase=62 nextSeq=70
[45801.85ms] RETRANSMIT seq=62 len=512 [RETRANSMIT]
[45801.85ms] RETRANSMIT seq=63 len=512 [RETRANSMIT]
[45801.86ms] RETRANSMIT seq=64 len=512 [RETRANSMIT]
[45801.86ms] RETRANSMIT seq=65 len=512 [RETRANSMIT]
[45801.87ms] RETRANSMIT seq=66 len=512 [RETRANSMIT]
[45801.87ms] RETRANSMIT seq=67 len=512 [RETRANSMIT]
[45801.87ms] RETRANSMIT seq=68 len=512 [RETRANSMIT]
[45801.88ms] RETRANSMIT seq=69 len=512 [RETRANSMIT]
[45839.66ms] DUP_ACK ack_num=62 count=1
[45940.00ms] DUP_ACK ack_num=62 count=2
[46040.21ms] DUP_ACK ack_num=62 count=3
[46102.05ms] TIMEOUT sendBase=62 nextSeq=70
[46102.12ms] RETRANSMIT seq=62 len=512 [RETRANSMIT]
[46102.13ms] RETRANSMIT seq=63 len=512 [RETRANSMIT]
[46102.14ms] RETRANSMIT seq=64 len=512 [RETRANSMIT]
[46102.14ms] RETRANSMIT seq=65 len=512 [RETRANSMIT]
[46102.14ms] RETRANSMIT seq=66 len=512 [RETRANSMIT]
[46102.15ms] RETRANSMIT seq=67 len=512 [RETRANSMIT]
[46102.15ms] RETRANSMIT seq=68 len=512 [RETRANSMIT]
[46102.15ms] RETRANSMIT seq=69 len=512 [RETRANSMIT]
[46140.57ms] DUP_ACK ack_num=62 count=1
[46240.78ms] DUP_ACK ack_num=62 count=2
[46341.06ms] DUP_ACK ack_num=62 count=3
[46402.35ms] TIMEOUT sendBase=62 nextSeq=70
[46402.41ms] RETRANSMIT seq=62 len=512 [RETRANSMIT]
[46402.42ms] RETRANSMIT seq=63 len=512 [RETRANSMIT]
[46402.42ms] RETRANSMIT seq=64 len=512 [RETRANSMIT]
[46402.42ms] RETRANSMIT seq=65 len=512 [RETRANSMIT]
[46402.43ms] RETRANSMIT seq=66 len=512 [RETRANSMIT]
[46402.43ms] RETRANSMIT seq=67 len=512 [RETRANSMIT]
[46402.44ms] RETRANSMIT seq=68 len=512 [RETRANSMIT]
[46402.44ms] RETRANSMIT seq=69 len=512 [RETRANSMIT]
[46441.30ms] DUP_ACK ack_num=62 count=1
[46541.50ms] DUP_ACK ack_num=62 count=2
[46641.78ms] DUP_ACK ack_num=62 count=3
[46702.60ms] TIMEOUT sendBase=62 nextSeq=70
[46702.66ms] RETRANSMIT seq=62 len=512 [RETRANSMIT]
[46702.67ms] RETRANSMIT seq=63 len=512 [RETRANSMIT]
[46702.67ms] RETRANSMIT seq=64 len=512 [RETRANSMIT]
[46702.67ms] RETRANSMIT seq=65 len=512 [RETRANSMIT]
[46702.68ms] RETRANSMIT seq=66 len=512 [RETRANSMIT]
[46702.68ms] RETRANSMIT seq=67 len=512 [RETRANSMIT]
[46702.69ms] RETRANSMIT seq=68 len=512 [RETRANSMIT]
[46702.69ms] RETRANSMIT seq=69 len=512 [RETRANSMIT]
[46742.00ms] DUP_ACK ack_num=62 count=1
[46842.34ms] DUP_ACK ack_num=62 count=2
[46942.54ms] DUP_ACK ack_num=62 count=3
[47002.85ms] TIMEOUT sendBase=62 nextSeq=70
[47002.92ms] RETRANSMIT seq=62 len=512 [RETRANSMIT]
[47002.93ms] RETRANSMIT seq=63 len=512 [RETRANSMIT]
[47002.94ms] RETRANSMIT seq=64 len=512 [RETRANSMIT]
[47002.94ms] RETRANSMIT seq=65 len=512 [RETRANSMIT]
[47002.95ms] RETRANSMIT seq=66 len=512 [RETRANSMIT]
[47002.95ms] RETRANSMIT seq=67 len=512 [RETRANSMIT]
[47002.96ms] RETRANSMIT seq=68 len=512 [RETRANSMIT]
[47002.96ms] RETRANSMIT seq=69 len=512 [RETRANSMIT]
[47042.77ms] DUP_ACK ack_num=62 count=1
[47142.98ms] DUP_ACK ack_num=62 count=2
[47243.35ms] DUP_ACK ack_num=62 count=3
[47303.12ms] TIMEOUT sendBase=62 nextSeq=70
[47303.19ms] RETRANSMIT seq=62 len=512 [RETRANSMIT]
[47303.19ms] RETRANSMIT seq=63 len=512 [RETRANSMIT]
[47303.20ms] RETRANSMIT seq=64 len=512 [RETRANSMIT]
[47303.20ms] RETRANSMIT seq=65 len=512 [RETRANSMIT]
[47303.21ms] RETRANSMIT seq=66 len=512 [RETRANSMIT]
[47303.21ms] RETRANSMIT seq=67 len=512 [RETRANSMIT]
[47303.22ms] RETRANSMIT seq=68 len=512 [RETRANSMIT]
[47303.22ms] RETRANSMIT seq=69 len=512 [RETRANSMIT]
[47343.50ms] DUP_ACK ack_num=62 count=1
[47443.74ms] DUP_ACK ack_num=62 count=2
[47543.95ms] DUP_ACK ack_num=62 count=3
[47603.40ms] TIMEOUT sendBase=62 nextSeq=70
[47603.46ms] RETRANSMIT seq=62 len=512 [RETRANSMIT]
[47603.47ms] RETRANSMIT seq=63 len=512 [RETRANSMIT]
[47603.47ms] RETRANSMIT seq=64 len=512 [RETRANSMIT]
[47603.49ms] RETRANSMIT seq=65 len=512 [RETRANSMIT]
[47603.49ms] RETRANSMIT seq=66 len=512 [RETRANSMIT]
[47603.50ms] RETRANSMIT seq=67 len=512 [RETRANSMIT]
[47603.50ms] RETRANSMIT seq=68 len=512 [RETRANSMIT]
[47603.50ms] RETRANSMIT seq=69 len=512 [RETRANSMIT]
[47644.29ms] DUP_ACK ack_num=62 count=1
[47744.46ms] DUP_ACK ack_num=62 count=2
[47844.74ms] DUP_ACK ack_num=62 count=3
[47903.67ms] TIMEOUT sendBase=62 nextSeq=70
[47903.74ms] RETRANSMIT seq=62 len=512 [RETRANSMIT]
[47903.74ms] RETRANSMIT seq=63 len=512 [RETRANSMIT]
[47903.75ms] RETRANSMIT seq=64 len=512 [RETRANSMIT]
[47903.75ms] RETRANSMIT seq=65 len=512 [RETRANSMIT]
[47903.76ms] RETRANSMIT seq=66 len=512 [RETRANSMIT]
[47903.76ms] RETRANSMIT seq=67 len=512 [RETRANSMIT]
[47903.76ms] RETRANSMIT seq=68 len=512 [RETRANSMIT]
[47903.77ms] RETRANSMIT seq=69 len=512 [RETRANSMIT]
[47945.00ms] DUP_ACK ack_num=62 count=1
[48045.28ms] DUP_ACK ack_num=62 count=2
[48145.52ms] DUP_ACK ack_num=62 count=3
[48203.91ms] TIMEOUT sendBase=62 nextSeq=70
[48203.98ms] RETRANSMIT seq=62 len=512 [RETRANSMIT]
[48203.99ms] RETRANSMIT seq=63 len=512 [RETRANSMIT]
[48203.99ms] RETRANSMIT seq=64 len=512 [RETRANSMIT]
[48204.00ms] RETRANSMIT seq=65 len=512 [RETRANSMIT]
[48204.00ms] RETRANSMIT seq=66 len=512 [RETRANSMIT]
[48204.00ms] RETRANSMIT seq=67 len=512 [RETRANSMIT]
[48204.01ms] RETRANSMIT seq=68 len=512 [RETRANSMIT]
[48204.01ms] RETRANSMIT seq=69 len=512 [RETRANSMIT]
[48245.84ms] DUP_ACK ack_num=62 count=1
[48346.07ms] DUP_ACK ack_num=62 count=2
[48446.30ms] DUP_ACK ack_num=62 count=3
[48504.18ms] TIMEOUT sendBase=62 nextSeq=70
[48504.24ms] RETRANSMIT seq=62 len=512 [RETRANSMIT]
[48504.25ms] RETRANSMIT seq=63 len=512 [RETRANSMIT]
[48504.25ms] RETRANSMIT seq=64 len=512 [RETRANSMIT]
[48504.26ms] RETRANSMIT seq=65 len=512 [RETRANSMIT]
[48504.26ms] RETRANSMIT seq=66 len=512 [RETRANSMIT]
[48504.26ms] RETRANSMIT seq=67 len=512 [RETRANSMIT]
[48504.27ms] RETRANSMIT seq=68 len=512 [RETRANSMIT]
[48504.27ms] RETRANSMIT seq=69 len=512 [RETRANSMIT]
[48546.44ms] DUP_ACK ack_num=62 count=1
[48646.70ms] DUP_ACK ack_num=62 count=2
[48747.07ms] DUP_ACK ack_num=62 count=3
[48804.42ms] TIMEOUT sendBase=62 nextSeq=70
[48804.48ms] RETRANSMIT seq=62 len=512 [RETRANSMIT]
[48804.48ms] RETRANSMIT seq=63 len=512 [RETRANSMIT]
[48804.49ms] RETRANSMIT seq=64 len=512 [RETRANSMIT]
[48804.49ms] RETRANSMIT seq=65 len=512 [RETRANSMIT]
[48804.49ms] RETRANSMIT seq=66 len=512 [RETRANSMIT]
[48804.50ms] RETRANSMIT seq=67 len=512 [RETRANSMIT]
[48804.50ms] RETRANSMIT seq=68 len=512 [RETRANSMIT]
[48804.51ms] RETRANSMIT seq=69 len=512 [RETRANSMIT]
[48847.32ms] DUP_ACK ack_num=62 count=1
[48947.55ms] DUP_ACK ack_num=62 count=2
[49047.77ms] DUP_ACK ack_num=62 count=3
[49104.64ms] TIMEOUT sendBase=62 nextSeq=70
[49104.70ms] RETRANSMIT seq=62 len=512 [RETRANSMIT]
[49104.70ms] RETRANSMIT seq=63 len=512 [RETRANSMIT]
[49104.71ms] RETRANSMIT seq=64 len=512 [RETRANSMIT]
[49104.71ms] RETRANSMIT seq=65 len=512 [RETRANSMIT]
[49104.72ms] RETRANSMIT seq=66 len=512 [RETRANSMIT]
[49104.72ms] RETRANSMIT seq=67 len=512 [RETRANSMIT]
[49104.72ms] RETRANSMIT seq=68 len=512 [RETRANSMIT]
[49104.73ms] RETRANSMIT seq=69 len=512 [RETRANSMIT]
[49147.96ms] DUP_ACK ack_num=62 count=1
[49248.22ms] DUP_ACK ack_num=62 count=2
[49348.45ms] DUP_ACK ack_num=62 count=3
[49404.87ms] TIMEOUT sendBase=62 nextSeq=70
[49404.93ms] RETRANSMIT seq=62 len=512 [RETRANSMIT]
[49404.94ms] RETRANSMIT seq=63 len=512 [RETRANSMIT]
[49404.94ms] RETRANSMIT seq=64 len=512 [RETRANSMIT]
[49404.95ms] RETRANSMIT seq=65 len=512 [RETRANSMIT]
[49404.95ms] RETRANSMIT seq=66 len=512 [RETRANSMIT]
[49404.95ms] RETRANSMIT seq=67 len=512 [RETRANSMIT]
[49404.96ms] RETRANSMIT seq=68 len=512 [RETRANSMIT]
[49404.96ms] RETRANSMIT seq=69 len=512 [RETRANSMIT]
[49448.68ms] DUP_ACK ack_num=62 count=1
[49548.89ms] DUP_ACK ack_num=62 count=2
[49649.18ms] DUP_ACK ack_num=62 count=3
[49705.18ms] TIMEOUT sendBase=62 nextSeq=70
[49705.25ms] RETRANSMIT seq=62 len=512 [RETRANSMIT]
[49705.25ms] RETRANSMIT seq=63 len=512 [RETRANSMIT]
[49705.26ms] RETRANSMIT seq=64 len=512 [RETRANSMIT]
[49705.26ms] RETRANSMIT seq=65 len=512 [RETRANSMIT]
[49705.26ms] RETRANSMIT seq=66 len=512 [RETRANSMIT]
[49705.27ms] RETRANSMIT seq=67 len=512 [RETRANSMIT]
[49705.27ms] RETRANSMIT seq=68 len=512 [RETRANSMIT]
[49705.28ms] RETRANSMIT seq=69 len=512 [RETRANSMIT]
[49749.46ms] DUP_ACK ack_num=62 count=1
[49849.79ms] DUP_ACK ack_num=62 count=2
[49950.08ms] DUP_ACK ack_num=62 count=3
[50005.39ms] TIMEOUT sendBase=62 nextSeq=70
[50005.44ms] RETRANSMIT seq=62 len=512 [RETRANSMIT]
[50005.44ms] RETRANSMIT seq=63 len=512 [RETRANSMIT]
[50005.45ms] RETRANSMIT seq=64 len=512 [RETRANSMIT]
[50005.45ms] RETRANSMIT seq=65 len=512 [RETRANSMIT]
[50005.46ms] RETRANSMIT seq=66 len=512 [RETRANSMIT]
[50005.46ms] RETRANSMIT seq=67 len=512 [RETRANSMIT]
[50005.47ms] RETRANSMIT seq=68 len=512 [RETRANSMIT]
[50005.47ms] RETRANSMIT seq=69 len=512 [RETRANSMIT]
[50050.29ms] DUP_ACK ack_num=62 count=1
[50150.54ms] DUP_ACK ack_num=62 count=2
[50250.72ms] DUP_ACK ack_num=62 count=3
[50305.61ms] TIMEOUT sendBase=62 nextSeq=70
[50305.67ms] RETRANSMIT seq=62 len=512 [RETRANSMIT]
[50305.67ms] RETRANSMIT seq=63 len=512 [RETRANSMIT]
[50305.68ms] RETRANSMIT seq=64 len=512 [RETRANSMIT]
[50305.68ms] RETRANSMIT seq=65 len=512 [RETRANSMIT]
[50305.69ms] RETRANSMIT seq=66 len=512 [RETRANSMIT]
[50305.69ms] RETRANSMIT seq=67 len=512 [RETRANSMIT]
[50305.70ms] RETRANSMIT seq=68 len=512 [RETRANSMIT]
[50305.70ms] RETRANSMIT seq=69 len=512 [RETRANSMIT]
[50351.00ms] DUP_ACK ack_num=62 count=1
[50451.29ms] DUP_ACK ack_num=62 count=2
[50551.57ms] DUP_ACK ack_num=62 count=3
[50605.86ms] TIMEOUT sendBase=62 nextSeq=70
[50605.93ms] RETRANSMIT seq=62 len=512 [RETRANSMIT]
[50605.93ms] RETRANSMIT seq=63 len=512 [RETRANSMIT]
[50605.94ms] RETRANSMIT seq=64 len=512 [RETRANSMIT]
[50605.94ms] RETRANSMIT seq=65 len=512 [RETRANSMIT]
[50605.95ms] RETRANSMIT seq=66 len=512 [RETRANSMIT]
[50605.96ms] RETRANSMIT seq=67 len=512 [RETRANSMIT]
[50605.96ms] RETRANSMIT seq=68 len=512 [RETRANSMIT]
[50605.97ms] RETRANSMIT seq=69 len=512 [RETRANSMIT]
[50651.71ms] DUP_ACK ack_num=62 count=1
[50751.97ms] DUP_ACK ack_num=62 count=2
[50852.20ms] DUP_ACK ack_num=62 count=3
[50906.12ms] TIMEOUT sendBase=62 nextSeq=70
[50906.18ms] RETRANSMIT seq=62 len=512 [RETRANSMIT]
[50906.19ms] RETRANSMIT seq=63 len=512 [RETRANSMIT]
[50906.19ms] RETRANSMIT seq=64 len=512 [RETRANSMIT]
[50906.20ms] RETRANSMIT seq=65 len=512 [RETRANSMIT]
[50906.20ms] RETRANSMIT seq=66 len=512 [RETRANSMIT]
[50906.21ms] RETRANSMIT seq=67 len=512 [RETRANSMIT]
[50906.21ms] RETRANSMIT seq=68 len=512 [RETRANSMIT]
[50906.22ms] RETRANSMIT seq=69 len=512 [RETRANSMIT]
[50952.46ms] DUP_ACK ack_num=62 count=1
[51052.68ms] DUP_ACK ack_num=62 count=2
[51152.90ms] DUP_ACK ack_num=62 count=3
[51206.38ms] TIMEOUT sendBase=62 nextSeq=70
[51206.44ms] RETRANSMIT seq=62 len=512 [RETRANSMIT]
[51206.45ms] RETRANSMIT seq=63 len=512 [RETRANSMIT]
[51206.45ms] RETRANSMIT seq=64 len=512 [RETRANSMIT]
[51206.46ms] RETRANSMIT seq=65 len=512 [RETRANSMIT]
[51206.46ms] RETRANSMIT seq=66 len=512 [RETRANSMIT]
[51206.47ms] RETRANSMIT seq=67 len=512 [RETRANSMIT]
[51206.47ms] RETRANSMIT seq=68 len=512 [RETRANSMIT]
[51206.48ms] RETRANSMIT seq=69 len=512 [RETRANSMIT]
[51253.25ms] ACK ack_num=63 cwnd=1.000000 ssthresh=16.000000
[51253.29ms] SEND seq=70 len=512
[51353.75ms] DUP_ACK ack_num=63 count=1
[51453.88ms] DUP_ACK ack_num=63 count=2
[51553.49ms] TIMEOUT sendBase=63 nextSeq=71
[51553.55ms] RETRANSMIT seq=63 len=512 [RETRANSMIT]
[51553.56ms] RETRANSMIT seq=64 len=512 [RETRANSMIT]
[51553.56ms] RETRANSMIT seq=65 len=512 [RETRANSMIT]
[51553.57ms] RETRANSMIT seq=66 len=512 [RETRANSMIT]
[51553.57ms] RETRANSMIT seq=67 len=512 [RETRANSMIT]
[51553.58ms] RETRANSMIT seq=68 len=512 [RETRANSMIT]
[51553.58ms] RETRANSMIT seq=69 len=512 [RETRANSMIT]
[51553.58ms] RETRANSMIT seq=70 len=512 [RETRANSMIT]
[51554.09ms] DUP_ACK ack_num=63 count=1
[51654.42ms] DUP_ACK ack_num=63 count=2
[51754.58ms] DUP_ACK ack_num=63 count=3
[51853.78ms] TIMEOUT sendBase=63 nextSeq=71
[51853.84ms] RETRANSMIT seq=63 len=512 [RETRANSMIT]
[51853.85ms] RETRANSMIT seq=64 len=512 [RETRANSMIT]
[51853.85ms] RETRANSMIT seq=65 len=512 [RETRANSMIT]
[51853.86ms] RETRANSMIT seq=66 len=512 [RETRANSMIT]
[51853.86ms] RETRANSMIT seq=67 len=512 [RETRANSMIT]
[51853.86ms] RETRANSMIT seq=68 len=512 [RETRANSMIT]
[51853.87ms] RETRANSMIT seq=69 len=512 [RETRANSMIT]
[51853.87ms] RETRANSMIT seq=70 len=512 [RETRANSMIT]
[51854.77ms] DUP_ACK ack_num=63 count=1
[51955.10ms] DUP_ACK ack_num=63 count=2
[52055.36ms] DUP_ACK ack_num=63 count=3
[52154.09ms] TIMEOUT sendBase=63 nextSeq=71
[52154.16ms] RETRANSMIT seq=63 len=512 [RETRANSMIT]
[52154.16ms] RETRANSMIT seq=64 len=512 [RETRANSMIT]
[52154.17ms] RETRANSMIT seq=65 len=512 [RETRANSMIT]
[52154.17ms] RETRANSMIT seq=66 len=512 [RETRANSMIT]
[52154.18ms] RETRANSMIT seq=67 len=512 [RETRANSMIT]
[52154.18ms] RETRANSMIT seq=68 len=512 [RETRANSMIT]
[52154.18ms] RETRANSMIT seq=69 len=512 [RETRANSMIT]
[52154.19ms] RETRANSMIT seq=70 len=512 [RETRANSMIT]
[52155.61ms] DUP_ACK ack_num=63 count=1
[52255.85ms] DUP_ACK ack_num=63 count=2
[52356.13ms] DUP_ACK ack_num=63 count=3
[52454.38ms] TIMEOUT sendBase=63 nextSeq=71
[52454.43ms] RETRANSMIT seq=63 len=512 [RETRANSMIT]
[52454.44ms] RETRANSMIT seq=64 len=512 [RETRANSMIT]
[52454.44ms] RETRANSMIT seq=65 len=512 [RETRANSMIT]
[52454.45ms] RETRANSMIT seq=66 len=512 [RETRANSMIT]
[52454.45ms] RETRANSMIT seq=67 len=512 [RETRANSMIT]
[52454.45ms] RETRANSMIT seq=68 len=512 [RETRANSMIT]
[52454.46ms] RETRANSMIT seq=69 len=512 [RETRANSMIT]
[52454.46ms] RETRANSMIT seq=70 len=512 [RETRANSMIT]
[52456.31ms] DUP_ACK ack_num=63 count=1
[52602.59ms] DUP_ACK ack_num=63 count=2
[52702.74ms] DUP_ACK ack_num=63 count=3
[52754.67ms] TIMEOUT sendBase=63 nextSeq=71
[52754.75ms] RETRANSMIT seq=63 len=512 [RETRANSMIT]
[52754.75ms] RETRANSMIT seq=64 len=512 [RETRANSMIT]
[52754.76ms] RETRANSMIT seq=65 len=512 [RETRANSMIT]
[52754.76ms] RETRANSMIT seq=66 len=512 [RETRANSMIT]
[52754.77ms] RETRANSMIT seq=67 len=512 [RETRANSMIT]
[52754.77ms] RETRANSMIT seq=68 len=512 [RETRANSMIT]
[52754.77ms] RETRANSMIT seq=69 len=512 [RETRANSMIT]
[52754.78ms] RETRANSMIT seq=70 len=512 [RETRANSMIT]
[52803.03ms] DUP_ACK ack_num=63 count=1
[52903.22ms] DUP_ACK ack_num=63 count=2
[53003.43ms] DUP_ACK ack_num=63 count=3
[53054.97ms] TIMEOUT sendBase=63 nextSeq=71
[53055.03ms] RETRANSMIT seq=63 len=512 [RETRANSMIT]
[53055.04ms] RETRANSMIT seq=64 len=512 [RETRANSMIT]
[53055.04ms] RETRANSMIT seq=65 len=512 [RETRANSMIT]
[53055.05ms] RETRANSMIT seq=66 len=512 [RETRANSMIT]
[53055.06ms] RETRANSMIT seq=67 len=512 [RETRANSMIT]
[53055.06ms] RETRANSMIT seq=68 len=512 [RETRANSMIT]
[53055.06ms] RETRANSMIT seq=69 len=512 [RETRANSMIT]
[53055.07ms] RETRANSMIT seq=70 len=512 [RETRANSMIT]
[53103.67ms] DUP_ACK ack_num=63 count=1
[53203.89ms] DUP_ACK ack_num=63 count=2
[53304.11ms] DUP_ACK ack_num=63 count=3
[53355.23ms] TIMEOUT sendBase=63 nextSeq=71
[53355.30ms] RETRANSMIT seq=63 len=512 [RETRANSMIT]
[53355.30ms] RETRANSMIT seq=64 len=512 [RETRANSMIT]
[53355.31ms] RETRANSMIT seq=65 len=512 [RETRANSMIT]
[53355.31ms] RETRANSMIT seq=66 len=512 [RETRANSMIT]
[53355.32ms] RETRANSMIT seq=67 len=512 [RETRANSMIT]
[53355.32ms] RETRANSMIT seq=68 len=512 [RETRANSMIT]
[53355.32ms] RETRANSMIT seq=69 len=512 [RETRANSMIT]
[53355.33ms] RETRANSMIT seq=70 len=512 [RETRANSMIT]
[53404.39ms] DUP_ACK ack_num=63 count=1
[53504.82ms] DUP_ACK ack_num=63 count=2
[53604.97ms] DUP_ACK ack_num=63 count=3
[53655.49ms] TIMEOUT sendBase=63 nextSeq=71
[53655.54ms] RETRANSMIT seq=63 len=512 [RETRANSMIT]
[53655.55ms] RETRANSMIT seq=64 len=512 [RETRANSMIT]
[53655.56ms] RETRANSMIT seq=65 len=512 [RETRANSMIT]
[53655.56ms] RETRANSMIT seq=66 len=512 [RETRANSMIT]
[53655.57ms] RETRANSMIT seq=67 len=512 [RETRANSMIT]
[53655.57ms] RETRANSMIT seq=68 len=512 [RETRANSMIT]
[53655.58ms] RETRANSMIT seq=69 len=512 [RETRANSMIT]
[53655.58ms] RETRANSMIT seq=70 len=512 [RETRANSMIT]
[53705.30ms] DUP_ACK ack_num=63 count=1
[53805.59ms] DUP_ACK ack_num=63 count=2
[53905.84ms] ACK ack_num=64 cwnd=1.000000 ssthresh=16.000000
[53905.87ms] SEND seq=71 len=512
[54006.04ms] DUP_ACK ack_num=64 count=1
[54106.33ms] DUP_ACK ack_num=64 count=2
[54206.08ms] TIMEOUT sendBase=64 nextSeq=72
[54206.14ms] RETRANSMIT seq=64 len=512 [RETRANSMIT]
[54206.15ms] RETRANSMIT seq=65 len=512 [RETRANSMIT]
[54206.16ms] RETRANSMIT seq=66 len=512 [RETRANSMIT]
[54206.16ms] RETRANSMIT seq=67 len=512 [RETRANSMIT]
[54206.17ms] RETRANSMIT seq=68 len=512 [RETRANSMIT]
[54206.17ms] RETRANSMIT seq=69 len=512 [RETRANSMIT]
[54206.18ms] RETRANSMIT seq=70 len=512 [RETRANSMIT]
[54206.18ms] RETRANSMIT seq=71 len=512 [RETRANSMIT]
[54206.53ms] DUP_ACK ack_num=64 count=1
[54306.89ms] ACK ack_num=65 cwnd=1.000000 ssthresh=16.000000
[54306.93ms] SEND seq=72 len=512
[54407.08ms] ACK ack_num=66 cwnd=1.000000 ssthresh=16.000000
[54407.11ms] SEND seq=73 len=512
[54507.31ms] ACK ack_num=67 cwnd=1.000000 ssthresh=16.000000
[54507.35ms] SEND seq=74 len=512
[54607.55ms] DUP_ACK ack_num=67 count=1
[54707.78ms] DUP_ACK ack_num=67 count=2
[54807.53ms] TIMEOUT sendBase=67 nextSeq=75
[54807.63ms] RETRANSMIT seq=67 len=512 [RETRANSMIT]
[54807.65ms] RETRANSMIT seq=68 len=512 [RETRANSMIT]
[54807.65ms] RETRANSMIT seq=69 len=512 [RETRANSMIT]
[54807.74ms] RETRANSMIT seq=70 len=512 [RETRANSMIT]
[54807.75ms] RETRANSMIT seq=71 len=512 [RETRANSMIT]
[54807.75ms] RETRANSMIT seq=72 len=512 [RETRANSMIT]
[54807.76ms] RETRANSMIT seq=73 len=512 [RETRANSMIT]
[54807.76ms] RETRANSMIT seq=74 len=512 [RETRANSMIT]
[54808.00ms] DUP_ACK ack_num=67 count=1
[54908.34ms] ACK ack_num=68 cwnd=1.000000 ssthresh=16.000000
[54908.41ms] SEND seq=75 len=512
[55008.57ms] ACK ack_num=69 cwnd=1.000000 ssthresh=16.000000
[55008.61ms] SEND seq=76 len=512
[55108.82ms] ACK ack_num=70 cwnd=1.000000 ssthresh=16.000000
[55108.85ms] SEND seq=77 len=512
[55209.02ms] DUP_ACK ack_num=70 count=1
[55309.29ms] DUP_ACK ack_num=70 count=2
[55409.03ms] TIMEOUT sendBase=70 nextSeq=78
[55409.10ms] RETRANSMIT seq=70 len=512 [RETRANSMIT]
[55409.10ms] RETRANSMIT seq=71 len=512 [RETRANSMIT]
[55409.19ms] RETRANSMIT seq=72 len=512 [RETRANSMIT]
[55409.21ms] RETRANSMIT seq=73 len=512 [RETRANSMIT]
[55409.21ms] RETRANSMIT seq=74 len=512 [RETRANSMIT]
[55409.22ms] RETRANSMIT seq=75 len=512 [RETRANSMIT]
[55409.23ms] RETRANSMIT seq=76 len=512 [RETRANSMIT]
[55409.23ms] RETRANSMIT seq=77 len=512 [RETRANSMIT]
[55409.44ms] DUP_ACK ack_num=70 count=1
[55509.73ms] DUP_ACK ack_num=70 count=2
[55610.01ms] DUP_ACK ack_num=70 count=3
[55709.44ms] TIMEOUT sendBase=70 nextSeq=78
[55709.50ms] RETRANSMIT seq=70 len=512 [RETRANSMIT]
[55709.50ms] RETRANSMIT seq=71 len=512 [RETRANSMIT]
[55709.51ms] RETRANSMIT seq=72 len=512 [RETRANSMIT]
[55709.51ms] RETRANSMIT seq=73 len=512 [RETRANSMIT]
[55709.51ms] RETRANSMIT seq=74 len=512 [RETRANSMIT]
[55709.52ms] RETRANSMIT seq=75 len=512 [RETRANSMIT]
[55709.52ms] RETRANSMIT seq=76 len=512 [RETRANSMIT]
[55709.52ms] RETRANSMIT seq=77 len=512 [RETRANSMIT]
[55710.21ms] DUP_ACK ack_num=70 count=1
[55810.44ms] DUP_ACK ack_num=70 count=2
[55910.70ms] DUP_ACK ack_num=70 count=3
[56009.72ms] TIMEOUT sendBase=70 nextSeq=78
[56009.79ms] RETRANSMIT seq=70 len=512 [RETRANSMIT]
[56009.79ms] RETRANSMIT seq=71 len=512 [RETRANSMIT]
[56009.80ms] RETRANSMIT seq=72 len=512 [RETRANSMIT]
[56009.80ms] RETRANSMIT seq=73 len=512 [RETRANSMIT]
[56009.81ms] RETRANSMIT seq=74 len=512 [RETRANSMIT]
[56009.81ms] RETRANSMIT seq=75 len=512 [RETRANSMIT]
[56009.81ms] RETRANSMIT seq=76 len=512 [RETRANSMIT]
[56009.82ms] RETRANSMIT seq=77 len=512 [RETRANSMIT]
[56010.98ms] DUP_ACK ack_num=70 count=1
[56111.27ms] DUP_ACK ack_num=70 count=2
[56255.18ms] DUP_ACK ack_num=70 count=3
[56309.98ms] TIMEOUT sendBase=70 nextSeq=78
[56310.04ms] RETRANSMIT seq=70 len=512 [RETRANSMIT]
[56310.05ms] RETRANSMIT seq=71 len=512 [RETRANSMIT]
[56310.05ms] RETRANSMIT seq=72 len=512 [RETRANSMIT]
[56310.06ms] RETRANSMIT seq=73 len=512 [RETRANSMIT]
[56310.06ms] RETRANSMIT seq=74 len=512 [RETRANSMIT]
[56310.07ms] RETRANSMIT seq=75 len=512 [RETRANSMIT]
[56310.07ms] RETRANSMIT seq=76 len=512 [RETRANSMIT]
[56310.08ms] RETRANSMIT seq=77 len=512 [RETRANSMIT]
[56355.05ms] DUP_ACK ack_num=70 count=1
[56455.30ms] DUP_ACK ack_num=70 count=2
[56555.61ms] DUP_ACK ack_num=70 count=3
[56610.23ms] TIMEOUT sendBase=70 nextSeq=78
[56610.29ms] RETRANSMIT seq=70 len=512 [RETRANSMIT]
[56610.29ms] RETRANSMIT seq=71 len=512 [RETRANSMIT]
[56610.30ms] RETRANSMIT seq=72 len=512 [RETRANSMIT]
[56610.30ms] RETRANSMIT seq=73 len=512 [RETRANSMIT]
[56610.31ms] RETRANSMIT seq=74 len=512 [RETRANSMIT]
[56610.31ms] RETRANSMIT seq=75 len=512 [RETRANSMIT]
[56610.32ms] RETRANSMIT seq=76 len=512 [RETRANSMIT]
[56610.32ms] RETRANSMIT seq=77 len=512 [RETRANSMIT]
[56655.90ms] DUP_ACK ack_num=70 count=1
[56756.07ms] DUP_ACK ack_num=70 count=2
[56856.33ms] DUP_ACK ack_num=70 count=3
[56910.47ms] TIMEOUT sendBase=70 nextSeq=78
[56910.55ms] RETRANSMIT seq=70 len=512 [RETRANSMIT]
[56910.56ms] RETRANSMIT seq=71 len=512 [RETRANSMIT]
[56910.57ms] RETRANSMIT seq=72 len=512 [RETRANSMIT]
[56910.57ms] RETRANSMIT seq=73 len=512 [RETRANSMIT]
[56910.57ms] RETRANSMIT seq=74 len=512 [RETRANSMIT]
[56910.58ms] RETRANSMIT seq=75 len=512 [RETRANSMIT]
[56910.58ms] RETRANSMIT seq=76 len=512 [RETRANSMIT]
[56910.59ms] RETRANSMIT seq=77 len=512 [RETRANSMIT]
[56956.58ms] DUP_ACK ack_num=70 count=1
[57063.50ms] DUP_ACK ack_num=70 count=2
[57163.78ms] DUP_ACK ack_num=70 count=3
[57210.75ms] TIMEOUT sendBase=70 nextSeq=78
[57210.82ms] RETRANSMIT seq=70 len=512 [RETRANSMIT]
[57210.83ms] RETRANSMIT seq=71 len=512 [RETRANSMIT]
[57210.83ms] RETRANSMIT seq=72 len=512 [RETRANSMIT]
[57210.84ms] RETRANSMIT seq=73 len=512 [RETRANSMIT]
[57210.84ms] RETRANSMIT seq=74 len=512 [RETRANSMIT]
[57210.85ms] RETRANSMIT seq=75 len=512 [RETRANSMIT]
[57210.85ms] RETRANSMIT seq=76 len=512 [RETRANSMIT]
[57210.86ms] RETRANSMIT seq=77 len=512 [RETRANSMIT]
[57263.99ms] DUP_ACK ack_num=70 count=1
[57364.23ms] DUP_ACK ack_num=70 count=2
[57464.52ms] DUP_ACK ack_num=70 count=3
[57511.03ms] TIMEOUT sendBase=70 nextSeq=78
[57511.09ms] RETRANSMIT seq=70 len=512 [RETRANSMIT]
[57511.10ms] RETRANSMIT seq=71 len=512 [RETRANSMIT]
[57511.10ms] RETRANSMIT seq=72 len=512 [RETRANSMIT]
[57511.11ms] RETRANSMIT seq=73 len=512 [RETRANSMIT]
[57511.11ms] RETRANSMIT seq=74 len=512 [RETRANSMIT]
[57511.12ms] RETRANSMIT seq=75 len=512 [RETRANSMIT]
[57511.12ms] RETRANSMIT seq=76 len=512 [RETRANSMIT]
[57511.13ms] RETRANSMIT seq=77 len=512 [RETRANSMIT]
[57564.75ms] DUP_ACK ack_num=70 count=1
[57664.91ms] DUP_ACK ack_num=70 count=2
[57765.22ms] DUP_ACK ack_num=70 count=3
[57811.30ms] TIMEOUT sendBase=70 nextSeq=78
[57811.37ms] RETRANSMIT seq=70 len=512 [RETRANSMIT]
[57811.37ms] RETRANSMIT seq=71 len=512 [RETRANSMIT]
[57811.38ms] RETRANSMIT seq=72 len=512 [RETRANSMIT]
[57811.38ms] RETRANSMIT seq=73 len=512 [RETRANSMIT]
[57811.39ms] RETRANSMIT seq=74 len=512 [RETRANSMIT]
[57811.39ms] RETRANSMIT seq=75 len=512 [RETRANSMIT]
[57811.39ms] RETRANSMIT seq=76 len=512 [RETRANSMIT]
[57811.40ms] RETRANSMIT seq=77 len=512 [RETRANSMIT]
[57865.57ms] DUP_ACK ack_num=70 count=1
[57965.84ms] DUP_ACK ack_num=70 count=2
[58066.03ms] DUP_ACK ack_num=70 count=3
[58111.57ms] TIMEOUT sendBase=70 nextSeq=78
[58111.63ms] RETRANSMIT seq=70 len=512 [RETRANSMIT]
[58111.64ms] RETRANSMIT seq=71 len=512 [RETRANSMIT]
[58111.64ms] RETRANSMIT seq=72 len=512 [RETRANSMIT]
[58111.65ms] RETRANSMIT seq=73 len=512 [RETRANSMIT]
[58111.65ms] RETRANSMIT seq=74 len=512 [RETRANSMIT]
[58111.66ms] RETRANSMIT seq=75 len=512 [RETRANSMIT]
[58111.66ms] RETRANSMIT seq=76 len=512 [RETRANSMIT]
[58111.66ms] RETRANSMIT seq=77 len=512 [RETRANSMIT]
[58166.32ms] DUP_ACK ack_num=70 count=1
[58266.61ms] DUP_ACK ack_num=70 count=2
[58366.79ms] DUP_ACK ack_num=70 count=3
[58411.83ms] TIMEOUT sendBase=70 nextSeq=78
[58411.89ms] RETRANSMIT seq=70 len=512 [RETRANSMIT]
[58411.90ms] RETRANSMIT seq=71 len=512 [RETRANSMIT]
[58411.90ms] RETRANSMIT seq=72 len=512 [RETRANSMIT]
[58411.91ms] RETRANSMIT seq=73 len=512 [RETRANSMIT]
[58411.91ms] RETRANSMIT seq=74 len=512 [RETRANSMIT]
[58411.92ms] RETRANSMIT seq=75 len=512 [RETRANSMIT]
[58411.92ms] RETRANSMIT seq=76 len=512 [RETRANSMIT]
[58411.92ms] RETRANSMIT seq=77 len=512 [RETRANSMIT]
[58467.02ms] DUP_ACK ack_num=70 count=1
[58567.28ms] DUP_ACK ack_num=70 count=2
[58667.49ms] DUP_ACK ack_num=70 count=3
[58712.06ms] TIMEOUT sendBase=70 nextSeq=78
[58712.12ms] RETRANSMIT seq=70 len=512 [RETRANSMIT]
[58712.13ms] RETRANSMIT seq=71 len=512 [RETRANSMIT]
[58712.13ms] RETRANSMIT seq=72 len=512 [RETRANSMIT]
[58712.14ms] RETRANSMIT seq=73 len=512 [RETRANSMIT]
[58712.14ms] RETRANSMIT seq=74 len=512 [RETRANSMIT]
[58712.14ms] RETRANSMIT seq=75 len=512 [RETRANSMIT]
[58712.15ms] RETRANSMIT seq=76 len=512 [RETRANSMIT]
[58712.15ms] RETRANSMIT seq=77 len=512 [RETRANSMIT]
[58767.75ms] DUP_ACK ack_num=70 count=1
[58868.00ms] DUP_ACK ack_num=70 count=2
[58968.22ms] DUP_ACK ack_num=70 count=3
[59012.30ms] TIMEOUT sendBase=70 nextSeq=78
[59012.40ms] RETRANSMIT seq=70 len=512 [RETRANSMIT]
[59012.41ms] RETRANSMIT seq=71 len=512 [RETRANSMIT]
[59012.41ms] RETRANSMIT seq=72 len=512 [RETRANSMIT]
[59012.42ms] RETRANSMIT seq=73 len=512 [RETRANSMIT]
[59012.42ms] RETRANSMIT seq=74 len=512 [RETRANSMIT]
[59012.42ms] RETRANSMIT seq=75 len=512 [RETRANSMIT]
[59012.43ms] RETRANSMIT seq=76 len=512 [RETRANSMIT]
[59012.43ms] RETRANSMIT seq=77 len=512 [RETRANSMIT]
[59068.46ms] DUP_ACK ack_num=70 count=1
[59168.75ms] DUP_ACK ack_num=70 count=2
[59268.99ms] DUP_ACK ack_num=70 count=3
[59312.62ms] TIMEOUT sendBase=70 nextSeq=78
[59312.68ms] RETRANSMIT seq=70 len=512 [RETRANSMIT]
[59312.69ms] RETRANSMIT seq=71 len=512 [RETRANSMIT]
[59312.69ms] RETRANSMIT seq=72 len=512 [RETRANSMIT]
[59312.70ms] RETRANSMIT seq=73 len=512 [RETRANSMIT]
[59312.70ms] RETRANSMIT seq=74 len=512 [RETRANSMIT]
[59312.70ms] RETRANSMIT seq=75 len=512 [RETRANSMIT]
[59312.71ms] RETRANSMIT seq=76 len=512 [RETRANSMIT]
[59312.71ms] RETRANSMIT seq=77 len=512 [RETRANSMIT]
[59369.24ms] DUP_ACK ack_num=70 count=1
[59469.54ms] DUP_ACK ack_num=70 count=2
[59569.76ms] DUP_ACK ack_num=70 count=3
[59612.88ms] TIMEOUT sendBase=70 nextSeq=78
[59612.94ms] RETRANSMIT seq=70 len=512 [RETRANSMIT]
[59612.95ms] RETRANSMIT seq=71 len=512 [RETRANSMIT]
[59612.95ms] RETRANSMIT seq=72 len=512 [RETRANSMIT]
[59612.96ms] RETRANSMIT seq=73 len=512 [RETRANSMIT]
[59612.96ms] RETRANSMIT seq=74 len=512 [RETRANSMIT]
[59612.97ms] RETRANSMIT seq=75 len=512 [RETRANSMIT]
[59612.97ms] RETRANSMIT seq=76 len=512 [RETRANSMIT]
[59612.98ms] RETRANSMIT seq=77 len=512 [RETRANSMIT]
[59669.93ms] DUP_ACK ack_num=70 count=1
[59770.22ms] DUP_ACK ack_num=70 count=2
[59870.47ms] DUP_ACK ack_num=70 count=3
[59913.22ms] TIMEOUT sendBase=70 nextSeq=78
[59913.32ms] RETRANSMIT seq=70 len=512 [RETRANSMIT]
[59913.34ms] RETRANSMIT seq=71 len=512 [RETRANSMIT]
[59913.34ms] RETRANSMIT seq=72 len=512 [RETRANSMIT]
[59913.35ms] RETRANSMIT seq=73 len=512 [RETRANSMIT]
[59913.35ms] RETRANSMIT seq=74 len=512 [RETRANSMIT]
[59913.35ms] RETRANSMIT seq=75 len=512 [RETRANSMIT]
[59913.36ms] RETRANSMIT seq=76 len=512 [RETRANSMIT]
[59913.36ms] RETRANSMIT seq=77 len=512 [RETRANSMIT]
[59970.72ms] DUP_ACK ack_num=70 count=1
[60070.95ms] DUP_ACK ack_num=70 count=2
[60171.19ms] DUP_ACK ack_num=70 count=3
[60272.21ms] TIMEOUT sendBase=70 nextSeq=78
[60272.32ms] RETRANSMIT seq=70 len=512 [RETRANSMIT]
[60272.34ms] RETRANSMIT seq=71 len=512 [RETRANSMIT]
[60272.35ms] RETRANSMIT seq=72 len=512 [RETRANSMIT]
[60272.35ms] RETRANSMIT seq=73 len=512 [RETRANSMIT]
[60272.36ms] RETRANSMIT seq=74 len=512 [RETRANSMIT]
[60272.36ms] RETRANSMIT seq=75 len=512 [RETRANSMIT]
[60272.37ms] RETRANSMIT seq=76 len=512 [RETRANSMIT]
[60272.38ms] RETRANSMIT seq=77 len=512 [RETRANSMIT]
[60272.41ms] DUP_ACK ack_num=70 count=1
[60372.75ms] DUP_ACK ack_num=70 count=2
[60473.11ms] DUP_ACK ack_num=70 count=3
[60572.62ms] TIMEOUT sendBase=70 nextSeq=78
[60572.74ms] RETRANSMIT seq=70 len=512 [RETRANSMIT]
[60572.76ms] RETRANSMIT seq=71 len=512 [RETRANSMIT]
[60572.77ms] RETRANSMIT seq=72 len=512 [RETRANSMIT]
[60572.77ms] RETRANSMIT seq=73 len=512 [RETRANSMIT]
[60572.78ms] RETRANSMIT seq=74 len=512 [RETRANSMIT]
[60572.78ms] RETRANSMIT seq=75 len=512 [RETRANSMIT]
[60572.79ms] RETRANSMIT seq=76 len=512 [RETRANSMIT]
[60572.79ms] RETRANSMIT seq=77 len=512 [RETRANSMIT]
[60573.27ms] DUP_ACK ack_num=70 count=1
[60673.61ms] DUP_ACK ack_num=70 count=2
[60774.02ms] DUP_ACK ack_num=70 count=3
[60872.97ms] TIMEOUT sendBase=70 nextSeq=78
[60873.04ms] RETRANSMIT seq=70 len=512 [RETRANSMIT]
[60873.05ms] RETRANSMIT seq=71 len=512 [RETRANSMIT]
[60873.05ms] RETRANSMIT seq=72 len=512 [RETRANSMIT]
[60873.06ms] RETRANSMIT seq=73 len=512 [RETRANSMIT]
[60873.06ms] RETRANSMIT seq=74 len=512 [RETRANSMIT]
[60873.06ms] RETRANSMIT seq=75 len=512 [RETRANSMIT]
[60873.07ms] RETRANSMIT seq=76 len=512 [RETRANSMIT]
[60873.07ms] RETRANSMIT seq=77 len=512 [RETRANSMIT]
[60874.11ms] DUP_ACK ack_num=70 count=1
[60974.46ms] DUP_ACK ack_num=70 count=2
[61074.64ms] DUP_ACK ack_num=70 count=3
[61173.30ms] TIMEOUT sendBase=70 nextSeq=78
[61173.36ms] RETRANSMIT seq=70 len=512 [RETRANSMIT]
[61173.36ms] RETRANSMIT seq=71 len=512 [RETRANSMIT]
[61173.37ms] RETRANSMIT seq=72 len=512 [RETRANSMIT]
[61173.37ms] RETRANSMIT seq=73 len=512 [RETRANSMIT]
[61173.38ms] RETRANSMIT seq=74 len=512 [RETRANSMIT]
[61173.38ms] RETRANSMIT seq=75 len=512 [RETRANSMIT]
[61173.38ms] RETRANSMIT seq=76 len=512 [RETRANSMIT]
[61173.39ms] RETRANSMIT seq=77 len=512 [RETRANSMIT]
[61174.97ms] DUP_ACK ack_num=70 count=1
[61275.29ms] DUP_ACK ack_num=70 count=2
[61375.49ms] DUP_ACK ack_num=70 count=3
[61473.60ms] TIMEOUT sendBase=70 nextSeq=78
[61473.68ms] RETRANSMIT seq=70 len=512 [RETRANSMIT]
[61473.69ms] RETRANSMIT seq=71 len=512 [RETRANSMIT]
[61473.69ms] RETRANSMIT seq=72 len=512 [RETRANSMIT]
[61473.70ms] RETRANSMIT seq=73 len=512 [RETRANSMIT]
[61473.70ms] RETRANSMIT seq=74 len=512 [RETRANSMIT]
[61473.70ms] RETRANSMIT seq=75 len=512 [RETRANSMIT]
[61473.71ms] RETRANSMIT seq=76 len=512 [RETRANSMIT]
[61473.71ms] RETRANSMIT seq=77 len=512 [RETRANSMIT]
[61475.67ms] DUP_ACK ack_num=70 count=1
[61575.98ms] DUP_ACK ack_num=70 count=2
[61676.22ms] DUP_ACK ack_num=70 count=3
[61773.92ms] TIMEOUT sendBase=70 nextSeq=78
[61773.98ms] RETRANSMIT seq=70 len=512 [RETRANSMIT]
[61773.99ms] RETRANSMIT seq=71 len=512 [RETRANSMIT]
[61773.99ms] RETRANSMIT seq=72 len=512 [RETRANSMIT]
[61774.00ms] RETRANSMIT seq=73 len=512 [RETRANSMIT]
[61774.00ms] RETRANSMIT seq=74 len=512 [RETRANSMIT]
[61774.00ms] RETRANSMIT seq=75 len=512 [RETRANSMIT]
[61774.01ms] RETRANSMIT seq=76 len=512 [RETRANSMIT]
[61774.01ms] RETRANSMIT seq=77 len=512 [RETRANSMIT]
[61776.45ms] DUP_ACK ack_num=70 count=1
[61876.75ms] DUP_ACK ack_num=70 count=2
[61976.98ms] DUP_ACK ack_num=70 count=3
[62074.22ms] TIMEOUT sendBase=70 nextSeq=78
[62074.29ms] RETRANSMIT seq=70 len=512 [RETRANSMIT]
[62074.29ms] RETRANSMIT seq=71 len=512 [RETRANSMIT]
[62074.30ms] RETRANSMIT seq=72 len=512 [RETRANSMIT]
[62074.30ms] RETRANSMIT seq=73 len=512 [RETRANSMIT]
[62074.31ms] RETRANSMIT seq=74 len=512 [RETRANSMIT]
[62074.31ms] RETRANSMIT seq=75 len=512 [RETRANSMIT]
[62074.31ms] RETRANSMIT seq=76 len=512 [RETRANSMIT]
[62074.32ms] RETRANSMIT seq=77 len=512 [RETRANSMIT]
[62077.33ms] DUP_ACK ack_num=70 count=1
[62177.65ms] DUP_ACK ack_num=70 count=2
[62277.97ms] DUP_ACK ack_num=70 count=3
[62374.49ms] TIMEOUT sendBase=70 nextSeq=78
[62374.54ms] RETRANSMIT seq=70 len=512 [RETRANSMIT]
[62374.55ms] RETRANSMIT seq=71 len=512 [RETRANSMIT]
[62374.55ms] RETRANSMIT seq=72 len=512 [RETRANSMIT]
[62374.56ms] RETRANSMIT seq=73 len=512 [RETRANSMIT]
[62374.56ms] RETRANSMIT seq=74 len=512 [RETRANSMIT]
[62374.57ms] RETRANSMIT seq=75 len=512 [RETRANSMIT]
[62374.57ms] RETRANSMIT seq=76 len=512 [RETRANSMIT]
[62374.57ms] RETRANSMIT seq=77 len=512 [RETRANSMIT]
[62378.19ms] DUP_ACK ack_num=70 count=1
[62478.47ms] DUP_ACK ack_num=70 count=2
[62578.73ms] DUP_ACK ack_num=70 count=3
[62674.76ms] TIMEOUT sendBase=70 nextSeq=78
[62674.82ms] RETRANSMIT seq=70 len=512 [RETRANSMIT]
[62674.83ms] RETRANSMIT seq=71 len=512 [RETRANSMIT]
[62674.83ms] RETRANSMIT seq=72 len=512 [RETRANSMIT]
[62674.84ms] RETRANSMIT seq=73 len=512 [RETRANSMIT]
[62674.84ms] RETRANSMIT seq=74 len=512 [RETRANSMIT]
[62674.85ms] RETRANSMIT seq=75 len=512 [RETRANSMIT]
[62674.85ms] RETRANSMIT seq=76 len=512 [RETRANSMIT]
[62674.85ms] RETRANSMIT seq=77 len=512 [RETRANSMIT]
[62678.96ms] DUP_ACK ack_num=70 count=1
[62779.21ms] DUP_ACK ack_num=70 count=2
[62879.53ms] DUP_ACK ack_num=70 count=3
[62975.06ms] TIMEOUT sendBase=70 nextSeq=78
[62975.15ms] RETRANSMIT seq=70 len=512 [RETRANSMIT]
[62975.16ms] RETRANSMIT seq=71 len=512 [RETRANSMIT]
[62975.17ms] RETRANSMIT seq=72 len=512 [RETRANSMIT]
[62975.17ms] RETRANSMIT seq=73 len=512 [RETRANSMIT]
[62975.17ms] RETRANSMIT seq=74 len=512 [RETRANSMIT]
[62975.18ms] RETRANSMIT seq=75 len=512 [RETRANSMIT]
[62975.18ms] RETRANSMIT seq=76 len=512 [RETRANSMIT]
[62975.19ms] RETRANSMIT seq=77 len=512 [RETRANSMIT]
[62979.75ms] ACK ack_num=71 cwnd=1.000000 ssthresh=16.000000
[62979.77ms] SEND seq=78 len=512
[63080.01ms] DUP_ACK ack_num=71 count=1
[63180.30ms] DUP_ACK ack_num=71 count=2
[63279.98ms] TIMEOUT sendBase=71 nextSeq=79
[63280.09ms] RETRANSMIT seq=71 len=512 [RETRANSMIT]
[63280.10ms] RETRANSMIT seq=72 len=512 [RETRANSMIT]
[63280.10ms] RETRANSMIT seq=73 len=512 [RETRANSMIT]
[63280.11ms] RETRANSMIT seq=74 len=512 [RETRANSMIT]
[63280.11ms] RETRANSMIT seq=75 len=512 [RETRANSMIT]
[63280.12ms] RETRANSMIT seq=76 len=512 [RETRANSMIT]
[63280.12ms] RETRANSMIT seq=77 len=512 [RETRANSMIT]
[63280.13ms] RETRANSMIT seq=78 len=512 [RETRANSMIT]
[63280.49ms] DUP_ACK ack_num=71 count=1
[63380.70ms] DUP_ACK ack_num=71 count=2
[63480.96ms] DUP_ACK ack_num=71 count=3
[63580.32ms] TIMEOUT sendBase=71 nextSeq=79
[63580.42ms] RETRANSMIT seq=71 len=512 [RETRANSMIT]
[63580.42ms] RETRANSMIT seq=72 len=512 [RETRANSMIT]
[63580.43ms] RETRANSMIT seq=73 len=512 [RETRANSMIT]
[63580.43ms] RETRANSMIT seq=74 len=512 [RETRANSMIT]
[63580.44ms] RETRANSMIT seq=75 len=512 [RETRANSMIT]
[63580.44ms] RETRANSMIT seq=76 len=512 [RETRANSMIT]
[63580.45ms] RETRANSMIT seq=77 len=512 [RETRANSMIT]
[63580.45ms] RETRANSMIT seq=78 len=512 [RETRANSMIT]
[63581.19ms] DUP_ACK ack_num=71 count=1
[63681.54ms] DUP_ACK ack_num=71 count=2
[63781.81ms] DUP_ACK ack_num=71 count=3
[63880.71ms] TIMEOUT sendBase=71 nextSeq=79
[63880.79ms] RETRANSMIT seq=71 len=512 [RETRANSMIT]
[63880.80ms] RETRANSMIT seq=72 len=512 [RETRANSMIT]
[63880.81ms] RETRANSMIT seq=73 len=512 [RETRANSMIT]
[63880.82ms] RETRANSMIT seq=74 len=512 [RETRANSMIT]
[63880.82ms] RETRANSMIT seq=75 len=512 [RETRANSMIT]
[63880.83ms] RETRANSMIT seq=76 len=512 [RETRANSMIT]
[63880.84ms] RETRANSMIT seq=77 len=512 [RETRANSMIT]
[63880.84ms] RETRANSMIT seq=78 len=512 [RETRANSMIT]
[63882.18ms] DUP_ACK ack_num=71 count=1
[63982.51ms] DUP_ACK ack_num=71 count=2
[64082.74ms] DUP_ACK ack_num=71 count=3
[64181.05ms] TIMEOUT sendBase=71 nextSeq=79
[64181.16ms] RETRANSMIT seq=71 len=512 [RETRANSMIT]
[64181.17ms] RETRANSMIT seq=72 len=512 [RETRANSMIT]
[64181.18ms] RETRANSMIT seq=73 len=512 [RETRANSMIT]
[64181.19ms] RETRANSMIT seq=74 len=512 [RETRANSMIT]
[64181.19ms] RETRANSMIT seq=75 len=512 [RETRANSMIT]
[64181.20ms] RETRANSMIT seq=76 len=512 [RETRANSMIT]
[64181.20ms] RETRANSMIT seq=77 len=512 [RETRANSMIT]
[64181.20ms] RETRANSMIT seq=78 len=512 [RETRANSMIT]
[64182.91ms] DUP_ACK ack_num=71 count=1
[64283.31ms] DUP_ACK ack_num=71 count=2
[64383.56ms] DUP_ACK ack_num=71 count=3
[64481.44ms] TIMEOUT sendBase=71 nextSeq=79
[64481.52ms] RETRANSMIT seq=71 len=512 [RETRANSMIT]
[64481.53ms] RETRANSMIT seq=72 len=512 [RETRANSMIT]
[64481.54ms] RETRANSMIT seq=73 len=512 [RETRANSMIT]
[64481.55ms] RETRANSMIT seq=74 len=512 [RETRANSMIT]
[64481.56ms] RETRANSMIT seq=75 len=512 [RETRANSMIT]
[64481.57ms] RETRANSMIT seq=76 len=512 [RETRANSMIT]
[64481.58ms] RETRANSMIT seq=77 len=512 [RETRANSMIT]
[64481.58ms] RETRANSMIT seq=78 len=512 [RETRANSMIT]
[64483.79ms] ACK ack_num=72 cwnd=1.000000 ssthresh=16.000000
[64483.82ms] SEND seq=79 len=512
[64584.05ms] DUP_ACK ack_num=72 count=1
[64684.32ms] DUP_ACK ack_num=72 count=2
[64807.46ms] DUP_ACK ack_num=72 count=3
[64808.59ms] TIMEOUT sendBase=72 nextSeq=80
[64808.64ms] RETRANSMIT seq=72 len=512 [RETRANSMIT]
[64808.65ms] RETRANSMIT seq=73 len=512 [RETRANSMIT]
[64808.66ms] RETRANSMIT seq=74 len=512 [RETRANSMIT]
[64808.66ms] RETRANSMIT seq=75 len=512 [RETRANSMIT]
[64808.67ms] RETRANSMIT seq=76 len=512 [RETRANSMIT]
[64808.67ms] RETRANSMIT seq=77 len=512 [RETRANSMIT]
[64808.68ms] RETRANSMIT seq=78 len=512 [RETRANSMIT]
[64808.68ms] RETRANSMIT seq=79 len=512 [RETRANSMIT]
[64907.62ms] DUP_ACK ack_num=72 count=1
[65007.98ms] DUP_ACK ack_num=72 count=2
[65108.22ms] DUP_ACK ack_num=72 count=3
[65109.44ms] TIMEOUT sendBase=72 nextSeq=80
[65109.52ms] RETRANSMIT seq=72 len=512 [RETRANSMIT]
[65109.52ms] RETRANSMIT seq=73 len=512 [RETRANSMIT]
[65109.53ms] RETRANSMIT seq=74 len=512 [RETRANSMIT]
[65109.53ms] RETRANSMIT seq=75 len=512 [RETRANSMIT]
[65109.54ms] RETRANSMIT seq=76 len=512 [RETRANSMIT]
[65109.54ms] RETRANSMIT seq=77 len=512 [RETRANSMIT]
[65109.54ms] RETRANSMIT seq=78 len=512 [RETRANSMIT]
[65109.55ms] RETRANSMIT seq=79 len=512 [RETRANSMIT]
[65208.48ms] ACK ack_num=73 cwnd=1.000000 ssthresh=16.000000
[65208.54ms] SEND seq=80 len=512
[65308.79ms] ACK ack_num=74 cwnd=1.000000 ssthresh=16.000000
[65308.85ms] SEND seq=81 len=512
[65408.98ms] ACK ack_num=75 cwnd=1.000000 ssthresh=16.000000
[65409.04ms] SEND seq=82 len=512
[65509.34ms] DUP_ACK ack_num=75 count=1
[65609.57ms] DUP_ACK ack_num=75 count=2
[65709.26ms] TIMEOUT sendBase=75 nextSeq=83
[65709.34ms] RETRANSMIT seq=75 len=512 [RETRANSMIT]
[65709.35ms] RETRANSMIT seq=76 len=512 [RETRANSMIT]
[65709.35ms] RETRANSMIT seq=77 len=512 [RETRANSMIT]
[65709.36ms] RETRANSMIT seq=78 len=512 [RETRANSMIT]
[65709.37ms] RETRANSMIT seq=79 len=512 [RETRANSMIT]
[65709.37ms] RETRANSMIT seq=80 len=512 [RETRANSMIT]
[65709.38ms] RETRANSMIT seq=81 len=512 [RETRANSMIT]
[65709.39ms] RETRANSMIT seq=82 len=512 [RETRANSMIT]
[65709.84ms] DUP_ACK ack_num=75 count=1
[65810.20ms] DUP_ACK ack_num=75 count=2
[65910.45ms] DUP_ACK ack_num=75 count=3
[66009.65ms] TIMEOUT sendBase=75 nextSeq=83
[66009.72ms] RETRANSMIT seq=75 len=512 [RETRANSMIT]
[66009.73ms] RETRANSMIT seq=76 len=512 [RETRANSMIT]
[66009.74ms] RETRANSMIT seq=77 len=512 [RETRANSMIT]
[66009.74ms] RETRANSMIT seq=78 len=512 [RETRANSMIT]
[66009.75ms] RETRANSMIT seq=79 len=512 [RETRANSMIT]
[66009.76ms] RETRANSMIT seq=80 len=512 [RETRANSMIT]
[66009.77ms] RETRANSMIT seq=81 len=512 [RETRANSMIT]
[66009.78ms] RETRANSMIT seq=82 len=512 [RETRANSMIT]
[66010.63ms] DUP_ACK ack_num=75 count=1
[66110.99ms] DUP_ACK ack_num=75 count=2
[66211.19ms] DUP_ACK ack_num=75 count=3
[66309.99ms] TIMEOUT sendBase=75 nextSeq=83
[66310.08ms] RETRANSMIT seq=75 len=512 [RETRANSMIT]
[66310.09ms] RETRANSMIT seq=76 len=512 [RETRANSMIT]
[66310.10ms] RETRANSMIT seq=77 len=512 [RETRANSMIT]
[66310.10ms] RETRANSMIT seq=78 len=512 [RETRANSMIT]
[66310.11ms] RETRANSMIT seq=79 len=512 [RETRANSMIT]
[66310.11ms] RETRANSMIT seq=80 len=512 [RETRANSMIT]
[66310.12ms] RETRANSMIT seq=81 len=512 [RETRANSMIT]
[66310.12ms] RETRANSMIT seq=82 len=512 [RETRANSMIT]
[66311.35ms] DUP_ACK ack_num=75 count=1
[66411.59ms] DUP_ACK ack_num=75 count=2
[66511.94ms] DUP_ACK ack_num=75 count=3
[66610.38ms] TIMEOUT sendBase=75 nextSeq=83
[66610.46ms] RETRANSMIT seq=75 len=512 [RETRANSMIT]
[66610.47ms] RETRANSMIT seq=76 len=512 [RETRANSMIT]
[66610.48ms] RETRANSMIT seq=77 len=512 [RETRANSMIT]
[66610.49ms] RETRANSMIT seq=78 len=512 [RETRANSMIT]
[66610.50ms] RETRANSMIT seq=79 len=512 [RETRANSMIT]
[66610.51ms] RETRANSMIT seq=80 len=512 [RETRANSMIT]
[66610.52ms] RETRANSMIT seq=81 len=512 [RETRANSMIT]
[66610.53ms] RETRANSMIT seq=82 len=512 [RETRANSMIT]
[66612.17ms] DUP_ACK ack_num=75 count=1
[66712.44ms] DUP_ACK ack_num=75 count=2
[66812.66ms] DUP_ACK ack_num=75 count=3
[66910.75ms] TIMEOUT sendBase=75 nextSeq=83
[66910.85ms] RETRANSMIT seq=75 len=512 [RETRANSMIT]
[66910.85ms] RETRANSMIT seq=76 len=512 [RETRANSMIT]
[66910.86ms] RETRANSMIT seq=77 len=512 [RETRANSMIT]
[66910.86ms] RETRANSMIT seq=78 len=512 [RETRANSMIT]
[66910.87ms] RETRANSMIT seq=79 len=512 [RETRANSMIT]
[66910.87ms] RETRANSMIT seq=80 len=512 [RETRANSMIT]
[66910.88ms] RETRANSMIT seq=81 len=512 [RETRANSMIT]
[66910.88ms] RETRANSMIT seq=82 len=512 [RETRANSMIT]
[66912.90ms] DUP_ACK ack_num=75 count=1
[67013.34ms] ACK ack_num=76 cwnd=1.000000 ssthresh=16.000000
[67013.38ms] SEND seq=83 len=512
[67113.64ms] ACK ack_num=77 cwnd=1.000000 ssthresh=16.000000
[67113.68ms] SEND seq=84 len=512
[67213.83ms] ACK ack_num=78 cwnd=1.000000 ssthresh=16.000000
[67213.86ms] SEND seq=85 len=512
[67314.16ms] DUP_ACK ack_num=78 count=1
[67414.39ms] DUP_ACK ack_num=78 count=2
[67514.01ms] TIMEOUT sendBase=78 nextSeq=86
[67514.08ms] RETRANSMIT seq=78 len=512 [RETRANSMIT]
[67514.08ms] RETRANSMIT seq=79 len=512 [RETRANSMIT]
[67514.09ms] RETRANSMIT seq=80 len=512 [RETRANSMIT]
[67514.09ms] RETRANSMIT seq=81 len=512 [RETRANSMIT]
[67514.10ms] RETRANSMIT seq=82 len=512 [RETRANSMIT]
[67514.10ms] RETRANSMIT seq=83 len=512 [RETRANSMIT]
[67514.11ms] RETRANSMIT seq=84 len=512 [RETRANSMIT]
[67514.11ms] RETRANSMIT seq=85 len=512 [RETRANSMIT]
[67514.55ms] DUP_ACK ack_num=78 count=1
[67614.82ms] DUP_ACK ack_num=78 count=2
[67715.07ms] DUP_ACK ack_num=78 count=3
[67814.35ms] TIMEOUT sendBase=78 nextSeq=86
[67814.42ms] RETRANSMIT seq=78 len=512 [RETRANSMIT]
[67814.43ms] RETRANSMIT seq=79 len=512 [RETRANSMIT]
[67814.43ms] RETRANSMIT seq=80 len=512 [RETRANSMIT]
[67814.44ms] RETRANSMIT seq=81 len=512 [RETRANSMIT]
[67814.44ms] RETRANSMIT seq=82 len=512 [RETRANSMIT]
[67814.45ms] RETRANSMIT seq=83 len=512 [RETRANSMIT]
[67814.45ms] RETRANSMIT seq=84 len=512 [RETRANSMIT]
[67814.46ms] RETRANSMIT seq=85 len=512 [RETRANSMIT]
[67815.31ms] DUP_ACK ack_num=78 count=1
[67915.60ms] DUP_ACK ack_num=78 count=2
[68015.84ms] DUP_ACK ack_num=78 count=3
[68114.76ms] TIMEOUT sendBase=78 nextSeq=86
[68114.86ms] RETRANSMIT seq=78 len=512 [RETRANSMIT]
[68114.92ms] RETRANSMIT seq=79 len=512 [RETRANSMIT]
[68114.93ms] RETRANSMIT seq=80 len=512 [RETRANSMIT]
[68114.94ms] RETRANSMIT seq=81 len=512 [RETRANSMIT]
[68114.94ms] RETRANSMIT seq=82 len=512 [RETRANSMIT]
[68114.95ms] RETRANSMIT seq=83 len=512 [RETRANSMIT]
[68114.96ms] RETRANSMIT seq=84 len=512 [RETRANSMIT]
[68114.97ms] RETRANSMIT seq=85 len=512 [RETRANSMIT]
[68116.17ms] DUP_ACK ack_num=78 count=1
[68216.32ms] DUP_ACK ack_num=78 count=2
[68337.19ms] DUP_ACK ack_num=78 count=3
[68415.15ms] TIMEOUT sendBase=78 nextSeq=86
[68415.21ms] RETRANSMIT seq=78 len=512 [RETRANSMIT]
[68415.21ms] RETRANSMIT seq=79 len=512 [RETRANSMIT]
[68415.22ms] RETRANSMIT seq=80 len=512 [RETRANSMIT]
[68415.22ms] RETRANSMIT seq=81 len=512 [RETRANSMIT]
[68415.23ms] RETRANSMIT seq=82 len=512 [RETRANSMIT]
[68415.23ms] RETRANSMIT seq=83 len=512 [RETRANSMIT]
[68415.24ms] RETRANSMIT seq=84 len=512 [RETRANSMIT]
[68415.24ms] RETRANSMIT seq=85 len=512 [RETRANSMIT]
[68437.09ms] DUP_ACK ack_num=78 count=1
[68537.38ms] DUP_ACK ack_num=78 count=2
[68637.71ms] DUP_ACK ack_num=78 count=3
[68715.43ms] TIMEOUT sendBase=78 nextSeq=86
[68715.49ms] RETRANSMIT seq=78 len=512 [RETRANSMIT]
[68715.50ms] RETRANSMIT seq=79 len=512 [RETRANSMIT]
[68715.50ms] RETRANSMIT seq=80 len=512 [RETRANSMIT]
[68715.51ms] RETRANSMIT seq=81 len=512 [RETRANSMIT]
[68715.51ms] RETRANSMIT seq=82 len=512 [RETRANSMIT]
[68715.51ms] RETRANSMIT seq=83 len=512 [RETRANSMIT]
[68715.52ms] RETRANSMIT seq=84 len=512 [RETRANSMIT]
[68715.52ms] RETRANSMIT seq=85 len=512 [RETRANSMIT]
[68738.15ms] DUP_ACK ack_num=78 count=1
[68838.43ms] DUP_ACK ack_num=78 count=2
[68938.59ms] DUP_ACK ack_num=78 count=3
[69015.68ms] TIMEOUT sendBase=78 nextSeq=86
[69015.74ms] RETRANSMIT seq=78 len=512 [RETRANSMIT]
[69015.74ms] RETRANSMIT seq=79 len=512 [RETRANSMIT]
[69015.75ms] RETRANSMIT seq=80 len=512 [RETRANSMIT]
[69015.75ms] RETRANSMIT seq=81 len=512 [RETRANSMIT]
[69015.76ms] RETRANSMIT seq=82 len=512 [RETRANSMIT]
[69015.76ms] RETRANSMIT seq=83 len=512 [RETRANSMIT]
[69015.76ms] RETRANSMIT seq=84 len=512 [RETRANSMIT]
[69015.77ms] RETRANSMIT seq=85 len=512 [RETRANSMIT]
[69038.88ms] DUP_ACK ack_num=78 count=1
[69139.08ms] DUP_ACK ack_num=78 count=2
[69239.37ms] DUP_ACK ack_num=78 count=3
[69315.93ms] TIMEOUT sendBase=78 nextSeq=86
[69315.99ms] RETRANSMIT seq=78 len=512 [RETRANSMIT]
[69315.99ms] RETRANSMIT seq=79 len=512 [RETRANSMIT]
[69316.00ms] RETRANSMIT seq=80 len=512 [RETRANSMIT]
[69316.00ms] RETRANSMIT seq=81 len=512 [RETRANSMIT]
[69316.01ms] RETRANSMIT seq=82 len=512 [RETRANSMIT]
[69316.01ms] RETRANSMIT seq=83 len=512 [RETRANSMIT]
[69316.01ms] RETRANSMIT seq=84 len=512 [RETRANSMIT]
[69316.02ms] RETRANSMIT seq=85 len=512 [RETRANSMIT]
[69339.62ms] DUP_ACK ack_num=78 count=1
[69439.82ms] DUP_ACK ack_num=78 count=2
[69540.04ms] DUP_ACK ack_num=78 count=3
[69616.19ms] TIMEOUT sendBase=78 nextSeq=86
[69616.25ms] RETRANSMIT seq=78 len=512 [RETRANSMIT]
[69616.25ms] RETRANSMIT seq=79 len=512 [RETRANSMIT]
[69616.26ms] RETRANSMIT seq=80 len=512 [RETRANSMIT]
[69616.26ms] RETRANSMIT seq=81 len=512 [RETRANSMIT]
[69616.26ms] RETRANSMIT seq=82 len=512 [RETRANSMIT]
[69616.27ms] RETRANSMIT seq=83 len=512 [RETRANSMIT]
[69616.27ms] RETRANSMIT seq=84 len=512 [RETRANSMIT]
[69616.28ms] RETRANSMIT seq=85 len=512 [RETRANSMIT]
[69640.27ms] DUP_ACK ack_num=78 count=1
[69740.47ms] DUP_ACK ack_num=78 count=2
[69840.77ms] DUP_ACK ack_num=78 count=3
[69916.44ms] TIMEOUT sendBase=78 nextSeq=86
[69916.50ms] RETRANSMIT seq=78 len=512 [RETRANSMIT]
[69916.51ms] RETRANSMIT seq=79 len=512 [RETRANSMIT]
[69916.51ms] RETRANSMIT seq=80 len=512 [RETRANSMIT]
[69916.51ms] RETRANSMIT seq=81 len=512 [RETRANSMIT]
[69916.52ms] RETRANSMIT seq=82 len=512 [RETRANSMIT]
[69916.52ms] RETRANSMIT seq=83 len=512 [RETRANSMIT]
[69916.53ms] RETRANSMIT seq=84 len=512 [RETRANSMIT]
[69916.57ms] RETRANSMIT seq=85 len=512 [RETRANSMIT]
[69940.99ms] DUP_ACK ack_num=78 count=1
[70041.25ms] DUP_ACK ack_num=78 count=2
[70141.48ms] DUP_ACK ack_num=78 count=3
[70216.73ms] TIMEOUT sendBase=78 nextSeq=86
[70216.79ms] RETRANSMIT seq=78 len=512 [RETRANSMIT]
[70216.80ms] RETRANSMIT seq=79 len=512 [RETRANSMIT]
[70216.80ms] RETRANSMIT seq=80 len=512 [RETRANSMIT]
[70216.81ms] RETRANSMIT seq=81 len=512 [RETRANSMIT]
[70216.81ms] RETRANSMIT seq=82 len=512 [RETRANSMIT]
[70216.81ms] RETRANSMIT seq=83 len=512 [RETRANSMIT]
[70216.82ms] RETRANSMIT seq=84 len=512 [RETRANSMIT]
[70216.82ms] RETRANSMIT seq=85 len=512 [RETRANSMIT]
[70241.67ms] DUP_ACK ack_num=78 count=1
[70341.92ms] DUP_ACK ack_num=78 count=2
[70442.19ms] DUP_ACK ack_num=78 count=3
[70516.99ms] TIMEOUT sendBase=78 nextSeq=86
[70517.04ms] RETRANSMIT seq=78 len=512 [RETRANSMIT]
[70517.05ms] RETRANSMIT seq=79 len=512 [RETRANSMIT]
[70517.05ms] RETRANSMIT seq=80 len=512 [RETRANSMIT]
[70517.06ms] RETRANSMIT seq=81 len=512 [RETRANSMIT]
[70517.06ms] RETRANSMIT seq=82 len=512 [RETRANSMIT]
[70517.06ms] RETRANSMIT seq=83 len=512 [RETRANSMIT]
[70517.07ms] RETRANSMIT seq=84 len=512 [RETRANSMIT]
[70517.07ms] RETRANSMIT seq=85 len=512 [RETRANSMIT]
[70542.35ms] DUP_ACK ack_num=78 count=1
[70642.58ms] DUP_ACK ack_num=78 count=2
[70742.77ms] DUP_ACK ack_num=78 count=3
[70817.24ms] TIMEOUT sendBase=78 nextSeq=86
[70817.31ms] RETRANSMIT seq=78 len=512 [RETRANSMIT]
[70817.32ms] RETRANSMIT seq=79 len=512 [RETRANSMIT]
[70817.33ms] RETRANSMIT seq=80 len=512 [RETRANSMIT]
[70817.33ms] RETRANSMIT seq=81 len=512 [RETRANSMIT]
[70817.34ms] RETRANSMIT seq=82 len=512 [RETRANSMIT]
[70817.35ms] RETRANSMIT seq=83 len=512 [RETRANSMIT]
[70817.35ms] RETRANSMIT seq=84 len=512 [RETRANSMIT]
[70817.35ms] RETRANSMIT seq=85 len=512 [RETRANSMIT]
[70843.04ms] DUP_ACK ack_num=78 count=1
[70943.30ms] DUP_ACK ack_num=78 count=2
[71043.64ms] DUP_ACK ack_num=78 count=3
[71117.52ms] TIMEOUT sendBase=78 nextSeq=86
[71117.58ms] RETRANSMIT seq=78 len=512 [RETRANSMIT]
[71117.59ms] RETRANSMIT seq=79 len=512 [RETRANSMIT]
[71117.59ms] RETRANSMIT seq=80 len=512 [RETRANSMIT]
[71117.60ms] RETRANSMIT seq=81 len=512 [RETRANSMIT]
[71117.60ms] RETRANSMIT seq=82 len=512 [RETRANSMIT]
[71117.61ms] RETRANSMIT seq=83 len=512 [RETRANSMIT]
[71117.61ms] RETRANSMIT seq=84 len=512 [RETRANSMIT]
[71117.62ms] RETRANSMIT seq=85 len=512 [RETRANSMIT]
[71143.84ms] DUP_ACK ack_num=78 count=1
[71244.11ms] DUP_ACK ack_num=78 count=2
[71344.47ms] DUP_ACK ack_num=78 count=3
[71417.84ms] TIMEOUT sendBase=78 nextSeq=86
[71417.92ms] RETRANSMIT seq=78 len=512 [RETRANSMIT]
[71417.93ms] RETRANSMIT seq=79 len=512 [RETRANSMIT]
[71417.94ms] RETRANSMIT seq=80 len=512 [RETRANSMIT]
[71417.95ms] RETRANSMIT seq=81 len=512 [RETRANSMIT]
[71417.95ms] RETRANSMIT seq=82 len=512 [RETRANSMIT]
[71417.96ms] RETRANSMIT seq=83 len=512 [RETRANSMIT]
[71417.97ms] RETRANSMIT seq=84 len=512 [RETRANSMIT]
[71417.97ms] RETRANSMIT seq=85 len=512 [RETRANSMIT]
[71444.66ms] DUP_ACK ack_num=78 count=1
[71544.90ms] DUP_ACK ack_num=78 count=2
[71645.18ms] DUP_ACK ack_num=78 count=3
[71718.21ms] TIMEOUT sendBase=78 nextSeq=86
[71718.27ms] RETRANSMIT seq=78 len=512 [RETRANSMIT]
[71718.28ms] RETRANSMIT seq=79 len=512 [RETRANSMIT]
[71718.28ms] RETRANSMIT seq=80 len=512 [RETRANSMIT]
[71718.28ms] RETRANSMIT seq=81 len=512 [RETRANSMIT]
[71718.29ms] RETRANSMIT seq=82 len=512 [RETRANSMIT]
[71718.29ms] RETRANSMIT seq=83 len=512 [RETRANSMIT]
[71718.30ms] RETRANSMIT seq=84 len=512 [RETRANSMIT]
[71718.30ms] RETRANSMIT seq=85 len=512 [RETRANSMIT]
[71745.37ms] DUP_ACK ack_num=78 count=1
[71845.63ms] DUP_ACK ack_num=78 count=2
[71945.97ms] DUP_ACK ack_num=78 count=3
[72018.50ms] TIMEOUT sendBase=78 nextSeq=86
[72018.56ms] RETRANSMIT seq=78 len=512 [RETRANSMIT]
[72018.57ms] RETRANSMIT seq=79 len=512 [RETRANSMIT]
[72018.58ms] RETRANSMIT seq=80 len=512 [RETRANSMIT]
[72018.58ms] RETRANSMIT seq=81 len=512 [RETRANSMIT]
[72018.58ms] RETRANSMIT seq=82 len=512 [RETRANSMIT]
[72018.59ms] RETRANSMIT seq=83 len=512 [RETRANSMIT]
[72018.59ms] RETRANSMIT seq=84 len=512 [RETRANSMIT]
[72018.60ms] RETRANSMIT seq=85 len=512 [RETRANSMIT]
[72046.26ms] DUP_ACK ack_num=78 count=1
[72146.56ms] DUP_ACK ack_num=78 count=2
[72246.74ms] DUP_ACK ack_num=78 count=3
[72318.78ms] TIMEOUT sendBase=78 nextSeq=86
[72318.84ms] RETRANSMIT seq=78 len=512 [RETRANSMIT]
[72318.84ms] RETRANSMIT seq=79 len=512 [RETRANSMIT]
[72318.85ms] RETRANSMIT seq=80 len=512 [RETRANSMIT]
[72318.89ms] RETRANSMIT seq=81 len=512 [RETRANSMIT]
[72318.89ms] RETRANSMIT seq=82 len=512 [RETRANSMIT]
[72318.90ms] RETRANSMIT seq=83 len=512 [RETRANSMIT]
[72318.90ms] RETRANSMIT seq=84 len=512 [RETRANSMIT]
[72318.91ms] RETRANSMIT seq=85 len=512 [RETRANSMIT]
[72346.98ms] DUP_ACK ack_num=78 count=1
[72447.24ms] DUP_ACK ack_num=78 count=2
[72547.46ms] DUP_ACK ack_num=78 count=3
[72619.07ms] TIMEOUT sendBase=78 nextSeq=86
[72619.13ms] RETRANSMIT seq=78 len=512 [RETRANSMIT]
[72619.14ms] RETRANSMIT seq=79 len=512 [RETRANSMIT]
[72619.14ms] RETRANSMIT seq=80 len=512 [RETRANSMIT]
[72619.15ms] RETRANSMIT seq=81 len=512 [RETRANSMIT]
[72619.15ms] RETRANSMIT seq=82 len=512 [RETRANSMIT]
[72619.16ms] RETRANSMIT seq=83 len=512 [RETRANSMIT]
[72619.16ms] RETRANSMIT seq=84 len=512 [RETRANSMIT]
[72619.16ms] RETRANSMIT seq=85 len=512 [RETRANSMIT]
[72647.69ms] DUP_ACK ack_num=78 count=1
[72747.93ms] DUP_ACK ack_num=78 count=2
[72848.22ms] DUP_ACK ack_num=78 count=3
[72919.34ms] TIMEOUT sendBase=78 nextSeq=86
[72919.39ms] RETRANSMIT seq=78 len=512 [RETRANSMIT]
[72919.40ms] RETRANSMIT seq=79 len=512 [RETRANSMIT]
[72919.40ms] RETRANSMIT seq=80 len=512 [RETRANSMIT]
[72919.41ms] RETRANSMIT seq=81 len=512 [RETRANSMIT]
[72919.41ms] RETRANSMIT seq=82 len=512 [RETRANSMIT]
[72919.42ms] RETRANSMIT seq=83 len=512 [RETRANSMIT]
[72919.42ms] RETRANSMIT seq=84 len=512 [RETRANSMIT]
[72919.42ms] RETRANSMIT seq=85 len=512 [RETRANSMIT]
[72948.47ms] DUP_ACK ack_num=78 count=1
[73048.70ms] DUP_ACK ack_num=78 count=2
[73148.93ms] DUP_ACK ack_num=78 count=3
[73219.59ms] TIMEOUT sendBase=78 nextSeq=86
[73219.65ms] RETRANSMIT seq=78 len=512 [RETRANSMIT]
[73219.66ms] RETRANSMIT seq=79 len=512 [RETRANSMIT]
[73219.66ms] RETRANSMIT seq=80 len=512 [RETRANSMIT]
[73219.67ms] RETRANSMIT seq=81 len=512 [RETRANSMIT]
[73219.67ms] RETRANSMIT seq=82 len=512 [RETRANSMIT]
[73219.68ms] RETRANSMIT seq=83 len=512 [RETRANSMIT]
[73219.68ms] RETRANSMIT seq=84 len=512 [RETRANSMIT]
[73219.68ms] RETRANSMIT seq=85 len=512 [RETRANSMIT]
[73249.17ms] DUP_ACK ack_num=78 count=1
[73349.52ms] DUP_ACK ack_num=78 count=2
[73449.70ms] DUP_ACK ack_num=78 count=3
[73519.85ms] TIMEOUT sendBase=78 nextSeq=86
[73519.91ms] RETRANSMIT seq=78 len=512 [RETRANSMIT]
[73519.92ms] RETRANSMIT seq=79 len=512 [RETRANSMIT]
[73519.93ms] RETRANSMIT seq=80 len=512 [RETRANSMIT]
[73519.93ms] RETRANSMIT seq=81 len=512 [RETRANSMIT]
[73519.93ms] RETRANSMIT seq=82 len=512 [RETRANSMIT]
[73519.94ms] RETRANSMIT seq=83 len=512 [RETRANSMIT]
[73519.94ms] RETRANSMIT seq=84 len=512 [RETRANSMIT]
[73519.95ms] RETRANSMIT seq=85 len=512 [RETRANSMIT]
[73549.95ms] DUP_ACK ack_num=78 count=1
[73650.20ms] DUP_ACK ack_num=78 count=2
[73750.44ms] DUP_ACK ack_num=78 count=3
[73820.11ms] TIMEOUT sendBase=78 nextSeq=86
[73820.17ms] RETRANSMIT seq=78 len=512 [RETRANSMIT]
[73820.17ms] RETRANSMIT seq=79 len=512 [RETRANSMIT]
[73820.18ms] RETRANSMIT seq=80 len=512 [RETRANSMIT]
[73820.18ms] RETRANSMIT seq=81 len=512 [RETRANSMIT]
[73820.19ms] RETRANSMIT seq=82 len=512 [RETRANSMIT]
[73820.19ms] RETRANSMIT seq=83 len=512 [RETRANSMIT]
[73820.19ms] RETRANSMIT seq=84 len=512 [RETRANSMIT]
[73820.20ms] RETRANSMIT seq=85 len=512 [RETRANSMIT]
[73850.68ms] DUP_ACK ack_num=78 count=1
[73950.90ms] DUP_ACK ack_num=78 count=2
[74051.33ms] DUP_ACK ack_num=78 count=3
[74120.37ms] TIMEOUT sendBase=78 nextSeq=86
[74120.42ms] RETRANSMIT seq=78 len=512 [RETRANSMIT]
[74120.43ms] RETRANSMIT seq=79 len=512 [RETRANSMIT]
[74120.43ms] RETRANSMIT seq=80 len=512 [RETRANSMIT]
[74120.44ms] RETRANSMIT seq=81 len=512 [RETRANSMIT]
[74120.44ms] RETRANSMIT seq=82 len=512 [RETRANSMIT]
[74120.45ms] RETRANSMIT seq=83 len=512 [RETRANSMIT]
[74120.45ms] RETRANSMIT seq=84 len=512 [RETRANSMIT]
[74120.45ms] RETRANSMIT seq=85 len=512 [RETRANSMIT]
[74151.51ms] DUP_ACK ack_num=78 count=1
[74251.75ms] DUP_ACK ack_num=78 count=2
[74352.01ms] DUP_ACK ack_num=78 count=3
[74420.61ms] TIMEOUT sendBase=78 nextSeq=86
[74420.67ms] RETRANSMIT seq=78 len=512 [RETRANSMIT]
[74420.67ms] RETRANSMIT seq=79 len=512 [RETRANSMIT]
[74420.68ms] RETRANSMIT seq=80 len=512 [RETRANSMIT]
[74420.68ms] RETRANSMIT seq=81 len=512 [RETRANSMIT]
[74420.68ms] RETRANSMIT seq=82 len=512 [RETRANSMIT]
[74420.69ms] RETRANSMIT seq=83 len=512 [RETRANSMIT]
[74420.69ms] RETRANSMIT seq=84 len=512 [RETRANSMIT]
[74420.70ms] RETRANSMIT seq=85 len=512 [RETRANSMIT]
[74452.20ms] DUP_ACK ack_num=78 count=1
[74552.54ms] DUP_ACK ack_num=78 count=2
[74652.72ms] DUP_ACK ack_num=78 count=3
[74720.89ms] TIMEOUT sendBase=78 nextSeq=86
[74720.95ms] RETRANSMIT seq=78 len=512 [RETRANSMIT]
[74720.95ms] RETRANSMIT seq=79 len=512 [RETRANSMIT]
[74720.96ms] RETRANSMIT seq=80 len=512 [RETRANSMIT]
[74720.96ms] RETRANSMIT seq=81 len=512 [RETRANSMIT]
[74720.97ms] RETRANSMIT seq=82 len=512 [RETRANSMIT]
[74720.97ms] RETRANSMIT seq=83 len=512 [RETRANSMIT]
[74720.98ms] RETRANSMIT seq=84 len=512 [RETRANSMIT]
[74720.98ms] RETRANSMIT seq=85 len=512 [RETRANSMIT]
[74752.96ms] DUP_ACK ack_num=78 count=1
[74853.38ms] DUP_ACK ack_num=78 count=2
[74953.51ms] DUP_ACK ack_num=78 count=3
[75021.22ms] TIMEOUT sendBase=78 nextSeq=86
[75021.27ms] RETRANSMIT seq=78 len=512 [RETRANSMIT]
[75021.28ms] RETRANSMIT seq=79 len=512 [RETRANSMIT]
[75021.28ms] RETRANSMIT seq=80 len=512 [RETRANSMIT]
[75021.29ms] RETRANSMIT seq=81 len=512 [RETRANSMIT]
[75021.30ms] RETRANSMIT seq=82 len=512 [RETRANSMIT]
[75021.30ms] RETRANSMIT seq=83 len=512 [RETRANSMIT]
[75021.31ms] RETRANSMIT seq=84 len=512 [RETRANSMIT]
[75021.32ms] RETRANSMIT seq=85 len=512 [RETRANSMIT]
[75053.74ms] ACK ack_num=79 cwnd=1.000000 ssthresh=16.000000
[75053.78ms] SEND seq=86 len=512
[75153.94ms] DUP_ACK ack_num=79 count=1
[75254.22ms] DUP_ACK ack_num=79 count=2
[75353.95ms] TIMEOUT sendBase=79 nextSeq=87
[75354.01ms] RETRANSMIT seq=79 len=512 [RETRANSMIT]
[75354.02ms] RETRANSMIT seq=80 len=512 [RETRANSMIT]
[75354.02ms] RETRANSMIT seq=81 len=512 [RETRANSMIT]
[75354.03ms] RETRANSMIT seq=82 len=512 [RETRANSMIT]
[75354.03ms] RETRANSMIT seq=83 len=512 [RETRANSMIT]
[75354.04ms] RETRANSMIT seq=84 len=512 [RETRANSMIT]
[75354.04ms] RETRANSMIT seq=85 len=512 [RETRANSMIT]
[75354.05ms] RETRANSMIT seq=86 len=512 [RETRANSMIT]
[75354.48ms] DUP_ACK ack_num=79 count=1
[75454.79ms] DUP_ACK ack_num=79 count=2
[75554.97ms] DUP_ACK ack_num=79 count=3
[75654.31ms] TIMEOUT sendBase=79 nextSeq=87
[75654.38ms] RETRANSMIT seq=79 len=512 [RETRANSMIT]
[75654.39ms] RETRANSMIT seq=80 len=512 [RETRANSMIT]
[75654.39ms] RETRANSMIT seq=81 len=512 [RETRANSMIT]
[75654.40ms] RETRANSMIT seq=82 len=512 [RETRANSMIT]
[75654.40ms] RETRANSMIT seq=83 len=512 [RETRANSMIT]
[75654.41ms] RETRANSMIT seq=84 len=512 [RETRANSMIT]
[75654.41ms] RETRANSMIT seq=85 len=512 [RETRANSMIT]
[75654.42ms] RETRANSMIT seq=86 len=512 [RETRANSMIT]
[75655.28ms] DUP_ACK ack_num=79 count=1
[75755.54ms] DUP_ACK ack_num=79 count=2
[75855.76ms] DUP_ACK ack_num=79 count=3
[75954.66ms] TIMEOUT sendBase=79 nextSeq=87
[75954.72ms] RETRANSMIT seq=79 len=512 [RETRANSMIT]
[75954.73ms] RETRANSMIT seq=80 len=512 [RETRANSMIT]
[75954.73ms] RETRANSMIT seq=81 len=512 [RETRANSMIT]
[75954.74ms] RETRANSMIT seq=82 len=512 [RETRANSMIT]
[75954.75ms] RETRANSMIT seq=83 len=512 [RETRANSMIT]
[75954.75ms] RETRANSMIT seq=84 len=512 [RETRANSMIT]
[75954.76ms] RETRANSMIT seq=85 len=512 [RETRANSMIT]
[75954.76ms] RETRANSMIT seq=86 len=512 [RETRANSMIT]
[75955.95ms] DUP_ACK ack_num=79 count=1
[76056.25ms] DUP_ACK ack_num=79 count=2
[76156.47ms] DUP_ACK ack_num=79 count=3
[76254.94ms] TIMEOUT sendBase=79 nextSeq=87
[76254.99ms] RETRANSMIT seq=79 len=512 [RETRANSMIT]
[76255.00ms] RETRANSMIT seq=80 len=512 [RETRANSMIT]
[76255.00ms] RETRANSMIT seq=81 len=512 [RETRANSMIT]
[76255.01ms] RETRANSMIT seq=82 len=512 [RETRANSMIT]
[76255.01ms] RETRANSMIT seq=83 len=512 [RETRANSMIT]
[76255.02ms] RETRANSMIT seq=84 len=512 [RETRANSMIT]
[76255.02ms] RETRANSMIT seq=85 len=512 [RETRANSMIT]
[76255.02ms] RETRANSMIT seq=86 len=512 [RETRANSMIT]
[76256.65ms] DUP_ACK ack_num=79 count=1
[76356.94ms] DUP_ACK ack_num=79 count=2
[76457.33ms] DUP_ACK ack_num=79 count=3
[76555.27ms] TIMEOUT sendBase=79 nextSeq=87
[76555.36ms] RETRANSMIT seq=79 len=512 [RETRANSMIT]
[76555.37ms] RETRANSMIT seq=80 len=512 [RETRANSMIT]
[76555.38ms] RETRANSMIT seq=81 len=512 [RETRANSMIT]
[76555.38ms] RETRANSMIT seq=82 len=512 [RETRANSMIT]
[76555.44ms] RETRANSMIT seq=83 len=512 [RETRANSMIT]
[76555.44ms] RETRANSMIT seq=84 len=512 [RETRANSMIT]
[76555.45ms] RETRANSMIT seq=85 len=512 [RETRANSMIT]
[76555.46ms] RETRANSMIT seq=86 len=512 [RETRANSMIT]
[76557.56ms] DUP_ACK ack_num=79 count=1
[76657.82ms] DUP_ACK ack_num=79 count=2
[76758.16ms] DUP_ACK ack_num=79 count=3
[76855.74ms] TIMEOUT sendBase=79 nextSeq=87
[76855.81ms] RETRANSMIT seq=79 len=512 [RETRANSMIT]
[76855.81ms] RETRANSMIT seq=80 len=512 [RETRANSMIT]
[76855.82ms] RETRANSMIT seq=81 len=512 [RETRANSMIT]
[76855.82ms] RETRANSMIT seq=82 len=512 [RETRANSMIT]
[76855.83ms] RETRANSMIT seq=83 len=512 [RETRANSMIT]
[76855.83ms] RETRANSMIT seq=84 len=512 [RETRANSMIT]
[76855.83ms] RETRANSMIT seq=85 len=512 [RETRANSMIT]
[76855.84ms] RETRANSMIT seq=86 len=512 [RETRANSMIT]
[76858.46ms] DUP_ACK ack_num=79 count=1
[76958.68ms] DUP_ACK ack_num=79 count=2
[77058.89ms] DUP_ACK ack_num=79 count=3
[77156.08ms] TIMEOUT sendBase=79 nextSeq=87
[77156.15ms] RETRANSMIT seq=79 len=512 [RETRANSMIT]
[77156.16ms] RETRANSMIT seq=80 len=512 [RETRANSMIT]
[77156.16ms] RETRANSMIT seq=81 len=512 [RETRANSMIT]
[77156.17ms] RETRANSMIT seq=82 len=512 [RETRANSMIT]
[77156.17ms] RETRANSMIT seq=83 len=512 [RETRANSMIT]
[77156.17ms] RETRANSMIT seq=84 len=512 [RETRANSMIT]
[77156.18ms] RETRANSMIT seq=85 len=512 [RETRANSMIT]
[77156.18ms] RETRANSMIT seq=86 len=512 [RETRANSMIT]
[77159.41ms] DUP_ACK ack_num=79 count=1
[77259.70ms] DUP_ACK ack_num=79 count=2
[77360.00ms] DUP_ACK ack_num=79 count=3
[77456.37ms] TIMEOUT sendBase=79 nextSeq=87
[77456.44ms] RETRANSMIT seq=79 len=512 [RETRANSMIT]
[77456.44ms] RETRANSMIT seq=80 len=512 [RETRANSMIT]
[77456.45ms] RETRANSMIT seq=81 len=512 [RETRANSMIT]
[77456.45ms] RETRANSMIT seq=82 len=512 [RETRANSMIT]
[77456.45ms] RETRANSMIT seq=83 len=512 [RETRANSMIT]
[77456.46ms] RETRANSMIT seq=84 len=512 [RETRANSMIT]
[77456.46ms] RETRANSMIT seq=85 len=512 [RETRANSMIT]
[77456.47ms] RETRANSMIT seq=86 len=512 [RETRANSMIT]
[77460.24ms] DUP_ACK ack_num=79 count=1
[77560.44ms] DUP_ACK ack_num=79 count=2
[77660.80ms] DUP_ACK ack_num=79 count=3
[77756.66ms] TIMEOUT sendBase=79 nextSeq=87
[77756.73ms] RETRANSMIT seq=79 len=512 [RETRANSMIT]
[77756.73ms] RETRANSMIT seq=80 len=512 [RETRANSMIT]
[77756.74ms] RETRANSMIT seq=81 len=512 [RETRANSMIT]
[77756.74ms] RETRANSMIT seq=82 len=512 [RETRANSMIT]
[77756.75ms] RETRANSMIT seq=83 len=512 [RETRANSMIT]
[77756.75ms] RETRANSMIT seq=84 len=512 [RETRANSMIT]
[77756.76ms] RETRANSMIT seq=85 len=512 [RETRANSMIT]
[77756.76ms] RETRANSMIT seq=86 len=512 [RETRANSMIT]
[77761.03ms] DUP_ACK ack_num=79 count=1
[77861.38ms] ACK ack_num=80 cwnd=1.000000 ssthresh=16.000000
[77861.42ms] SEND seq=87 len=512
[77961.77ms] DUP_ACK ack_num=80 count=1
[78061.98ms] DUP_ACK ack_num=80 count=2
[78161.61ms] TIMEOUT sendBase=80 nextSeq=88
[78161.67ms] RETRANSMIT seq=80 len=512 [RETRANSMIT]
[78161.67ms] RETRANSMIT seq=81 len=512 [RETRANSMIT]
[78161.68ms] RETRANSMIT seq=82 len=512 [RETRANSMIT]
[78161.68ms] RETRANSMIT seq=83 len=512 [RETRANSMIT]
[78161.69ms] RETRANSMIT seq=84 len=512 [RETRANSMIT]
[78161.69ms] RETRANSMIT seq=85 len=512 [RETRANSMIT]
[78161.70ms] RETRANSMIT seq=86 len=512 [RETRANSMIT]
[78161.70ms] RETRANSMIT seq=87 len=512 [RETRANSMIT]
[78162.11ms] DUP_ACK ack_num=80 count=1
[78262.51ms] DUP_ACK ack_num=80 count=2
[78362.74ms] ACK ack_num=81 cwnd=1.000000 ssthresh=16.000000
[78362.78ms] SEND seq=88 len=512
[78462.99ms] ACK ack_num=82 cwnd=1.000000 ssthresh=16.000000
[78463.03ms] SEND seq=89 len=512
[78563.28ms] DUP_ACK ack_num=82 count=1
[78663.60ms] DUP_ACK ack_num=82 count=2
[78763.21ms] TIMEOUT sendBase=82 nextSeq=90
[78763.27ms] RETRANSMIT seq=82 len=512 [RETRANSMIT]
[78763.27ms] RETRANSMIT seq=83 len=512 [RETRANSMIT]
[78763.28ms] RETRANSMIT seq=84 len=512 [RETRANSMIT]
[78763.28ms] RETRANSMIT seq=85 len=512 [RETRANSMIT]
[78763.29ms] RETRANSMIT seq=86 len=512 [RETRANSMIT]
[78763.29ms] RETRANSMIT seq=87 len=512 [RETRANSMIT]
[78763.30ms] RETRANSMIT seq=88 len=512 [RETRANSMIT]
[78763.30ms] RETRANSMIT seq=89 len=512 [RETRANSMIT]
[78763.73ms] DUP_ACK ack_num=82 count=1
[78864.02ms] DUP_ACK ack_num=82 count=2
[78964.23ms] DUP_ACK ack_num=82 count=3
[79063.52ms] TIMEOUT sendBase=82 nextSeq=90
[79063.58ms] RETRANSMIT seq=82 len=512 [RETRANSMIT]
[79063.59ms] RETRANSMIT seq=83 len=512 [RETRANSMIT]
[79063.59ms] RETRANSMIT seq=84 len=512 [RETRANSMIT]
[79063.60ms] RETRANSMIT seq=85 len=512 [RETRANSMIT]
[79063.61ms] RETRANSMIT seq=86 len=512 [RETRANSMIT]
[79063.61ms] RETRANSMIT seq=87 len=512 [RETRANSMIT]
[79063.62ms] RETRANSMIT seq=88 len=512 [RETRANSMIT]
[79063.62ms] RETRANSMIT seq=89 len=512 [RETRANSMIT]
[79064.41ms] DUP_ACK ack_num=82 count=1
[79164.71ms] ACK ack_num=83 cwnd=1.000000 ssthresh=16.000000
[79164.74ms] SEND seq=90 len=512
[79264.99ms] ACK ack_num=84 cwnd=1.000000 ssthresh=16.000000
[79265.02ms] SEND seq=91 len=512
[79365.33ms] DUP_ACK ack_num=84 count=1
[79465.72ms] DUP_ACK ack_num=84 count=2
[79565.20ms] TIMEOUT sendBase=84 nextSeq=92
[79565.26ms] RETRANSMIT seq=84 len=512 [RETRANSMIT]
[79565.28ms] RETRANSMIT seq=85 len=512 [RETRANSMIT]
[79565.29ms] RETRANSMIT seq=86 len=512 [RETRANSMIT]
[79565.30ms] RETRANSMIT seq=87 len=512 [RETRANSMIT]
[79565.31ms] RETRANSMIT seq=88 len=512 [RETRANSMIT]
[79565.32ms] RETRANSMIT seq=89 len=512 [RETRANSMIT]
[79565.32ms] RETRANSMIT seq=90 len=512 [RETRANSMIT]
[79565.33ms] RETRANSMIT seq=91 len=512 [RETRANSMIT]
[79565.95ms] DUP_ACK ack_num=84 count=1
[79666.18ms] DUP_ACK ack_num=84 count=2
[79766.51ms] DUP_ACK ack_num=84 count=3
[79865.59ms] TIMEOUT sendBase=84 nextSeq=92
[79865.66ms] RETRANSMIT seq=84 len=512 [RETRANSMIT]
[79865.68ms] RETRANSMIT seq=85 len=512 [RETRANSMIT]
[79865.69ms] RETRANSMIT seq=86 len=512 [RETRANSMIT]
[79865.69ms] RETRANSMIT seq=87 len=512 [RETRANSMIT]
[79865.70ms] RETRANSMIT seq=88 len=512 [RETRANSMIT]
[79865.71ms] RETRANSMIT seq=89 len=512 [RETRANSMIT]
[79865.71ms] RETRANSMIT seq=90 len=512 [RETRANSMIT]
[79865.72ms] RETRANSMIT seq=91 len=512 [RETRANSMIT]
[79866.70ms] ACK ack_num=85 cwnd=1.000000 ssthresh=16.000000
[79866.73ms] SEND seq=92 len=512
[79966.91ms] ACK ack_num=86 cwnd=1.000000 ssthresh=16.000000
[79966.94ms] SEND seq=93 len=512
[80067.24ms] DUP_ACK ack_num=86 count=1
[80167.43ms] DUP_ACK ack_num=86 count=2
[80267.19ms] TIMEOUT sendBase=86 nextSeq=94
[80267.26ms] RETRANSMIT seq=86 len=512 [RETRANSMIT]
[80267.27ms] RETRANSMIT seq=87 len=512 [RETRANSMIT]
[80267.27ms] RETRANSMIT seq=88 len=512 [RETRANSMIT]
[80267.28ms] RETRANSMIT seq=89 len=512 [RETRANSMIT]
[80267.29ms] RETRANSMIT seq=90 len=512 [RETRANSMIT]
[80267.29ms] RETRANSMIT seq=91 len=512 [RETRANSMIT]
[80267.30ms] RETRANSMIT seq=92 len=512 [RETRANSMIT]
[80267.30ms] RETRANSMIT seq=93 len=512 [RETRANSMIT]
[80267.66ms] DUP_ACK ack_num=86 count=1
[80368.07ms] DUP_ACK ack_num=86 count=2
[80468.26ms] DUP_ACK ack_num=86 count=3
[80567.57ms] TIMEOUT sendBase=86 nextSeq=94
[80567.65ms] RETRANSMIT seq=86 len=512 [RETRANSMIT]
[80567.66ms] RETRANSMIT seq=87 len=512 [RETRANSMIT]
[80567.67ms] RETRANSMIT seq=88 len=512 [RETRANSMIT]
[80567.68ms] RETRANSMIT seq=89 len=512 [RETRANSMIT]
[80567.68ms] RETRANSMIT seq=90 len=512 [RETRANSMIT]
[80567.69ms] RETRANSMIT seq=91 len=512 [RETRANSMIT]
[80567.70ms] RETRANSMIT seq=92 len=512 [RETRANSMIT]
[80567.71ms] RETRANSMIT seq=93 len=512 [RETRANSMIT]
[80568.52ms] DUP_ACK ack_num=86 count=1
[80668.77ms] DUP_ACK ack_num=86 count=2
[80769.11ms] DUP_ACK ack_num=86 count=3
[80867.93ms] TIMEOUT sendBase=86 nextSeq=94
[80868.00ms] RETRANSMIT seq=86 len=512 [RETRANSMIT]
[80868.01ms] RETRANSMIT seq=87 len=512 [RETRANSMIT]
[80868.01ms] RETRANSMIT seq=88 len=512 [RETRANSMIT]
[80868.05ms] RETRANSMIT seq=89 len=512 [RETRANSMIT]
[80868.06ms] RETRANSMIT seq=90 len=512 [RETRANSMIT]
[80868.06ms] RETRANSMIT seq=91 len=512 [RETRANSMIT]
[80868.06ms] RETRANSMIT seq=92 len=512 [RETRANSMIT]
[80868.07ms] RETRANSMIT seq=93 len=512 [RETRANSMIT]
[80869.31ms] DUP_ACK ack_num=86 count=1
[80969.50ms] DUP_ACK ack_num=86 count=2
[81069.88ms] DUP_ACK ack_num=86 count=3
[81168.29ms] TIMEOUT sendBase=86 nextSeq=94
[81168.36ms] RETRANSMIT seq=86 len=512 [RETRANSMIT]
[81168.37ms] RETRANSMIT seq=87 len=512 [RETRANSMIT]
[81168.37ms] RETRANSMIT seq=88 len=512 [RETRANSMIT]
[81168.38ms] RETRANSMIT seq=89 len=512 [RETRANSMIT]
[81168.42ms] RETRANSMIT seq=90 len=512 [RETRANSMIT]
[81168.42ms] RETRANSMIT seq=91 len=512 [RETRANSMIT]
[81168.43ms] RETRANSMIT seq=92 len=512 [RETRANSMIT]
[81168.43ms] RETRANSMIT seq=93 len=512 [RETRANSMIT]
[81170.10ms] DUP_ACK ack_num=86 count=1
[81270.41ms] DUP_ACK ack_num=86 count=2
[81385.31ms] DUP_ACK ack_num=86 count=3
[81468.67ms] TIMEOUT sendBase=86 nextSeq=94
[81468.74ms] RETRANSMIT seq=86 len=512 [RETRANSMIT]
[81468.75ms] RETRANSMIT seq=87 len=512 [RETRANSMIT]
[81468.75ms] RETRANSMIT seq=88 len=512 [RETRANSMIT]
[81468.76ms] RETRANSMIT seq=89 len=512 [RETRANSMIT]
[81468.76ms] RETRANSMIT seq=90 len=512 [RETRANSMIT]
[81468.77ms] RETRANSMIT seq=91 len=512 [RETRANSMIT]
[81468.77ms] RETRANSMIT seq=92 len=512 [RETRANSMIT]
[81468.78ms] RETRANSMIT seq=93 len=512 [RETRANSMIT]
[81485.74ms] DUP_ACK ack_num=86 count=1
[81585.90ms] DUP_ACK ack_num=86 count=2
[81686.13ms] DUP_ACK ack_num=86 count=3
[81768.99ms] TIMEOUT sendBase=86 nextSeq=94
[81769.05ms] RETRANSMIT seq=86 len=512 [RETRANSMIT]
[81769.06ms] RETRANSMIT seq=87 len=512 [RETRANSMIT]
[81769.06ms] RETRANSMIT seq=88 len=512 [RETRANSMIT]
[81769.07ms] RETRANSMIT seq=89 len=512 [RETRANSMIT]
[81769.07ms] RETRANSMIT seq=90 len=512 [RETRANSMIT]
[81769.08ms] RETRANSMIT seq=91 len=512 [RETRANSMIT]
[81769.08ms] RETRANSMIT seq=92 len=512 [RETRANSMIT]
[81769.08ms] RETRANSMIT seq=93 len=512 [RETRANSMIT]
[81786.36ms] DUP_ACK ack_num=86 count=1
[81886.81ms] DUP_ACK ack_num=86 count=2
[81987.01ms] DUP_ACK ack_num=86 count=3
[82069.32ms] TIMEOUT sendBase=86 nextSeq=94
[82069.40ms] RETRANSMIT seq=86 len=512 [RETRANSMIT]
[82069.42ms] RETRANSMIT seq=87 len=512 [RETRANSMIT]
[82069.42ms] RETRANSMIT seq=88 len=512 [RETRANSMIT]
[82069.43ms] RETRANSMIT seq=89 len=512 [RETRANSMIT]
[82069.43ms] RETRANSMIT seq=90 len=512 [RETRANSMIT]
[82069.43ms] RETRANSMIT seq=91 len=512 [RETRANSMIT]
[82069.44ms] RETRANSMIT seq=92 len=512 [RETRANSMIT]
[82069.44ms] RETRANSMIT seq=93 len=512 [RETRANSMIT]
[82087.29ms] DUP_ACK ack_num=86 count=1
[82187.51ms] DUP_ACK ack_num=86 count=2
[82287.94ms] DUP_ACK ack_num=86 count=3
[82369.71ms] TIMEOUT sendBase=86 nextSeq=94
[82369.78ms] RETRANSMIT seq=86 len=512 [RETRANSMIT]
[82369.79ms] RETRANSMIT seq=87 len=512 [RETRANSMIT]
[82369.79ms] RETRANSMIT seq=88 len=512 [RETRANSMIT]
[82369.80ms] RETRANSMIT seq=89 len=512 [RETRANSMIT]
[82369.80ms] RETRANSMIT seq=90 len=512 [RETRANSMIT]
[82369.81ms] RETRANSMIT seq=91 len=512 [RETRANSMIT]
[82369.81ms] RETRANSMIT seq=92 len=512 [RETRANSMIT]
[82369.82ms] RETRANSMIT seq=93 len=512 [RETRANSMIT]
[82388.25ms] DUP_ACK ack_num=86 count=1
[82488.46ms] DUP_ACK ack_num=86 count=2
[82588.70ms] DUP_ACK ack_num=86 count=3
[82669.98ms] TIMEOUT sendBase=86 nextSeq=94
[82670.03ms] RETRANSMIT seq=86 len=512 [RETRANSMIT]
[82670.04ms] RETRANSMIT seq=87 len=512 [RETRANSMIT]
[82670.04ms] RETRANSMIT seq=88 len=512 [RETRANSMIT]
[82670.05ms] RETRANSMIT seq=89 len=512 [RETRANSMIT]
[82670.05ms] RETRANSMIT seq=90 len=512 [RETRANSMIT]
[82670.06ms] RETRANSMIT seq=91 len=512 [RETRANSMIT]
[82670.06ms] RETRANSMIT seq=92 len=512 [RETRANSMIT]
[82670.07ms] RETRANSMIT seq=93 len=512 [RETRANSMIT]
[82688.94ms] DUP_ACK ack_num=86 count=1
[82789.09ms] DUP_ACK ack_num=86 count=2
[82941.77ms] DUP_ACK ack_num=86 count=3
[82970.24ms] TIMEOUT sendBase=86 nextSeq=94
[82970.30ms] RETRANSMIT seq=86 len=512 [RETRANSMIT]
[82970.30ms] RETRANSMIT seq=87 len=512 [RETRANSMIT]
[82970.31ms] RETRANSMIT seq=88 len=512 [RETRANSMIT]
[82970.31ms] RETRANSMIT seq=89 len=512 [RETRANSMIT]
[82970.32ms] RETRANSMIT seq=90 len=512 [RETRANSMIT]
[82970.32ms] RETRANSMIT seq=91 len=512 [RETRANSMIT]
[82970.33ms] RETRANSMIT seq=92 len=512 [RETRANSMIT]
[82970.33ms] RETRANSMIT seq=93 len=512 [RETRANSMIT]
[83041.94ms] DUP_ACK ack_num=86 count=1
[83142.19ms] DUP_ACK ack_num=86 count=2
[83242.60ms] DUP_ACK ack_num=86 count=3
[83270.49ms] TIMEOUT sendBase=86 nextSeq=94
[83270.58ms] RETRANSMIT seq=86 len=512 [RETRANSMIT]
[83270.59ms] RETRANSMIT seq=87 len=512 [RETRANSMIT]
[83270.59ms] RETRANSMIT seq=88 len=512 [RETRANSMIT]
[83270.60ms] RETRANSMIT seq=89 len=512 [RETRANSMIT]
[83270.60ms] RETRANSMIT seq=90 len=512 [RETRANSMIT]
[83270.60ms] RETRANSMIT seq=91 len=512 [RETRANSMIT]
[83270.61ms] RETRANSMIT seq=92 len=512 [RETRANSMIT]
[83270.61ms] RETRANSMIT seq=93 len=512 [RETRANSMIT]
[83342.76ms] DUP_ACK ack_num=86 count=1
[83443.03ms] DUP_ACK ack_num=86 count=2
[83543.21ms] DUP_ACK ack_num=86 count=3
[83570.77ms] TIMEOUT sendBase=86 nextSeq=94
[83570.83ms] RETRANSMIT seq=86 len=512 [RETRANSMIT]
[83570.83ms] RETRANSMIT seq=87 len=512 [RETRANSMIT]
[83570.84ms] RETRANSMIT seq=88 len=512 [RETRANSMIT]
[83570.84ms] RETRANSMIT seq=89 len=512 [RETRANSMIT]
[83570.84ms] RETRANSMIT seq=90 len=512 [RETRANSMIT]
[83570.85ms] RETRANSMIT seq=91 len=512 [RETRANSMIT]
[83570.85ms] RETRANSMIT seq=92 len=512 [RETRANSMIT]
[83570.86ms] RETRANSMIT seq=93 len=512 [RETRANSMIT]
[83643.48ms] DUP_ACK ack_num=86 count=1
[83743.74ms] DUP_ACK ack_num=86 count=2
[83844.02ms] DUP_ACK ack_num=86 count=3
[83871.02ms] TIMEOUT sendBase=86 nextSeq=94
[83871.08ms] RETRANSMIT seq=86 len=512 [RETRANSMIT]
[83871.09ms] RETRANSMIT seq=87 len=512 [RETRANSMIT]
[83871.09ms] RETRANSMIT seq=88 len=512 [RETRANSMIT]
[83871.09ms] RETRANSMIT seq=89 len=512 [RETRANSMIT]
[83871.10ms] RETRANSMIT seq=90 len=512 [RETRANSMIT]
[83871.10ms] RETRANSMIT seq=91 len=512 [RETRANSMIT]
[83871.11ms] RETRANSMIT seq=92 len=512 [RETRANSMIT]
[83871.11ms] RETRANSMIT seq=93 len=512 [RETRANSMIT]
[83944.31ms] DUP_ACK ack_num=86 count=1
[84044.51ms] DUP_ACK ack_num=86 count=2
[84144.81ms] DUP_ACK ack_num=86 count=3
[84171.26ms] TIMEOUT sendBase=86 nextSeq=94
[84171.34ms] RETRANSMIT seq=86 len=512 [RETRANSMIT]
[84171.35ms] RETRANSMIT seq=87 len=512 [RETRANSMIT]
[84171.35ms] RETRANSMIT seq=88 len=512 [RETRANSMIT]
[84171.36ms] RETRANSMIT seq=89 len=512 [RETRANSMIT]
[84171.36ms] RETRANSMIT seq=90 len=512 [RETRANSMIT]
[84171.36ms] RETRANSMIT seq=91 len=512 [RETRANSMIT]
[84171.37ms] RETRANSMIT seq=92 len=512 [RETRANSMIT]
[84171.38ms] RETRANSMIT seq=93 len=512 [RETRANSMIT]
[84245.19ms] DUP_ACK ack_num=86 count=1
[84345.36ms] DUP_ACK ack_num=86 count=2
[84445.65ms] DUP_ACK ack_num=86 count=3
[84471.56ms] TIMEOUT sendBase=86 nextSeq=94
[84471.62ms] RETRANSMIT seq=86 len=512 [RETRANSMIT]
[84471.62ms] RETRANSMIT seq=87 len=512 [RETRANSMIT]
[84471.63ms] RETRANSMIT seq=88 len=512 [RETRANSMIT]
[84471.63ms] RETRANSMIT seq=89 len=512 [RETRANSMIT]
[84471.64ms] RETRANSMIT seq=90 len=512 [RETRANSMIT]
[84471.64ms] RETRANSMIT seq=91 len=512 [RETRANSMIT]
[84471.65ms] RETRANSMIT seq=92 len=512 [RETRANSMIT]
[84471.65ms] RETRANSMIT seq=93 len=512 [RETRANSMIT]
[84545.88ms] DUP_ACK ack_num=86 count=1
[84646.12ms] DUP_ACK ack_num=86 count=2
[84746.34ms] DUP_ACK ack_num=86 count=3
[84771.78ms] TIMEOUT sendBase=86 nextSeq=94
[84771.84ms] RETRANSMIT seq=86 len=512 [RETRANSMIT]
[84771.85ms] RETRANSMIT seq=87 len=512 [RETRANSMIT]
[84771.85ms] RETRANSMIT seq=88 len=512 [RETRANSMIT]
[84771.86ms] RETRANSMIT seq=89 len=512 [RETRANSMIT]
[84771.86ms] RETRANSMIT seq=90 len=512 [RETRANSMIT]
[84771.87ms] RETRANSMIT seq=91 len=512 [RETRANSMIT]
[84771.87ms] RETRANSMIT seq=92 len=512 [RETRANSMIT]
[84771.88ms] RETRANSMIT seq=93 len=512 [RETRANSMIT]
[84846.66ms] DUP_ACK ack_num=86 count=1
[84946.88ms] DUP_ACK ack_num=86 count=2
[85047.20ms] DUP_ACK ack_num=86 count=3
[85072.03ms] TIMEOUT sendBase=86 nextSeq=94
[85072.09ms] RETRANSMIT seq=86 len=512 [RETRANSMIT]
[85072.10ms] RETRANSMIT seq=87 len=512 [RETRANSMIT]
[85072.11ms] RETRANSMIT seq=88 len=512 [RETRANSMIT]
[85072.11ms] RETRANSMIT seq=89 len=512 [RETRANSMIT]
[85072.11ms] RETRANSMIT seq=90 len=512 [RETRANSMIT]
[85072.12ms] RETRANSMIT seq=91 len=512 [RETRANSMIT]
[85072.12ms] RETRANSMIT seq=92 len=512 [RETRANSMIT]
[85072.13ms] RETRANSMIT seq=93 len=512 [RETRANSMIT]
[85147.42ms] DUP_ACK ack_num=86 count=1
[85247.82ms] DUP_ACK ack_num=86 count=2
[85348.04ms] DUP_ACK ack_num=86 count=3
[85372.27ms] TIMEOUT sendBase=86 nextSeq=94
[85372.33ms] RETRANSMIT seq=86 len=512 [RETRANSMIT]
[85372.34ms] RETRANSMIT seq=87 len=512 [RETRANSMIT]
[85372.34ms] RETRANSMIT seq=88 len=512 [RETRANSMIT]
[85372.35ms] RETRANSMIT seq=89 len=512 [RETRANSMIT]
[85372.35ms] RETRANSMIT seq=90 len=512 [RETRANSMIT]
[85372.39ms] RETRANSMIT seq=91 len=512 [RETRANSMIT]
[85372.44ms] RETRANSMIT seq=92 len=512 [RETRANSMIT]
[85372.44ms] RETRANSMIT seq=93 len=512 [RETRANSMIT]
[85448.29ms] DUP_ACK ack_num=86 count=1
[85548.56ms] DUP_ACK ack_num=86 count=2
[85648.76ms] DUP_ACK ack_num=86 count=3
[85672.58ms] TIMEOUT sendBase=86 nextSeq=94
[85672.64ms] RETRANSMIT seq=86 len=512 [RETRANSMIT]
[85672.64ms] RETRANSMIT seq=87 len=512 [RETRANSMIT]
[85672.65ms] RETRANSMIT seq=88 len=512 [RETRANSMIT]
[85672.65ms] RETRANSMIT seq=89 len=512 [RETRANSMIT]
[85672.66ms] RETRANSMIT seq=90 len=512 [RETRANSMIT]
[85672.66ms] RETRANSMIT seq=91 len=512 [RETRANSMIT]
[85672.66ms] RETRANSMIT seq=92 len=512 [RETRANSMIT]
[85672.67ms] RETRANSMIT seq=93 len=512 [RETRANSMIT]
[85749.01ms] DUP_ACK ack_num=86 count=1
[85849.22ms] ACK ack_num=87 cwnd=1.000000 ssthresh=16.000000
[85849.25ms] SEND seq=94 len=512
[85949.61ms] DUP_ACK ack_num=87 count=1
[86049.86ms] DUP_ACK ack_num=87 count=2
[86149.44ms] TIMEOUT sendBase=87 nextSeq=95
[86149.51ms] RETRANSMIT seq=87 len=512 [RETRANSMIT]
[86149.52ms] RETRANSMIT seq=88 len=512 [RETRANSMIT]
[86149.53ms] RETRANSMIT seq=89 len=512 [RETRANSMIT]
[86149.53ms] RETRANSMIT seq=90 len=512 [RETRANSMIT]
[86149.53ms] RETRANSMIT seq=91 len=512 [RETRANSMIT]
[86149.54ms] RETRANSMIT seq=92 len=512 [RETRANSMIT]
[86149.54ms] RETRANSMIT seq=93 len=512 [RETRANSMIT]
[86149.55ms] RETRANSMIT seq=94 len=512 [RETRANSMIT]
[86150.11ms] DUP_ACK ack_num=87 count=1
[86250.51ms] DUP_ACK ack_num=87 count=2
[86350.72ms] DUP_ACK ack_num=87 count=3
[86449.75ms] TIMEOUT sendBase=87 nextSeq=95
[86449.82ms] RETRANSMIT seq=87 len=512 [RETRANSMIT]
[86449.83ms] RETRANSMIT seq=88 len=512 [RETRANSMIT]
[86449.83ms] RETRANSMIT seq=89 len=512 [RETRANSMIT]
[86449.83ms] RETRANSMIT seq=90 len=512 [RETRANSMIT]
[86449.84ms] RETRANSMIT seq=91 len=512 [RETRANSMIT]
[86449.84ms] RETRANSMIT seq=92 len=512 [RETRANSMIT]
[86449.85ms] RETRANSMIT seq=93 len=512 [RETRANSMIT]
[86449.85ms] RETRANSMIT seq=94 len=512 [RETRANSMIT]
[86450.86ms] DUP_ACK ack_num=87 count=1
[86551.13ms] DUP_ACK ack_num=87 count=2
[86651.42ms] DUP_ACK ack_num=87 count=3
[86750.04ms] TIMEOUT sendBase=87 nextSeq=95
[86750.10ms] RETRANSMIT seq=87 len=512 [RETRANSMIT]
[86750.10ms] RETRANSMIT seq=88 len=512 [RETRANSMIT]
[86750.11ms] RETRANSMIT seq=89 len=512 [RETRANSMIT]
[86750.11ms] RETRANSMIT seq=90 len=512 [RETRANSMIT]
[86750.12ms] RETRANSMIT seq=91 len=512 [RETRANSMIT]
[86750.12ms] RETRANSMIT seq=92 len=512 [RETRANSMIT]
[86750.12ms] RETRANSMIT seq=93 len=512 [RETRANSMIT]
[86750.13ms] RETRANSMIT seq=94 len=512 [RETRANSMIT]
[86751.60ms] DUP_ACK ack_num=87 count=1
[86851.90ms] DUP_ACK ack_num=87 count=2
[86952.13ms] DUP_ACK ack_num=87 count=3
[87050.36ms] TIMEOUT sendBase=87 nextSeq=95
[87050.42ms] RETRANSMIT seq=87 len=512 [RETRANSMIT]
[87050.43ms] RETRANSMIT seq=88 len=512 [RETRANSMIT]
[87050.44ms] RETRANSMIT seq=89 len=512 [RETRANSMIT]
[87050.44ms] RETRANSMIT seq=90 len=512 [RETRANSMIT]
[87050.44ms] RETRANSMIT seq=91 len=512 [RETRANSMIT]
[87050.45ms] RETRANSMIT seq=92 len=512 [RETRANSMIT]
[87050.45ms] RETRANSMIT seq=93 len=512 [RETRANSMIT]
[87050.46ms] RETRANSMIT seq=94 len=512 [RETRANSMIT]
[87052.39ms] DUP_ACK ack_num=87 count=1
[87152.69ms] DUP_ACK ack_num=87 count=2
[87252.90ms] DUP_ACK ack_num=87 count=3
[87350.65ms] TIMEOUT sendBase=87 nextSeq=95
[87350.70ms] RETRANSMIT seq=87 len=512 [RETRANSMIT]
[87350.70ms] RETRANSMIT seq=88 len=512 [RETRANSMIT]
[87350.71ms] RETRANSMIT seq=89 len=512 [RETRANSMIT]
[87350.71ms] RETRANSMIT seq=90 len=512 [RETRANSMIT]
[87350.72ms] RETRANSMIT seq=91 len=512 [RETRANSMIT]
[87350.72ms] RETRANSMIT seq=92 len=512 [RETRANSMIT]
[87350.73ms] RETRANSMIT seq=93 len=512 [RETRANSMIT]
[87350.73ms] RETRANSMIT seq=94 len=512 [RETRANSMIT]
[87353.10ms] DUP_ACK ack_num=87 count=1
[87453.43ms] DUP_ACK ack_num=87 count=2
[87553.70ms] DUP_ACK ack_num=87 count=3
[87650.93ms] TIMEOUT sendBase=87 nextSeq=95
[87650.99ms] RETRANSMIT seq=87 len=512 [RETRANSMIT]
[87650.99ms] RETRANSMIT seq=88 len=512 [RETRANSMIT]
[87651.00ms] RETRANSMIT seq=89 len=512 [RETRANSMIT]
[87651.00ms] RETRANSMIT seq=90 len=512 [RETRANSMIT]
[87651.00ms] RETRANSMIT seq=91 len=512 [RETRANSMIT]
[87651.01ms] RETRANSMIT seq=92 len=512 [RETRANSMIT]
[87651.01ms] RETRANSMIT seq=93 len=512 [RETRANSMIT]
[87651.02ms] RETRANSMIT seq=94 len=512 [RETRANSMIT]
[87653.91ms] DUP_ACK ack_num=87 count=1
[87754.21ms] DUP_ACK ack_num=87 count=2
[87854.50ms] DUP_ACK ack_num=87 count=3
[87951.28ms] TIMEOUT sendBase=87 nextSeq=95
[87951.35ms] RETRANSMIT seq=87 len=512 [RETRANSMIT]
[87951.36ms] RETRANSMIT seq=88 len=512 [RETRANSMIT]
[87951.36ms] RETRANSMIT seq=89 len=512 [RETRANSMIT]
[87951.36ms] RETRANSMIT seq=90 len=512 [RETRANSMIT]
[87951.37ms] RETRANSMIT seq=91 len=512 [RETRANSMIT]
[87951.37ms] RETRANSMIT seq=92 len=512 [RETRANSMIT]
[87951.38ms] RETRANSMIT seq=93 len=512 [RETRANSMIT]
[87951.38ms] RETRANSMIT seq=94 len=512 [RETRANSMIT]
[87954.68ms] DUP_ACK ack_num=87 count=1
[88055.00ms] DUP_ACK ack_num=87 count=2
[88155.26ms] DUP_ACK ack_num=87 count=3
[88251.59ms] TIMEOUT sendBase=87 nextSeq=95
[88251.66ms] RETRANSMIT seq=87 len=512 [RETRANSMIT]
[88251.67ms] RETRANSMIT seq=88 len=512 [RETRANSMIT]
[88251.67ms] RETRANSMIT seq=89 len=512 [RETRANSMIT]
[88251.68ms] RETRANSMIT seq=90 len=512 [RETRANSMIT]
[88251.68ms] RETRANSMIT seq=91 len=512 [RETRANSMIT]
[88251.69ms] RETRANSMIT seq=92 len=512 [RETRANSMIT]
[88251.69ms] RETRANSMIT seq=93 len=512 [RETRANSMIT]
[88251.70ms] RETRANSMIT seq=94 len=512 [RETRANSMIT]
[88255.49ms] DUP_ACK ack_num=87 count=1
[88355.76ms] DUP_ACK ack_num=87 count=2
[88455.96ms] DUP_ACK ack_num=87 count=3
[88551.92ms] TIMEOUT sendBase=87 nextSeq=95
[88551.99ms] RETRANSMIT seq=87 len=512 [RETRANSMIT]
[88552.00ms] RETRANSMIT seq=88 len=512 [RETRANSMIT]
[88552.00ms] RETRANSMIT seq=89 len=512 [RETRANSMIT]
[88552.01ms] RETRANSMIT seq=90 len=512 [RETRANSMIT]
[88552.01ms] RETRANSMIT seq=91 len=512 [RETRANSMIT]
[88552.01ms] RETRANSMIT seq=92 len=512 [RETRANSMIT]
[88552.02ms] RETRANSMIT seq=93 len=512 [RETRANSMIT]
[88552.02ms] RETRANSMIT seq=94 len=512 [RETRANSMIT]
[88556.20ms] ACK ack_num=88 cwnd=1.000000 ssthresh=16.000000
[88556.23ms] SEND seq=95 len=512
[88656.48ms] ACK ack_num=89 cwnd=1.000000 ssthresh=16.000000
[88656.51ms] SEND seq=96 len=512
[88756.73ms] ACK ack_num=90 cwnd=1.000000 ssthresh=16.000000
[88756.76ms] SEND seq=97 len=512
[88856.97ms] DUP_ACK ack_num=90 count=1
[88957.35ms] DUP_ACK ack_num=90 count=2
[89056.98ms] TIMEOUT sendBase=90 nextSeq=98
[89057.07ms] RETRANSMIT seq=90 len=512 [RETRANSMIT]
[89057.21ms] RETRANSMIT seq=91 len=512 [RETRANSMIT]
[89057.22ms] RETRANSMIT seq=92 len=512 [RETRANSMIT]
[89057.23ms] RETRANSMIT seq=93 len=512 [RETRANSMIT]
[89057.24ms] RETRANSMIT seq=94 len=512 [RETRANSMIT]
[89057.25ms] RETRANSMIT seq=95 len=512 [RETRANSMIT]
[89057.25ms] RETRANSMIT seq=96 len=512 [RETRANSMIT]
[89057.26ms] RETRANSMIT seq=97 len=512 [RETRANSMIT]
[89057.51ms] DUP_ACK ack_num=90 count=1
[89157.90ms] DUP_ACK ack_num=90 count=2
[89258.28ms] DUP_ACK ack_num=90 count=3
[89357.50ms] TIMEOUT sendBase=90 nextSeq=98
[89357.57ms] RETRANSMIT seq=90 len=512 [RETRANSMIT]
[89357.58ms] RETRANSMIT seq=91 len=512 [RETRANSMIT]
[89357.58ms] RETRANSMIT seq=92 len=512 [RETRANSMIT]
[89357.59ms] RETRANSMIT seq=93 len=512 [RETRANSMIT]
[89357.59ms] RETRANSMIT seq=94 len=512 [RETRANSMIT]
[89357.60ms] RETRANSMIT seq=95 len=512 [RETRANSMIT]
[89357.60ms] RETRANSMIT seq=96 len=512 [RETRANSMIT]
[89357.60ms] RETRANSMIT seq=97 len=512 [RETRANSMIT]
[89358.49ms] DUP_ACK ack_num=90 count=1
[89458.69ms] DUP_ACK ack_num=90 count=2
[89559.06ms] DUP_ACK ack_num=90 count=3
[89657.82ms] TIMEOUT sendBase=90 nextSeq=98
[89657.89ms] RETRANSMIT seq=90 len=512 [RETRANSMIT]
[89657.90ms] RETRANSMIT seq=91 len=512 [RETRANSMIT]
[89657.91ms] RETRANSMIT seq=92 len=512 [RETRANSMIT]
[89657.91ms] RETRANSMIT seq=93 len=512 [RETRANSMIT]
[89657.92ms] RETRANSMIT seq=94 len=512 [RETRANSMIT]
[89657.92ms] RETRANSMIT seq=95 len=512 [RETRANSMIT]
[89657.92ms] RETRANSMIT seq=96 len=512 [RETRANSMIT]
[89657.93ms] RETRANSMIT seq=97 len=512 [RETRANSMIT]
[89659.25ms] DUP_ACK ack_num=90 count=1
[89759.54ms] DUP_ACK ack_num=90 count=2
[89859.82ms] DUP_ACK ack_num=90 count=3
[89958.17ms] TIMEOUT sendBase=90 nextSeq=98
[89958.26ms] RETRANSMIT seq=90 len=512 [RETRANSMIT]
[89958.31ms] RETRANSMIT seq=91 len=512 [RETRANSMIT]
[89958.32ms] RETRANSMIT seq=92 len=512 [RETRANSMIT]
[89958.32ms] RETRANSMIT seq=93 len=512 [RETRANSMIT]
[89958.33ms] RETRANSMIT seq=94 len=512 [RETRANSMIT]
[89958.33ms] RETRANSMIT seq=95 len=512 [RETRANSMIT]
[89958.34ms] RETRANSMIT seq=96 len=512 [RETRANSMIT]
[89958.34ms] RETRANSMIT seq=97 len=512 [RETRANSMIT]
[89960.00ms] DUP_ACK ack_num=90 count=1
[90060.22ms] DUP_ACK ack_num=90 count=2
[90160.42ms] ACK ack_num=91 cwnd=1.000000 ssthresh=16.000000
[90160.46ms] SEND seq=98 len=512
[90260.87ms] ACK ack_num=92 cwnd=1.000000 ssthresh=16.000000
[90260.90ms] SEND seq=99 len=512
[90361.19ms] DUP_ACK ack_num=92 count=1
[90461.42ms] DUP_ACK ack_num=92 count=2
[90561.17ms] TIMEOUT sendBase=92 nextSeq=100
[90561.23ms] RETRANSMIT seq=92 len=512 [RETRANSMIT]
[90561.24ms] RETRANSMIT seq=93 len=512 [RETRANSMIT]
[90561.25ms] RETRANSMIT seq=94 len=512 [RETRANSMIT]
[90561.25ms] RETRANSMIT seq=95 len=512 [RETRANSMIT]
[90561.26ms] RETRANSMIT seq=96 len=512 [RETRANSMIT]
[90561.26ms] RETRANSMIT seq=97 len=512 [RETRANSMIT]
[90561.27ms] RETRANSMIT seq=98 len=512 [RETRANSMIT]
[90561.27ms] RETRANSMIT seq=99 len=512 [RETRANSMIT]
[90561.61ms] DUP_ACK ack_num=92 count=1
[90661.99ms] DUP_ACK ack_num=92 count=2
[90762.15ms] DUP_ACK ack_num=92 count=3
[90861.53ms] TIMEOUT sendBase=92 nextSeq=100
[90861.61ms] RETRANSMIT seq=92 len=512 [RETRANSMIT]
[90861.62ms] RETRANSMIT seq=93 len=512 [RETRANSMIT]
[90861.63ms] RETRANSMIT seq=94 len=512 [RETRANSMIT]
[90861.63ms] RETRANSMIT seq=95 len=512 [RETRANSMIT]
[90861.64ms] RETRANSMIT seq=96 len=512 [RETRANSMIT]
[90861.65ms] RETRANSMIT seq=97 len=512 [RETRANSMIT]
[90861.66ms] RETRANSMIT seq=98 len=512 [RETRANSMIT]
[90861.66ms] RETRANSMIT seq=99 len=512 [RETRANSMIT]
[90862.41ms] DUP_ACK ack_num=92 count=1
[90962.73ms] DUP_ACK ack_num=92 count=2
[91062.96ms] DUP_ACK ack_num=92 count=3
[91161.95ms] TIMEOUT sendBase=92 nextSeq=100
[91162.03ms] RETRANSMIT seq=92 len=512 [RETRANSMIT]
[91162.04ms] RETRANSMIT seq=93 len=512 [RETRANSMIT]
[91162.05ms] RETRANSMIT seq=94 len=512 [RETRANSMIT]
[91162.05ms] RETRANSMIT seq=95 len=512 [RETRANSMIT]
[91162.06ms] RETRANSMIT seq=96 len=512 [RETRANSMIT]
[91162.07ms] RETRANSMIT seq=97 len=512 [RETRANSMIT]
[91162.07ms] RETRANSMIT seq=98 len=512 [RETRANSMIT]
[91162.08ms] RETRANSMIT seq=99 len=512 [RETRANSMIT]
[91163.11ms] DUP_ACK ack_num=92 count=1
[91263.53ms] DUP_ACK ack_num=92 count=2
[91363.83ms] DUP_ACK ack_num=92 count=3
[91462.33ms] TIMEOUT sendBase=92 nextSeq=100
[91462.40ms] RETRANSMIT seq=92 len=512 [RETRANSMIT]
[91462.41ms] RETRANSMIT seq=93 len=512 [RETRANSMIT]
[91462.42ms] RETRANSMIT seq=94 len=512 [RETRANSMIT]
[91462.43ms] RETRANSMIT seq=95 len=512 [RETRANSMIT]
[91462.43ms] RETRANSMIT seq=96 len=512 [RETRANSMIT]
[91462.44ms] RETRANSMIT seq=97 len=512 [RETRANSMIT]
[91462.44ms] RETRANSMIT seq=98 len=512 [RETRANSMIT]
[91462.45ms] RETRANSMIT seq=99 len=512 [RETRANSMIT]
[91464.12ms] DUP_ACK ack_num=92 count=1
[91564.46ms] DUP_ACK ack_num=92 count=2
[91664.74ms] ACK ack_num=93 cwnd=1.000000 ssthresh=16.000000
[91664.77ms] SEND seq=100 len=512
[91765.09ms] ACK ack_num=94 cwnd=1.000000 ssthresh=16.000000
[91765.22ms] SEND seq=101 len=512
[91865.37ms] DUP_ACK ack_num=94 count=1
[91965.78ms] DUP_ACK ack_num=94 count=2
[92065.41ms] TIMEOUT sendBase=94 nextSeq=102
[92065.49ms] RETRANSMIT seq=94 len=512 [RETRANSMIT]
[92065.50ms] RETRANSMIT seq=95 len=512 [RETRANSMIT]
[92065.51ms] RETRANSMIT seq=96 len=512 [RETRANSMIT]
[92065.51ms] RETRANSMIT seq=97 len=512 [RETRANSMIT]
[92065.52ms] RETRANSMIT seq=98 len=512 [RETRANSMIT]
[92065.52ms] RETRANSMIT seq=99 len=512 [RETRANSMIT]
[92065.53ms] RETRANSMIT seq=100 len=512 [RETRANSMIT]
[92065.54ms] RETRANSMIT seq=101 len=512 [RETRANSMIT]
[92066.03ms] DUP_ACK ack_num=94 count=1
[92166.28ms] DUP_ACK ack_num=94 count=2
[92266.52ms] DUP_ACK ack_num=94 count=3
[92365.72ms] TIMEOUT sendBase=94 nextSeq=102
[92365.79ms] RETRANSMIT seq=94 len=512 [RETRANSMIT]
[92365.79ms] RETRANSMIT seq=95 len=512 [RETRANSMIT]
[92365.81ms] RETRANSMIT seq=96 len=512 [RETRANSMIT]
[92365.81ms] RETRANSMIT seq=97 len=512 [RETRANSMIT]
[92365.82ms] RETRANSMIT seq=98 len=512 [RETRANSMIT]
[92365.86ms] RETRANSMIT seq=99 len=512 [RETRANSMIT]
[92365.87ms] RETRANSMIT seq=100 len=512 [RETRANSMIT]
[92365.88ms] RETRANSMIT seq=101 len=512 [RETRANSMIT]
[92366.72ms] DUP_ACK ack_num=94 count=1
[92467.03ms] DUP_ACK ack_num=94 count=2
[92569.19ms] DUP_ACK ack_num=94 count=3
[92666.09ms] TIMEOUT sendBase=94 nextSeq=102
[92666.15ms] RETRANSMIT seq=94 len=512 [RETRANSMIT]
[92666.16ms] RETRANSMIT seq=95 len=512 [RETRANSMIT]
[92666.17ms] RETRANSMIT seq=96 len=512 [RETRANSMIT]
[92666.18ms] RETRANSMIT seq=97 len=512 [RETRANSMIT]
[92666.18ms] RETRANSMIT seq=98 len=512 [RETRANSMIT]
[92666.19ms] RETRANSMIT seq=99 len=512 [RETRANSMIT]
[92666.20ms] RETRANSMIT seq=100 len=512 [RETRANSMIT]
[92666.20ms] RETRANSMIT seq=101 len=512 [RETRANSMIT]
[92669.47ms] DUP_ACK ack_num=94 count=1
[92769.79ms] DUP_ACK ack_num=94 count=2
[92870.04ms] DUP_ACK ack_num=94 count=3
[92966.41ms] TIMEOUT sendBase=94 nextSeq=102
[92966.48ms] RETRANSMIT seq=94 len=512 [RETRANSMIT]
[92966.48ms] RETRANSMIT seq=95 len=512 [RETRANSMIT]
[92966.50ms] RETRANSMIT seq=96 len=512 [RETRANSMIT]
[92966.50ms] RETRANSMIT seq=97 len=512 [RETRANSMIT]
[92966.51ms] RETRANSMIT seq=98 len=512 [RETRANSMIT]
[92966.51ms] RETRANSMIT seq=99 len=512 [RETRANSMIT]
[92966.52ms] RETRANSMIT seq=100 len=512 [RETRANSMIT]
[92966.52ms] RETRANSMIT seq=101 len=512 [RETRANSMIT]
[92970.32ms] DUP_ACK ack_num=94 count=1
[93070.67ms] DUP_ACK ack_num=94 count=2
[93171.04ms] DUP_ACK ack_num=94 count=3
[93266.73ms] TIMEOUT sendBase=94 nextSeq=102
[93266.82ms] RETRANSMIT seq=94 len=512 [RETRANSMIT]
[93266.83ms] RETRANSMIT seq=95 len=512 [RETRANSMIT]
[93266.83ms] RETRANSMIT seq=96 len=512 [RETRANSMIT]
[93266.84ms] RETRANSMIT seq=97 len=512 [RETRANSMIT]
[93266.84ms] RETRANSMIT seq=98 len=512 [RETRANSMIT]
[93266.85ms] RETRANSMIT seq=99 len=512 [RETRANSMIT]
[93266.85ms] RETRANSMIT seq=100 len=512 [RETRANSMIT]
[93266.85ms] RETRANSMIT seq=101 len=512 [RETRANSMIT]
[93271.28ms] DUP_ACK ack_num=94 count=1
[93371.58ms] DUP_ACK ack_num=94 count=2
[93471.91ms] DUP_ACK ack_num=94 count=3
[93567.07ms] TIMEOUT sendBase=94 nextSeq=102
[93567.13ms] RETRANSMIT seq=94 len=512 [RETRANSMIT]
[93567.14ms] RETRANSMIT seq=95 len=512 [RETRANSMIT]
[93567.14ms] RETRANSMIT seq=96 len=512 [RETRANSMIT]
[93567.14ms] RETRANSMIT seq=97 len=512 [RETRANSMIT]
[93567.15ms] RETRANSMIT seq=98 len=512 [RETRANSMIT]
[93567.15ms] RETRANSMIT seq=99 len=512 [RETRANSMIT]
[93567.16ms] RETRANSMIT seq=100 len=512 [RETRANSMIT]
[93567.16ms] RETRANSMIT seq=101 len=512 [RETRANSMIT]
[93572.13ms] DUP_ACK ack_num=94 count=1
[93672.38ms] DUP_ACK ack_num=94 count=2
[93772.63ms] DUP_ACK ack_num=94 count=3
[93867.38ms] TIMEOUT sendBase=94 nextSeq=102
[93867.45ms] RETRANSMIT seq=94 len=512 [RETRANSMIT]
[93867.45ms] RETRANSMIT seq=95 len=512 [RETRANSMIT]
[93867.46ms] RETRANSMIT seq=96 len=512 [RETRANSMIT]
[93867.46ms] RETRANSMIT seq=97 len=512 [RETRANSMIT]
[93867.46ms] RETRANSMIT seq=98 len=512 [RETRANSMIT]
[93867.47ms] RETRANSMIT seq=99 len=512 [RETRANSMIT]
[93867.47ms] RETRANSMIT seq=100 len=512 [RETRANSMIT]
[93867.48ms] RETRANSMIT seq=101 len=512 [RETRANSMIT]
[93872.87ms] DUP_ACK ack_num=94 count=1
[93973.10ms] DUP_ACK ack_num=94 count=2
[94073.34ms] DUP_ACK ack_num=94 count=3
[94167.74ms] TIMEOUT sendBase=94 nextSeq=102
[94167.80ms] RETRANSMIT seq=94 len=512 [RETRANSMIT]
[94167.81ms] RETRANSMIT seq=95 len=512 [RETRANSMIT]
[94167.82ms] RETRANSMIT seq=96 len=512 [RETRANSMIT]
[94167.82ms] RETRANSMIT seq=97 len=512 [RETRANSMIT]
[94167.82ms] RETRANSMIT seq=98 len=512 [RETRANSMIT]
[94167.83ms] RETRANSMIT seq=99 len=512 [RETRANSMIT]
[94167.83ms] RETRANSMIT seq=100 len=512 [RETRANSMIT]
[94167.84ms] RETRANSMIT seq=101 len=512 [RETRANSMIT]
[94173.64ms] DUP_ACK ack_num=94 count=1
[94273.90ms] DUP_ACK ack_num=94 count=2
[94374.21ms] DUP_ACK ack_num=94 count=3
[94468.05ms] TIMEOUT sendBase=94 nextSeq=102
[94468.12ms] RETRANSMIT seq=94 len=512 [RETRANSMIT]
[94468.12ms] RETRANSMIT seq=95 len=512 [RETRANSMIT]
[94468.13ms] RETRANSMIT seq=96 len=512 [RETRANSMIT]
[94468.13ms] RETRANSMIT seq=97 len=512 [RETRANSMIT]
[94468.14ms] RETRANSMIT seq=98 len=512 [RETRANSMIT]
[94468.18ms] RETRANSMIT seq=99 len=512 [RETRANSMIT]
[94468.18ms] RETRANSMIT seq=100 len=512 [RETRANSMIT]
[94468.19ms] RETRANSMIT seq=101 len=512 [RETRANSMIT]
[94474.48ms] DUP_ACK ack_num=94 count=1
[94574.73ms] DUP_ACK ack_num=94 count=2
[94674.87ms] DUP_ACK ack_num=94 count=3
[94768.38ms] TIMEOUT sendBase=94 nextSeq=102
[94768.43ms] RETRANSMIT seq=94 len=512 [RETRANSMIT]
[94768.44ms] RETRANSMIT seq=95 len=512 [RETRANSMIT]
[94768.44ms] RETRANSMIT seq=96 len=512 [RETRANSMIT]
[94768.45ms] RETRANSMIT seq=97 len=512 [RETRANSMIT]
[94768.46ms] RETRANSMIT seq=98 len=512 [RETRANSMIT]
[94768.46ms] RETRANSMIT seq=99 len=512 [RETRANSMIT]
[94768.46ms] RETRANSMIT seq=100 len=512 [RETRANSMIT]
[94768.47ms] RETRANSMIT seq=101 len=512 [RETRANSMIT]
[94775.09ms] DUP_ACK ack_num=94 count=1
[94875.31ms] DUP_ACK ack_num=94 count=2
[95012.45ms] DUP_ACK ack_num=94 count=3
[95068.64ms] TIMEOUT sendBase=94 nextSeq=102
[95068.70ms] RETRANSMIT seq=94 len=512 [RETRANSMIT]
[95068.71ms] RETRANSMIT seq=95 len=512 [RETRANSMIT]
[95068.72ms] RETRANSMIT seq=96 len=512 [RETRANSMIT]
[95068.72ms] RETRANSMIT seq=97 len=512 [RETRANSMIT]
[95068.73ms] RETRANSMIT seq=98 len=512 [RETRANSMIT]
[95068.73ms] RETRANSMIT seq=99 len=512 [RETRANSMIT]
[95068.74ms] RETRANSMIT seq=100 len=512 [RETRANSMIT]
[95068.74ms] RETRANSMIT seq=101 len=512 [RETRANSMIT]
[95075.86ms] DUP_ACK ack_num=94 count=1
[95176.15ms] DUP_ACK ack_num=94 count=2
[95276.40ms] DUP_ACK ack_num=94 count=3
[95368.96ms] TIMEOUT sendBase=94 nextSeq=102
[95369.03ms] RETRANSMIT seq=94 len=512 [RETRANSMIT]
[95369.03ms] RETRANSMIT seq=95 len=512 [RETRANSMIT]
[95369.04ms] RETRANSMIT seq=96 len=512 [RETRANSMIT]
[95369.04ms] RETRANSMIT seq=97 len=512 [RETRANSMIT]
[95369.05ms] RETRANSMIT seq=98 len=512 [RETRANSMIT]
[95369.05ms] RETRANSMIT seq=99 len=512 [RETRANSMIT]
[95369.06ms] RETRANSMIT seq=100 len=512 [RETRANSMIT]
[95369.06ms] RETRANSMIT seq=101 len=512 [RETRANSMIT]
[95376.57ms] DUP_ACK ack_num=94 count=1
[95476.87ms] DUP_ACK ack_num=94 count=2
[95577.16ms] DUP_ACK ack_num=94 count=3
[95669.25ms] TIMEOUT sendBase=94 nextSeq=102
[95669.31ms] RETRANSMIT seq=94 len=512 [RETRANSMIT]
[95669.32ms] RETRANSMIT seq=95 len=512 [RETRANSMIT]
[95669.33ms] RETRANSMIT seq=96 len=512 [RETRANSMIT]
[95669.33ms] RETRANSMIT seq=97 len=512 [RETRANSMIT]
[95669.34ms] RETRANSMIT seq=98 len=512 [RETRANSMIT]
[95669.34ms] RETRANSMIT seq=99 len=512 [RETRANSMIT]
[95669.35ms] RETRANSMIT seq=100 len=512 [RETRANSMIT]
[95669.35ms] RETRANSMIT seq=101 len=512 [RETRANSMIT]
[95677.39ms] DUP_ACK ack_num=94 count=1
[95777.68ms] DUP_ACK ack_num=94 count=2
[95877.99ms] DUP_ACK ack_num=94 count=3
[95969.60ms] TIMEOUT sendBase=94 nextSeq=102
[95969.66ms] RETRANSMIT seq=94 len=512 [RETRANSMIT]
[95969.67ms] RETRANSMIT seq=95 len=512 [RETRANSMIT]
[95969.68ms] RETRANSMIT seq=96 len=512 [RETRANSMIT]
[95969.68ms] RETRANSMIT seq=97 len=512 [RETRANSMIT]
[95969.69ms] RETRANSMIT seq=98 len=512 [RETRANSMIT]
[95969.70ms] RETRANSMIT seq=99 len=512 [RETRANSMIT]
[95969.70ms] RETRANSMIT seq=100 len=512 [RETRANSMIT]
[95969.71ms] RETRANSMIT seq=101 len=512 [RETRANSMIT]
[95978.22ms] DUP_ACK ack_num=94 count=1
[96078.46ms] DUP_ACK ack_num=94 count=2
[96178.69ms] DUP_ACK ack_num=94 count=3
[96269.92ms] TIMEOUT sendBase=94 nextSeq=102
[96269.98ms] RETRANSMIT seq=94 len=512 [RETRANSMIT]
[96269.99ms] RETRANSMIT seq=95 len=512 [RETRANSMIT]
[96269.99ms] RETRANSMIT seq=96 len=512 [RETRANSMIT]
[96270.00ms] RETRANSMIT seq=97 len=512 [RETRANSMIT]
[96270.00ms] RETRANSMIT seq=98 len=512 [RETRANSMIT]
[96270.01ms] RETRANSMIT seq=99 len=512 [RETRANSMIT]
[96270.01ms] RETRANSMIT seq=100 len=512 [RETRANSMIT]
[96270.01ms] RETRANSMIT seq=101 len=512 [RETRANSMIT]
[96278.90ms] DUP_ACK ack_num=94 count=1
[96379.28ms] DUP_ACK ack_num=94 count=2
[96479.49ms] DUP_ACK ack_num=94 count=3
[96570.27ms] TIMEOUT sendBase=94 nextSeq=102
[96570.34ms] RETRANSMIT seq=94 len=512 [RETRANSMIT]
[96570.35ms] RETRANSMIT seq=95 len=512 [RETRANSMIT]
[96570.35ms] RETRANSMIT seq=96 len=512 [RETRANSMIT]
[96570.35ms] RETRANSMIT seq=97 len=512 [RETRANSMIT]
[96570.36ms] RETRANSMIT seq=98 len=512 [RETRANSMIT]
[96570.36ms] RETRANSMIT seq=99 len=512 [RETRANSMIT]
[96570.37ms] RETRANSMIT seq=100 len=512 [RETRANSMIT]
[96570.37ms] RETRANSMIT seq=101 len=512 [RETRANSMIT]
[96579.75ms] DUP_ACK ack_num=94 count=1
[96680.05ms] DUP_ACK ack_num=94 count=2
[96780.28ms] DUP_ACK ack_num=94 count=3
[96870.58ms] TIMEOUT sendBase=94 nextSeq=102
[96870.64ms] RETRANSMIT seq=94 len=512 [RETRANSMIT]
[96870.65ms] RETRANSMIT seq=95 len=512 [RETRANSMIT]
[96870.65ms] RETRANSMIT seq=96 len=512 [RETRANSMIT]
[96870.66ms] RETRANSMIT seq=97 len=512 [RETRANSMIT]
[96870.66ms] RETRANSMIT seq=98 len=512 [RETRANSMIT]
[96870.67ms] RETRANSMIT seq=99 len=512 [RETRANSMIT]
[96870.67ms] RETRANSMIT seq=100 len=512 [RETRANSMIT]
[96870.67ms] RETRANSMIT seq=101 len=512 [RETRANSMIT]
[96880.50ms] DUP_ACK ack_num=94 count=1
[96980.79ms] DUP_ACK ack_num=94 count=2
[97081.16ms] DUP_ACK ack_num=94 count=3
[97170.92ms] TIMEOUT sendBase=94 nextSeq=102
[97170.98ms] RETRANSMIT seq=94 len=512 [RETRANSMIT]
[97170.99ms] RETRANSMIT seq=95 len=512 [RETRANSMIT]
[97170.99ms] RETRANSMIT seq=96 len=512 [RETRANSMIT]
[97171.00ms] RETRANSMIT seq=97 len=512 [RETRANSMIT]
[97171.00ms] RETRANSMIT seq=98 len=512 [RETRANSMIT]
[97171.00ms] RETRANSMIT seq=99 len=512 [RETRANSMIT]
[97171.01ms] RETRANSMIT seq=100 len=512 [RETRANSMIT]
[97171.01ms] RETRANSMIT seq=101 len=512 [RETRANSMIT]
[97181.39ms] DUP_ACK ack_num=94 count=1
[97281.91ms] DUP_ACK ack_num=94 count=2
[97382.11ms] DUP_ACK ack_num=94 count=3
[97471.21ms] TIMEOUT sendBase=94 nextSeq=102
[97471.27ms] RETRANSMIT seq=94 len=512 [RETRANSMIT]
[97471.28ms] RETRANSMIT seq=95 len=512 [RETRANSMIT]
[97471.28ms] RETRANSMIT seq=96 len=512 [RETRANSMIT]
[97471.29ms] RETRANSMIT seq=97 len=512 [RETRANSMIT]
[97471.29ms] RETRANSMIT seq=98 len=512 [RETRANSMIT]
[97471.30ms] RETRANSMIT seq=99 len=512 [RETRANSMIT]
[97471.30ms] RETRANSMIT seq=100 len=512 [RETRANSMIT]
[97471.31ms] RETRANSMIT seq=101 len=512 [RETRANSMIT]
[97482.46ms] DUP_ACK ack_num=94 count=1
[97582.65ms] DUP_ACK ack_num=94 count=2
[97682.89ms] DUP_ACK ack_num=94 count=3
[97771.51ms] TIMEOUT sendBase=94 nextSeq=102
[97771.58ms] RETRANSMIT seq=94 len=512 [RETRANSMIT]
[97771.59ms] RETRANSMIT seq=95 len=512 [RETRANSMIT]
[97771.59ms] RETRANSMIT seq=96 len=512 [RETRANSMIT]
[97771.59ms] RETRANSMIT seq=97 len=512 [RETRANSMIT]
[97771.60ms] RETRANSMIT seq=98 len=512 [RETRANSMIT]
[97771.60ms] RETRANSMIT seq=99 len=512 [RETRANSMIT]
[97771.61ms] RETRANSMIT seq=100 len=512 [RETRANSMIT]
[97771.61ms] RETRANSMIT seq=101 len=512 [RETRANSMIT]
[97783.19ms] DUP_ACK ack_num=94 count=1
[97883.50ms] DUP_ACK ack_num=94 count=2
[97983.75ms] DUP_ACK ack_num=94 count=3
[98071.83ms] TIMEOUT sendBase=94 nextSeq=102
[98071.91ms] RETRANSMIT seq=94 len=512 [RETRANSMIT]
[98071.91ms] RETRANSMIT seq=95 len=512 [RETRANSMIT]
[98071.92ms] RETRANSMIT seq=96 len=512 [RETRANSMIT]
[98071.92ms] RETRANSMIT seq=97 len=512 [RETRANSMIT]
[98071.93ms] RETRANSMIT seq=98 len=512 [RETRANSMIT]
[98071.93ms] RETRANSMIT seq=99 len=512 [RETRANSMIT]
[98071.94ms] RETRANSMIT seq=100 len=512 [RETRANSMIT]
[98071.94ms] RETRANSMIT seq=101 len=512 [RETRANSMIT]
[98083.96ms] ACK ack_num=95 cwnd=1.000000 ssthresh=16.000000
[98083.99ms] SEND seq=102 len=512
[98212.24ms] DUP_ACK ack_num=95 count=1
[98312.59ms] DUP_ACK ack_num=95 count=2
[98384.14ms] TIMEOUT sendBase=95 nextSeq=103
[98384.21ms] RETRANSMIT seq=95 len=512 [RETRANSMIT]
[98384.22ms] RETRANSMIT seq=96 len=512 [RETRANSMIT]
[98384.22ms] RETRANSMIT seq=97 len=512 [RETRANSMIT]
[98384.23ms] RETRANSMIT seq=98 len=512 [RETRANSMIT]
[98384.23ms] RETRANSMIT seq=99 len=512 [RETRANSMIT]
[98384.24ms] RETRANSMIT seq=100 len=512 [RETRANSMIT]
[98384.24ms] RETRANSMIT seq=101 len=512 [RETRANSMIT]
[98384.25ms] RETRANSMIT seq=102 len=512 [RETRANSMIT]
[98412.70ms] DUP_ACK ack_num=95 count=1
[98512.88ms] DUP_ACK ack_num=95 count=2
[98613.20ms] DUP_ACK ack_num=95 count=3
[98684.44ms] TIMEOUT sendBase=95 nextSeq=103
[98684.52ms] RETRANSMIT seq=95 len=512 [RETRANSMIT]
[98684.53ms] RETRANSMIT seq=96 len=512 [RETRANSMIT]
[98684.54ms] RETRANSMIT seq=97 len=512 [RETRANSMIT]
[98684.55ms] RETRANSMIT seq=98 len=512 [RETRANSMIT]
[98684.55ms] RETRANSMIT seq=99 len=512 [RETRANSMIT]
[98684.63ms] RETRANSMIT seq=100 len=512 [RETRANSMIT]
[98684.63ms] RETRANSMIT seq=101 len=512 [RETRANSMIT]
[98684.64ms] RETRANSMIT seq=102 len=512 [RETRANSMIT]
[98713.39ms] DUP_ACK ack_num=95 count=1
[98813.65ms] DUP_ACK ack_num=95 count=2
[98913.90ms] DUP_ACK ack_num=95 count=3
[98984.82ms] TIMEOUT sendBase=95 nextSeq=103
[98984.89ms] RETRANSMIT seq=95 len=512 [RETRANSMIT]
[98984.89ms] RETRANSMIT seq=96 len=512 [RETRANSMIT]
[98984.90ms] RETRANSMIT seq=97 len=512 [RETRANSMIT]
[98984.91ms] RETRANSMIT seq=98 len=512 [RETRANSMIT]
[98984.91ms] RETRANSMIT seq=99 len=512 [RETRANSMIT]
[98984.91ms] RETRANSMIT seq=100 len=512 [RETRANSMIT]
[98984.92ms] RETRANSMIT seq=101 len=512 [RETRANSMIT]
[98984.92ms] RETRANSMIT seq=102 len=512 [RETRANSMIT]
[99014.16ms] DUP_ACK ack_num=95 count=1
[99114.42ms] DUP_ACK ack_num=95 count=2
[99214.67ms] DUP_ACK ack_num=95 count=3
[99285.17ms] TIMEOUT sendBase=95 nextSeq=103
[99285.24ms] RETRANSMIT seq=95 len=512 [RETRANSMIT]
[99285.24ms] RETRANSMIT seq=96 len=512 [RETRANSMIT]
[99285.25ms] RETRANSMIT seq=97 len=512 [RETRANSMIT]
[99285.25ms] RETRANSMIT seq=98 len=512 [RETRANSMIT]
[99285.26ms] RETRANSMIT seq=99 len=512 [RETRANSMIT]
[99285.26ms] RETRANSMIT seq=100 len=512 [RETRANSMIT]
[99285.27ms] RETRANSMIT seq=101 len=512 [RETRANSMIT]
[99285.27ms] RETRANSMIT seq=102 len=512 [RETRANSMIT]
[99315.13ms] DUP_ACK ack_num=95 count=1
[99415.31ms] DUP_ACK ack_num=95 count=2
[99515.75ms] ACK ack_num=96 cwnd=1.000000 ssthresh=16.000000
[99515.80ms] SEND seq=103 len=512
[99615.96ms] DUP_ACK ack_num=96 count=1
[99716.26ms] DUP_ACK ack_num=96 count=2
[99816.01ms] TIMEOUT sendBase=96 nextSeq=104
[99816.07ms] RETRANSMIT seq=96 len=512 [RETRANSMIT]
[99816.08ms] RETRANSMIT seq=97 len=512 [RETRANSMIT]
[99816.08ms] RETRANSMIT seq=98 len=512 [RETRANSMIT]
[99816.09ms] RETRANSMIT seq=99 len=512 [RETRANSMIT]
[99816.09ms] RETRANSMIT seq=100 len=512 [RETRANSMIT]
[99816.10ms] RETRANSMIT seq=101 len=512 [RETRANSMIT]
[99816.10ms] RETRANSMIT seq=102 len=512 [RETRANSMIT]
[99816.11ms] RETRANSMIT seq=103 len=512 [RETRANSMIT]
[99816.50ms] DUP_ACK ack_num=96 count=1
[99916.72ms] DUP_ACK ack_num=96 count=2
[100017.02ms] DUP_ACK ack_num=96 count=3
[100116.34ms] TIMEOUT sendBase=96 nextSeq=104
[100116.41ms] RETRANSMIT seq=96 len=512 [RETRANSMIT]
[100116.41ms] RETRANSMIT seq=97 len=512 [RETRANSMIT]
[100116.42ms] RETRANSMIT seq=98 len=512 [RETRANSMIT]
[100116.42ms] RETRANSMIT seq=99 len=512 [RETRANSMIT]
[100116.43ms] RETRANSMIT seq=100 len=512 [RETRANSMIT]
[100116.43ms] RETRANSMIT seq=101 len=512 [RETRANSMIT]
[100116.43ms] RETRANSMIT seq=102 len=512 [RETRANSMIT]
[100116.44ms] RETRANSMIT seq=103 len=512 [RETRANSMIT]
[100117.19ms] ACK ack_num=97 cwnd=1.000000 ssthresh=16.000000
[100117.21ms] SEND seq=104 len=512
[100217.72ms] ACK ack_num=98 cwnd=1.000000 ssthresh=16.000000
[100217.77ms] SEND seq=105 len=512
[100317.72ms] DUP_ACK ack_num=98 count=1
[100418.04ms] DUP_ACK ack_num=98 count=2
[100517.96ms] TIMEOUT sendBase=98 nextSeq=106
[100518.04ms] RETRANSMIT seq=98 len=512 [RETRANSMIT]
[100518.05ms] RETRANSMIT seq=99 len=512 [RETRANSMIT]
[100518.06ms] RETRANSMIT seq=100 len=512 [RETRANSMIT]
[100518.07ms] RETRANSMIT seq=101 len=512 [RETRANSMIT]
[100518.07ms] RETRANSMIT seq=102 len=512 [RETRANSMIT]
[100518.08ms] RETRANSMIT seq=103 len=512 [RETRANSMIT]
[100518.08ms] RETRANSMIT seq=104 len=512 [RETRANSMIT]
[100518.09ms] RETRANSMIT seq=105 len=512 [RETRANSMIT]
[100518.12ms] DUP_ACK ack_num=98 count=1
[100618.44ms] DUP_ACK ack_num=98 count=2
[100742.01ms] DUP_ACK ack_num=98 count=3
[100818.31ms] TIMEOUT sendBase=98 nextSeq=106
[100818.39ms] RETRANSMIT seq=98 len=512 [RETRANSMIT]
[100818.40ms] RETRANSMIT seq=99 len=512 [RETRANSMIT]
[100818.41ms] RETRANSMIT seq=100 len=512 [RETRANSMIT]
[100818.41ms] RETRANSMIT seq=101 len=512 [RETRANSMIT]
[100818.42ms] RETRANSMIT seq=102 len=512 [RETRANSMIT]
[100818.43ms] RETRANSMIT seq=103 len=512 [RETRANSMIT]
[100818.43ms] RETRANSMIT seq=104 len=512 [RETRANSMIT]
[100818.44ms] RETRANSMIT seq=105 len=512 [RETRANSMIT]
[100842.33ms] DUP_ACK ack_num=98 count=1
[100942.62ms] DUP_ACK ack_num=98 count=2
[101042.94ms] DUP_ACK ack_num=98 count=3
[101118.64ms] TIMEOUT sendBase=98 nextSeq=106
[101118.71ms] RETRANSMIT seq=98 len=512 [RETRANSMIT]
[101118.71ms] RETRANSMIT seq=99 len=512 [RETRANSMIT]
[101118.72ms] RETRANSMIT seq=100 len=512 [RETRANSMIT]
[101118.72ms] RETRANSMIT seq=101 len=512 [RETRANSMIT]
[101118.73ms] RETRANSMIT seq=102 len=512 [RETRANSMIT]
[101118.73ms] RETRANSMIT seq=103 len=512 [RETRANSMIT]
[101118.73ms] RETRANSMIT seq=104 len=512 [RETRANSMIT]
[101118.74ms] RETRANSMIT seq=105 len=512 [RETRANSMIT]
[101143.21ms] DUP_ACK ack_num=98 count=1
[101243.52ms] DUP_ACK ack_num=98 count=2
[101343.77ms] DUP_ACK ack_num=98 count=3
[101418.97ms] TIMEOUT sendBase=98 nextSeq=106
[101419.04ms] RETRANSMIT seq=98 len=512 [RETRANSMIT]
[101419.04ms] RETRANSMIT seq=99 len=512 [RETRANSMIT]
[101419.05ms] RETRANSMIT seq=100 len=512 [RETRANSMIT]
[101419.05ms] RETRANSMIT seq=101 len=512 [RETRANSMIT]
[101419.06ms] RETRANSMIT seq=102 len=512 [RETRANSMIT]
[101419.06ms] RETRANSMIT seq=103 len=512 [RETRANSMIT]
[101419.06ms] RETRANSMIT seq=104 len=512 [RETRANSMIT]
[101419.07ms] RETRANSMIT seq=105 len=512 [RETRANSMIT]
[101444.00ms] DUP_ACK ack_num=98 count=1
[101544.44ms] DUP_ACK ack_num=98 count=2
[101644.69ms] DUP_ACK ack_num=98 count=3
[101719.23ms] TIMEOUT sendBase=98 nextSeq=106
[101719.29ms] RETRANSMIT seq=98 len=512 [RETRANSMIT]
[101719.29ms] RETRANSMIT seq=99 len=512 [RETRANSMIT]
[101719.30ms] RETRANSMIT seq=100 len=512 [RETRANSMIT]
[101719.30ms] RETRANSMIT seq=101 len=512 [RETRANSMIT]
[101719.31ms] RETRANSMIT seq=102 len=512 [RETRANSMIT]
[101719.31ms] RETRANSMIT seq=103 len=512 [RETRANSMIT]
[101719.32ms] RETRANSMIT seq=104 len=512 [RETRANSMIT]
[101719.32ms] RETRANSMIT seq=105 len=512 [RETRANSMIT]
[101745.22ms] DUP_ACK ack_num=98 count=1
[101845.40ms] DUP_ACK ack_num=98 count=2
[101945.75ms] DUP_ACK ack_num=98 count=3
[102051.14ms] TIMEOUT sendBase=98 nextSeq=106
[102051.24ms] RETRANSMIT seq=98 len=512 [RETRANSMIT]
[102051.26ms] RETRANSMIT seq=99 len=512 [RETRANSMIT]
[102051.27ms] RETRANSMIT seq=100 len=512 [RETRANSMIT]
[102051.27ms] RETRANSMIT seq=101 len=512 [RETRANSMIT]
[102051.28ms] RETRANSMIT seq=102 len=512 [RETRANSMIT]
[102051.29ms] RETRANSMIT seq=103 len=512 [RETRANSMIT]
[102051.29ms] RETRANSMIT seq=104 len=512 [RETRANSMIT]
[102051.30ms] RETRANSMIT seq=105 len=512 [RETRANSMIT]
[102051.33ms] DUP_ACK ack_num=98 count=1
[102221.34ms] DUP_ACK ack_num=98 count=2
[102321.50ms] DUP_ACK ack_num=98 count=3
[102351.58ms] TIMEOUT sendBase=98 nextSeq=106
[102351.67ms] RETRANSMIT seq=98 len=512 [RETRANSMIT]
[102351.68ms] RETRANSMIT seq=99 len=512 [RETRANSMIT]
[102351.69ms] RETRANSMIT seq=100 len=512 [RETRANSMIT]
[102351.69ms] RETRANSMIT seq=101 len=512 [RETRANSMIT]
[102351.70ms] RETRANSMIT seq=102 len=512 [RETRANSMIT]
[102351.71ms] RETRANSMIT seq=103 len=512 [RETRANSMIT]
[102351.71ms] RETRANSMIT seq=104 len=512 [RETRANSMIT]
[102351.72ms] RETRANSMIT seq=105 len=512 [RETRANSMIT]
[102421.80ms] DUP_ACK ack_num=98 count=1
[102522.08ms] DUP_ACK ack_num=98 count=2
[102622.41ms] DUP_ACK ack_num=98 count=3
[102651.96ms] TIMEOUT sendBase=98 nextSeq=106
[102652.07ms] RETRANSMIT seq=98 len=512 [RETRANSMIT]
[102652.08ms] RETRANSMIT seq=99 len=512 [RETRANSMIT]
[102652.09ms] RETRANSMIT seq=100 len=512 [RETRANSMIT]
[102652.09ms] RETRANSMIT seq=101 len=512 [RETRANSMIT]
[102652.10ms] RETRANSMIT seq=102 len=512 [RETRANSMIT]
[102652.10ms] RETRANSMIT seq=103 len=512 [RETRANSMIT]
[102652.11ms] RETRANSMIT seq=104 len=512 [RETRANSMIT]
[102652.12ms] RETRANSMIT seq=105 len=512 [RETRANSMIT]
[102722.63ms] DUP_ACK ack_num=98 count=1
[102823.01ms] DUP_ACK ack_num=98 count=2
[102923.35ms] DUP_ACK ack_num=98 count=3
[102952.36ms] TIMEOUT sendBase=98 nextSeq=106
[102952.42ms] RETRANSMIT seq=98 len=512 [RETRANSMIT]
[102952.43ms] RETRANSMIT seq=99 len=512 [RETRANSMIT]
[102952.44ms] RETRANSMIT seq=100 len=512 [RETRANSMIT]
[102952.45ms] RETRANSMIT seq=101 len=512 [RETRANSMIT]
[102952.45ms] RETRANSMIT seq=102 len=512 [RETRANSMIT]
[102952.46ms] RETRANSMIT seq=103 len=512 [RETRANSMIT]
[102952.46ms] RETRANSMIT seq=104 len=512 [RETRANSMIT]
[102952.46ms] RETRANSMIT seq=105 len=512 [RETRANSMIT]
[103023.72ms] DUP_ACK ack_num=98 count=1
[103123.84ms] DUP_ACK ack_num=98 count=2
[103224.05ms] ACK ack_num=99 cwnd=1.000000 ssthresh=16.000000
[103224.08ms] SEND seq=106 len=512
[103324.29ms] DUP_ACK ack_num=99 count=1
[103424.64ms] DUP_ACK ack_num=99 count=2
[103524.30ms] TIMEOUT sendBase=99 nextSeq=107
[103524.39ms] RETRANSMIT seq=99 len=512 [RETRANSMIT]
[103524.41ms] RETRANSMIT seq=100 len=512 [RETRANSMIT]
[103524.41ms] RETRANSMIT seq=101 len=512 [RETRANSMIT]
[103524.42ms] RETRANSMIT seq=102 len=512 [RETRANSMIT]
[103524.43ms] RETRANSMIT seq=103 len=512 [RETRANSMIT]
[103524.43ms] RETRANSMIT seq=104 len=512 [RETRANSMIT]
[103524.44ms] RETRANSMIT seq=105 len=512 [RETRANSMIT]
[103524.45ms] RETRANSMIT seq=106 len=512 [RETRANSMIT]
[103524.91ms] DUP_ACK ack_num=99 count=1
[103625.22ms] DUP_ACK ack_num=99 count=2
[103725.58ms] DUP_ACK ack_num=99 count=3
[103824.63ms] TIMEOUT sendBase=99 nextSeq=107
[103824.69ms] RETRANSMIT seq=99 len=512 [RETRANSMIT]
[103824.70ms] RETRANSMIT seq=100 len=512 [RETRANSMIT]
[103824.70ms] RETRANSMIT seq=101 len=512 [RETRANSMIT]
[103824.70ms] RETRANSMIT seq=102 len=512 [RETRANSMIT]
[103824.71ms] RETRANSMIT seq=103 len=512 [RETRANSMIT]
[103824.71ms] RETRANSMIT seq=104 len=512 [RETRANSMIT]
[103824.72ms] RETRANSMIT seq=105 len=512 [RETRANSMIT]
[103824.72ms] RETRANSMIT seq=106 len=512 [RETRANSMIT]
[103825.73ms] DUP_ACK ack_num=99 count=1
[103926.07ms] ACK ack_num=100 cwnd=1.000000 ssthresh=16.000000
[103926.10ms] SEND seq=107 len=512
[104026.26ms] ACK ack_num=101 cwnd=1.000000 ssthresh=16.000000
[104026.30ms] SEND seq=108 len=512
[104126.52ms] ACK ack_num=102 cwnd=1.000000 ssthresh=16.000000
[104126.55ms] SEND seq=109 len=512
[104226.82ms] DUP_ACK ack_num=102 count=1
[104327.11ms] DUP_ACK ack_num=102 count=2
[104426.77ms] TIMEOUT sendBase=102 nextSeq=110
[104426.83ms] RETRANSMIT seq=102 len=512 [RETRANSMIT]
[104426.84ms] RETRANSMIT seq=103 len=512 [RETRANSMIT]
[104426.84ms] RETRANSMIT seq=104 len=512 [RETRANSMIT]
[104426.85ms] RETRANSMIT seq=105 len=512 [RETRANSMIT]
[104426.85ms] RETRANSMIT seq=106 len=512 [RETRANSMIT]
[104426.85ms] RETRANSMIT seq=107 len=512 [RETRANSMIT]
[104426.86ms] RETRANSMIT seq=108 len=512 [RETRANSMIT]
[104426.86ms] RETRANSMIT seq=109 len=512 [RETRANSMIT]
[104427.38ms] DUP_ACK ack_num=102 count=1
[104527.77ms] DUP_ACK ack_num=102 count=2
[104628.08ms] DUP_ACK ack_num=102 count=3
[104727.09ms] TIMEOUT sendBase=102 nextSeq=110
[104727.17ms] RETRANSMIT seq=102 len=512 [RETRANSMIT]
[104727.18ms] RETRANSMIT seq=103 len=512 [RETRANSMIT]
[104727.19ms] RETRANSMIT seq=104 len=512 [RETRANSMIT]
[104727.19ms] RETRANSMIT seq=105 len=512 [RETRANSMIT]
[104727.20ms] RETRANSMIT seq=106 len=512 [RETRANSMIT]
[104727.20ms] RETRANSMIT seq=107 len=512 [RETRANSMIT]
[104727.21ms] RETRANSMIT seq=108 len=512 [RETRANSMIT]
[104727.22ms] RETRANSMIT seq=109 len=512 [RETRANSMIT]
[104728.28ms] DUP_ACK ack_num=102 count=1
[104828.56ms] DUP_ACK ack_num=102 count=2
[104928.84ms] DUP_ACK ack_num=102 count=3
[105027.43ms] TIMEOUT sendBase=102 nextSeq=110
[105027.51ms] RETRANSMIT seq=102 len=512 [RETRANSMIT]
[105027.52ms] RETRANSMIT seq=103 len=512 [RETRANSMIT]
[105027.52ms] RETRANSMIT seq=104 len=512 [RETRANSMIT]
[105027.53ms] RETRANSMIT seq=105 len=512 [RETRANSMIT]
[105027.53ms] RETRANSMIT seq=106 len=512 [RETRANSMIT]
[105027.54ms] RETRANSMIT seq=107 len=512 [RETRANSMIT]
[105027.55ms] RETRANSMIT seq=108 len=512 [RETRANSMIT]
[105027.55ms] RETRANSMIT seq=109 len=512 [RETRANSMIT]
[105029.07ms] DUP_ACK ack_num=102 count=1
[105129.37ms] DUP_ACK ack_num=102 count=2
[105229.65ms] DUP_ACK ack_num=102 count=3
[105327.82ms] TIMEOUT sendBase=102 nextSeq=110
[105327.93ms] RETRANSMIT seq=102 len=512 [RETRANSMIT]
[105327.94ms] RETRANSMIT seq=103 len=512 [RETRANSMIT]
[105327.95ms] RETRANSMIT seq=104 len=512 [RETRANSMIT]
[105327.96ms] RETRANSMIT seq=105 len=512 [RETRANSMIT]
[105327.97ms] RETRANSMIT seq=106 len=512 [RETRANSMIT]
[105327.97ms] RETRANSMIT seq=107 len=512 [RETRANSMIT]
[105327.98ms] RETRANSMIT seq=108 len=512 [RETRANSMIT]
[105327.99ms] RETRANSMIT seq=109 len=512 [RETRANSMIT]
[105329.93ms] DUP_ACK ack_num=102 count=1
[105430.15ms] DUP_ACK ack_num=102 count=2
[105530.37ms] DUP_ACK ack_num=102 count=3
[105628.24ms] TIMEOUT sendBase=102 nextSeq=110
[105628.30ms] RETRANSMIT seq=102 len=512 [RETRANSMIT]
[105628.31ms] RETRANSMIT seq=103 len=512 [RETRANSMIT]
[105628.31ms] RETRANSMIT seq=104 len=512 [RETRANSMIT]
[105628.32ms] RETRANSMIT seq=105 len=512 [RETRANSMIT]
[105628.32ms] RETRANSMIT seq=106 len=512 [RETRANSMIT]
[105628.33ms] RETRANSMIT seq=107 len=512 [RETRANSMIT]
[105628.33ms] RETRANSMIT seq=108 len=512 [RETRANSMIT]
[105628.34ms] RETRANSMIT seq=109 len=512 [RETRANSMIT]
[105630.57ms] DUP_ACK ack_num=102 count=1
[105730.91ms] DUP_ACK ack_num=102 count=2
[105831.04ms] DUP_ACK ack_num=102 count=3
[105928.76ms] TIMEOUT sendBase=102 nextSeq=110
[105928.86ms] RETRANSMIT seq=102 len=512 [RETRANSMIT]
[105928.86ms] RETRANSMIT seq=103 len=512 [RETRANSMIT]
[105928.87ms] RETRANSMIT seq=104 len=512 [RETRANSMIT]
[105928.87ms] RETRANSMIT seq=105 len=512 [RETRANSMIT]
[105928.88ms] RETRANSMIT seq=106 len=512 [RETRANSMIT]
[105928.89ms] RETRANSMIT seq=107 len=512 [RETRANSMIT]
[105928.89ms] RETRANSMIT seq=108 len=512 [RETRANSMIT]
[105928.90ms] RETRANSMIT seq=109 len=512 [RETRANSMIT]
[105931.31ms] DUP_ACK ack_num=102 count=1
[106031.74ms] DUP_ACK ack_num=102 count=2
[106131.94ms] DUP_ACK ack_num=102 count=3
[106229.25ms] TIMEOUT sendBase=102 nextSeq=110
[106229.31ms] RETRANSMIT seq=102 len=512 [RETRANSMIT]
[106229.32ms] RETRANSMIT seq=103 len=512 [RETRANSMIT]
[106229.32ms] RETRANSMIT seq=104 len=512 [RETRANSMIT]
[106229.33ms] RETRANSMIT seq=105 len=512 [RETRANSMIT]
[106229.33ms] RETRANSMIT seq=106 len=512 [RETRANSMIT]
[106229.34ms] RETRANSMIT seq=107 len=512 [RETRANSMIT]
[106229.35ms] RETRANSMIT seq=108 len=512 [RETRANSMIT]
[106229.36ms] RETRANSMIT seq=109 len=512 [RETRANSMIT]
[106232.12ms] DUP_ACK ack_num=102 count=1
[106332.59ms] DUP_ACK ack_num=102 count=2
[106432.97ms] DUP_ACK ack_num=102 count=3
[106529.65ms] TIMEOUT sendBase=102 nextSeq=110
[106529.72ms] RETRANSMIT seq=102 len=512 [RETRANSMIT]
[106529.73ms] RETRANSMIT seq=103 len=512 [RETRANSMIT]
[106529.74ms] RETRANSMIT seq=104 len=512 [RETRANSMIT]
[106529.78ms] RETRANSMIT seq=105 len=512 [RETRANSMIT]
[106529.78ms] RETRANSMIT seq=106 len=512 [RETRANSMIT]
[106529.79ms] RETRANSMIT seq=107 len=512 [RETRANSMIT]
[106529.79ms] RETRANSMIT seq=108 len=512 [RETRANSMIT]
[106529.80ms] RETRANSMIT seq=109 len=512 [RETRANSMIT]
[106533.16ms] DUP_ACK ack_num=102 count=1
[106633.54ms] DUP_ACK ack_num=102 count=2
[106733.92ms] DUP_ACK ack_num=102 count=3
[106830.09ms] TIMEOUT sendBase=102 nextSeq=110
[106830.16ms] RETRANSMIT seq=102 len=512 [RETRANSMIT]
[106830.17ms] RETRANSMIT seq=103 len=512 [RETRANSMIT]
[106830.17ms] RETRANSMIT seq=104 len=512 [RETRANSMIT]
[106830.18ms] RETRANSMIT seq=105 len=512 [RETRANSMIT]
[106830.18ms] RETRANSMIT seq=106 len=512 [RETRANSMIT]
[106830.18ms] RETRANSMIT seq=107 len=512 [RETRANSMIT]
[106830.19ms] RETRANSMIT seq=108 len=512 [RETRANSMIT]
[106830.19ms] RETRANSMIT seq=109 len=512 [RETRANSMIT]
[106834.10ms] DUP_ACK ack_num=102 count=1
[106934.40ms] DUP_ACK ack_num=102 count=2
[107034.64ms] DUP_ACK ack_num=102 count=3
[107130.43ms] TIMEOUT sendBase=102 nextSeq=110
[107130.50ms] RETRANSMIT seq=102 len=512 [RETRANSMIT]
[107130.51ms] RETRANSMIT seq=103 len=512 [RETRANSMIT]
[107130.52ms] RETRANSMIT seq=104 len=512 [RETRANSMIT]
[107130.52ms] RETRANSMIT seq=105 len=512 [RETRANSMIT]
[107130.52ms] RETRANSMIT seq=106 len=512 [RETRANSMIT]
[107130.53ms] RETRANSMIT seq=107 len=512 [RETRANSMIT]
[107130.54ms] RETRANSMIT seq=108 len=512 [RETRANSMIT]
[107130.54ms] RETRANSMIT seq=109 len=512 [RETRANSMIT]
[107134.89ms] DUP_ACK ack_num=102 count=1
[107235.11ms] DUP_ACK ack_num=102 count=2
[107335.45ms] DUP_ACK ack_num=102 count=3
[107430.79ms] TIMEOUT sendBase=102 nextSeq=110
[107430.86ms] RETRANSMIT seq=102 len=512 [RETRANSMIT]
[107430.87ms] RETRANSMIT seq=103 len=512 [RETRANSMIT]
[107430.88ms] RETRANSMIT seq=104 len=512 [RETRANSMIT]
[107430.88ms] RETRANSMIT seq=105 len=512 [RETRANSMIT]
[107430.89ms] RETRANSMIT seq=106 len=512 [RETRANSMIT]
[107430.89ms] RETRANSMIT seq=107 len=512 [RETRANSMIT]
[107430.90ms] RETRANSMIT seq=108 len=512 [RETRANSMIT]
[107430.95ms] RETRANSMIT seq=109 len=512 [RETRANSMIT]
[107435.71ms] DUP_ACK ack_num=102 count=1
[107535.93ms] DUP_ACK ack_num=102 count=2
[107636.27ms] DUP_ACK ack_num=102 count=3
[107731.18ms] TIMEOUT sendBase=102 nextSeq=110
[107731.25ms] RETRANSMIT seq=102 len=512 [RETRANSMIT]
[107731.25ms] RETRANSMIT seq=103 len=512 [RETRANSMIT]
[107731.26ms] RETRANSMIT seq=104 len=512 [RETRANSMIT]
[107731.26ms] RETRANSMIT seq=105 len=512 [RETRANSMIT]
[107731.27ms] RETRANSMIT seq=106 len=512 [RETRANSMIT]
[107731.27ms] RETRANSMIT seq=107 len=512 [RETRANSMIT]
[107731.27ms] RETRANSMIT seq=108 len=512 [RETRANSMIT]
[107731.28ms] RETRANSMIT seq=109 len=512 [RETRANSMIT]
[107736.43ms] DUP_ACK ack_num=102 count=1
[107836.79ms] DUP_ACK ack_num=102 count=2
[107937.00ms] DUP_ACK ack_num=102 count=3
[108031.52ms] TIMEOUT sendBase=102 nextSeq=110
[108031.61ms] RETRANSMIT seq=102 len=512 [RETRANSMIT]
[108031.62ms] RETRANSMIT seq=103 len=512 [RETRANSMIT]
[108031.66ms] RETRANSMIT seq=104 len=512 [RETRANSMIT]
[108031.67ms] RETRANSMIT seq=105 len=512 [RETRANSMIT]
[108031.68ms] RETRANSMIT seq=106 len=512 [RETRANSMIT]
[108031.68ms] RETRANSMIT seq=107 len=512 [RETRANSMIT]
[108031.69ms] RETRANSMIT seq=108 len=512 [RETRANSMIT]
[108031.69ms] RETRANSMIT seq=109 len=512 [RETRANSMIT]
[108037.30ms] DUP_ACK ack_num=102 count=1
[108137.59ms] DUP_ACK ack_num=102 count=2
[108237.94ms] DUP_ACK ack_num=102 count=3
[108331.93ms] TIMEOUT sendBase=102 nextSeq=110
[108331.99ms] RETRANSMIT seq=102 len=512 [RETRANSMIT]
[108332.00ms] RETRANSMIT seq=103 len=512 [RETRANSMIT]
[108332.01ms] RETRANSMIT seq=104 len=512 [RETRANSMIT]
[108332.01ms] RETRANSMIT seq=105 len=512 [RETRANSMIT]
[108332.01ms] RETRANSMIT seq=106 len=512 [RETRANSMIT]
[108332.02ms] RETRANSMIT seq=107 len=512 [RETRANSMIT]
[108332.02ms] RETRANSMIT seq=108 len=512 [RETRANSMIT]
[108332.03ms] RETRANSMIT seq=109 len=512 [RETRANSMIT]
[108338.05ms] DUP_ACK ack_num=102 count=1
[108438.32ms] DUP_ACK ack_num=102 count=2
[108538.57ms] DUP_ACK ack_num=102 count=3
[108632.27ms] TIMEOUT sendBase=102 nextSeq=110
[108632.33ms] RETRANSMIT seq=102 len=512 [RETRANSMIT]
[108632.34ms] RETRANSMIT seq=103 len=512 [RETRANSMIT]
[108632.34ms] RETRANSMIT seq=104 len=512 [RETRANSMIT]
[108632.35ms] RETRANSMIT seq=105 len=512 [RETRANSMIT]
[108632.35ms] RETRANSMIT seq=106 len=512 [RETRANSMIT]
[108632.36ms] RETRANSMIT seq=107 len=512 [RETRANSMIT]
[108632.36ms] RETRANSMIT seq=108 len=512 [RETRANSMIT]
[108632.37ms] RETRANSMIT seq=109 len=512 [RETRANSMIT]
[108638.80ms] DUP_ACK ack_num=102 count=1
[108739.06ms] DUP_ACK ack_num=102 count=2
[108839.53ms] DUP_ACK ack_num=102 count=3
[108932.64ms] TIMEOUT sendBase=102 nextSeq=110
[108932.70ms] RETRANSMIT seq=102 len=512 [RETRANSMIT]
[108932.71ms] RETRANSMIT seq=103 len=512 [RETRANSMIT]
[108932.72ms] RETRANSMIT seq=104 len=512 [RETRANSMIT]
[108932.72ms] RETRANSMIT seq=105 len=512 [RETRANSMIT]
[108932.72ms] RETRANSMIT seq=106 len=512 [RETRANSMIT]
[108932.73ms] RETRANSMIT seq=107 len=512 [RETRANSMIT]
[108932.73ms] RETRANSMIT seq=108 len=512 [RETRANSMIT]
[108932.74ms] RETRANSMIT seq=109 len=512 [RETRANSMIT]
[108939.75ms] DUP_ACK ack_num=102 count=1
[109039.98ms] ACK ack_num=103 cwnd=1.000000 ssthresh=16.000000
[109040.02ms] SEND seq=110 len=512
[109140.15ms] DUP_ACK ack_num=103 count=1
[109240.53ms] DUP_ACK ack_num=103 count=2
[109340.21ms] TIMEOUT sendBase=103 nextSeq=111
[109340.28ms] RETRANSMIT seq=103 len=512 [RETRANSMIT]
[109340.28ms] RETRANSMIT seq=104 len=512 [RETRANSMIT]
[109340.29ms] RETRANSMIT seq=105 len=512 [RETRANSMIT]
[109340.29ms] RETRANSMIT seq=106 len=512 [RETRANSMIT]
[109340.30ms] RETRANSMIT seq=107 len=512 [RETRANSMIT]
[109340.31ms] RETRANSMIT seq=108 len=512 [RETRANSMIT]
[109340.31ms] RETRANSMIT seq=109 len=512 [RETRANSMIT]
[109340.32ms] RETRANSMIT seq=110 len=512 [RETRANSMIT]
[109340.73ms] DUP_ACK ack_num=103 count=1
[109503.89ms] DUP_ACK ack_num=103 count=2
[109604.07ms] DUP_ACK ack_num=103 count=3
[109640.50ms] TIMEOUT sendBase=103 nextSeq=111
[109640.61ms] RETRANSMIT seq=103 len=512 [RETRANSMIT]
[109640.61ms] RETRANSMIT seq=104 len=512 [RETRANSMIT]
[109640.62ms] RETRANSMIT seq=105 len=512 [RETRANSMIT]
[109640.63ms] RETRANSMIT seq=106 len=512 [RETRANSMIT]
[109640.63ms] RETRANSMIT seq=107 len=512 [RETRANSMIT]
[109640.64ms] RETRANSMIT seq=108 len=512 [RETRANSMIT]
[109640.65ms] RETRANSMIT seq=109 len=512 [RETRANSMIT]
[109640.66ms] RETRANSMIT seq=110 len=512 [RETRANSMIT]
[109704.36ms] DUP_ACK ack_num=103 count=1
[109804.58ms] DUP_ACK ack_num=103 count=2
[109904.78ms] DUP_ACK ack_num=103 count=3
[109940.97ms] TIMEOUT sendBase=103 nextSeq=111
[109941.05ms] RETRANSMIT seq=103 len=512 [RETRANSMIT]
[109941.06ms] RETRANSMIT seq=104 len=512 [RETRANSMIT]
[109941.07ms] RETRANSMIT seq=105 len=512 [RETRANSMIT]
[109941.08ms] RETRANSMIT seq=106 len=512 [RETRANSMIT]
[109941.10ms] RETRANSMIT seq=107 len=512 [RETRANSMIT]
[109941.11ms] RETRANSMIT seq=108 len=512 [RETRANSMIT]
[109941.19ms] RETRANSMIT seq=109 len=512 [RETRANSMIT]
[109941.20ms] RETRANSMIT seq=110 len=512 [RETRANSMIT]
[110005.16ms] DUP_ACK ack_num=103 count=1
[110105.43ms] DUP_ACK ack_num=103 count=2
[110205.61ms] DUP_ACK ack_num=103 count=3
[110241.35ms] TIMEOUT sendBase=103 nextSeq=111
[110241.42ms] RETRANSMIT seq=103 len=512 [RETRANSMIT]
[110241.43ms] RETRANSMIT seq=104 len=512 [RETRANSMIT]
[110241.43ms] RETRANSMIT seq=105 len=512 [RETRANSMIT]
[110241.44ms] RETRANSMIT seq=106 len=512 [RETRANSMIT]
[110241.44ms] RETRANSMIT seq=107 len=512 [RETRANSMIT]
[110241.45ms] RETRANSMIT seq=108 len=512 [RETRANSMIT]
[110241.45ms] RETRANSMIT seq=109 len=512 [RETRANSMIT]
[110241.45ms] RETRANSMIT seq=110 len=512 [RETRANSMIT]
[110305.89ms] DUP_ACK ack_num=103 count=1
[110406.16ms] DUP_ACK ack_num=103 count=2
[110506.38ms] DUP_ACK ack_num=103 count=3
[110541.62ms] TIMEOUT sendBase=103 nextSeq=111
[110541.68ms] RETRANSMIT seq=103 len=512 [RETRANSMIT]
[110541.69ms] RETRANSMIT seq=104 len=512 [RETRANSMIT]
[110541.69ms] RETRANSMIT seq=105 len=512 [RETRANSMIT]
[110541.70ms] RETRANSMIT seq=106 len=512 [RETRANSMIT]
[110541.70ms] RETRANSMIT seq=107 len=512 [RETRANSMIT]
[110541.71ms] RETRANSMIT seq=108 len=512 [RETRANSMIT]
[110541.71ms] RETRANSMIT seq=109 len=512 [RETRANSMIT]
[110541.72ms] RETRANSMIT seq=110 len=512 [RETRANSMIT]
[110606.73ms] DUP_ACK ack_num=103 count=1
[110706.99ms] DUP_ACK ack_num=103 count=2
[110807.19ms] DUP_ACK ack_num=103 count=3
[110841.89ms] TIMEOUT sendBase=103 nextSeq=111
[110841.95ms] RETRANSMIT seq=103 len=512 [RETRANSMIT]
[110841.96ms] RETRANSMIT seq=104 len=512 [RETRANSMIT]
[110841.96ms] RETRANSMIT seq=105 len=512 [RETRANSMIT]
[110841.97ms] RETRANSMIT seq=106 len=512 [RETRANSMIT]
[110841.97ms] RETRANSMIT seq=107 len=512 [RETRANSMIT]
[110841.97ms] RETRANSMIT seq=108 len=512 [RETRANSMIT]
[110841.98ms] RETRANSMIT seq=109 len=512 [RETRANSMIT]
[110841.98ms] RETRANSMIT seq=110 len=512 [RETRANSMIT]
[110907.46ms] DUP_ACK ack_num=103 count=1
[111007.69ms] DUP_ACK ack_num=103 count=2
[111107.94ms] ACK ack_num=104 cwnd=1.000000 ssthresh=16.000000
[111107.97ms] SEND seq=111 len=512
[111208.20ms] DUP_ACK ack_num=104 count=1
[111308.41ms] DUP_ACK ack_num=104 count=2
[111408.15ms] TIMEOUT sendBase=104 nextSeq=112
[111408.21ms] RETRANSMIT seq=104 len=512 [RETRANSMIT]
[111408.22ms] RETRANSMIT seq=105 len=512 [RETRANSMIT]
[111408.22ms] RETRANSMIT seq=106 len=512 [RETRANSMIT]
[111408.23ms] RETRANSMIT seq=107 len=512 [RETRANSMIT]
[111408.23ms] RETRANSMIT seq=108 len=512 [RETRANSMIT]
[111408.23ms] RETRANSMIT seq=109 len=512 [RETRANSMIT]
[111408.24ms] RETRANSMIT seq=110 len=512 [RETRANSMIT]
[111408.24ms] RETRANSMIT seq=111 len=512 [RETRANSMIT]
[111408.68ms] DUP_ACK ack_num=104 count=1
[111508.91ms] DUP_ACK ack_num=104 count=2
[111609.20ms] DUP_ACK ack_num=104 count=3
[111708.46ms] TIMEOUT sendBase=104 nextSeq=112
[111708.52ms] RETRANSMIT seq=104 len=512 [RETRANSMIT]
[111708.53ms] RETRANSMIT seq=105 len=512 [RETRANSMIT]
[111708.53ms] RETRANSMIT seq=106 len=512 [RETRANSMIT]
[111708.54ms] RETRANSMIT seq=107 len=512 [RETRANSMIT]
[111708.54ms] RETRANSMIT seq=108 len=512 [RETRANSMIT]
[111708.55ms] RETRANSMIT seq=109 len=512 [RETRANSMIT]
[111708.55ms] RETRANSMIT seq=110 len=512 [RETRANSMIT]
[111708.55ms] RETRANSMIT seq=111 len=512 [RETRANSMIT]
[111709.45ms] DUP_ACK ack_num=104 count=1
[111809.93ms] DUP_ACK ack_num=104 count=2
[111910.19ms] DUP_ACK ack_num=104 count=3
[112008.85ms] TIMEOUT sendBase=104 nextSeq=112
[112008.92ms] RETRANSMIT seq=104 len=512 [RETRANSMIT]
[112008.93ms] RETRANSMIT seq=105 len=512 [RETRANSMIT]
[112008.94ms] RETRANSMIT seq=106 len=512 [RETRANSMIT]
[112008.94ms] RETRANSMIT seq=107 len=512 [RETRANSMIT]
[112008.95ms] RETRANSMIT seq=108 len=512 [RETRANSMIT]
[112008.95ms] RETRANSMIT seq=109 len=512 [RETRANSMIT]
[112008.96ms] RETRANSMIT seq=110 len=512 [RETRANSMIT]
[112008.96ms] RETRANSMIT seq=111 len=512 [RETRANSMIT]
[112010.53ms] DUP_ACK ack_num=104 count=1
[112110.77ms] DUP_ACK ack_num=104 count=2
[112210.98ms] DUP_ACK ack_num=104 count=3
[112309.20ms] TIMEOUT sendBase=104 nextSeq=112
[112309.27ms] RETRANSMIT seq=104 len=512 [RETRANSMIT]
[112309.28ms] RETRANSMIT seq=105 len=512 [RETRANSMIT]
[112309.29ms] RETRANSMIT seq=106 len=512 [RETRANSMIT]
[112309.29ms] RETRANSMIT seq=107 len=512 [RETRANSMIT]
[112309.30ms] RETRANSMIT seq=108 len=512 [RETRANSMIT]
[112309.34ms] RETRANSMIT seq=109 len=512 [RETRANSMIT]
[112309.35ms] RETRANSMIT seq=110 len=512 [RETRANSMIT]
[112309.36ms] RETRANSMIT seq=111 len=512 [RETRANSMIT]
[112311.21ms] ACK ack_num=105 cwnd=1.000000 ssthresh=16.000000
[112311.23ms] SEND seq=112 len=512
[112411.51ms] ACK ack_num=106 cwnd=1.000000 ssthresh=16.000000
[112411.54ms] SEND seq=113 len=512
[112511.87ms] DUP_ACK ack_num=106 count=1
[112612.11ms] DUP_ACK ack_num=106 count=2
[112711.71ms] TIMEOUT sendBase=106 nextSeq=114
[112711.77ms] RETRANSMIT seq=106 len=512 [RETRANSMIT]
[112711.78ms] RETRANSMIT seq=107 len=512 [RETRANSMIT]
[112711.78ms] RETRANSMIT seq=108 len=512 [RETRANSMIT]
[112711.79ms] RETRANSMIT seq=109 len=512 [RETRANSMIT]
[112711.79ms] RETRANSMIT seq=110 len=512 [RETRANSMIT]
[112711.79ms] RETRANSMIT seq=111 len=512 [RETRANSMIT]
[112711.80ms] RETRANSMIT seq=112 len=512 [RETRANSMIT]
[112711.80ms] RETRANSMIT seq=113 len=512 [RETRANSMIT]
[112712.25ms] DUP_ACK ack_num=106 count=1
[112812.53ms] DUP_ACK ack_num=106 count=2
[112912.81ms] DUP_ACK ack_num=106 count=3
[113012.15ms] TIMEOUT sendBase=106 nextSeq=114
[113012.23ms] RETRANSMIT seq=106 len=512 [RETRANSMIT]
[113012.29ms] RETRANSMIT seq=107 len=512 [RETRANSMIT]
[113012.30ms] RETRANSMIT seq=108 len=512 [RETRANSMIT]
[113012.31ms] RETRANSMIT seq=109 len=512 [RETRANSMIT]
[113012.32ms] RETRANSMIT seq=110 len=512 [RETRANSMIT]
[113012.33ms] RETRANSMIT seq=111 len=512 [RETRANSMIT]
[113012.34ms] RETRANSMIT seq=112 len=512 [RETRANSMIT]
[113012.35ms] RETRANSMIT seq=113 len=512 [RETRANSMIT]
[113013.17ms] DUP_ACK ack_num=106 count=1
[113113.38ms] DUP_ACK ack_num=106 count=2
[113213.65ms] DUP_ACK ack_num=106 count=3
[113312.57ms] TIMEOUT sendBase=106 nextSeq=114
[113312.63ms] RETRANSMIT seq=106 len=512 [RETRANSMIT]
[113312.63ms] RETRANSMIT seq=107 len=512 [RETRANSMIT]
[113312.64ms] RETRANSMIT seq=108 len=512 [RETRANSMIT]
[113312.64ms] RETRANSMIT seq=109 len=512 [RETRANSMIT]
[113312.65ms] RETRANSMIT seq=110 len=512 [RETRANSMIT]
[113312.65ms] RETRANSMIT seq=111 len=512 [RETRANSMIT]
[113312.66ms] RETRANSMIT seq=112 len=512 [RETRANSMIT]
[113312.66ms] RETRANSMIT seq=113 len=512 [RETRANSMIT]
[113313.84ms] DUP_ACK ack_num=106 count=1
[113414.12ms] DUP_ACK ack_num=106 count=2
[113514.38ms] DUP_ACK ack_num=106 count=3
[113612.87ms] TIMEOUT sendBase=106 nextSeq=114
[113612.92ms] RETRANSMIT seq=106 len=512 [RETRANSMIT]
[113612.93ms] RETRANSMIT seq=107 len=512 [RETRANSMIT]
[113612.93ms] RETRANSMIT seq=108 len=512 [RETRANSMIT]
[113612.94ms] RETRANSMIT seq=109 len=512 [RETRANSMIT]
[113612.94ms] RETRANSMIT seq=110 len=512 [RETRANSMIT]
[113612.95ms] RETRANSMIT seq=111 len=512 [RETRANSMIT]
[113612.95ms] RETRANSMIT seq=112 len=512 [RETRANSMIT]
[113612.96ms] RETRANSMIT seq=113 len=512 [RETRANSMIT]
[113614.56ms] DUP_ACK ack_num=106 count=1
[113714.84ms] DUP_ACK ack_num=106 count=2
[113815.02ms] DUP_ACK ack_num=106 count=3
[113913.21ms] TIMEOUT sendBase=106 nextSeq=114
[113913.28ms] RETRANSMIT seq=106 len=512 [RETRANSMIT]
[113913.29ms] RETRANSMIT seq=107 len=512 [RETRANSMIT]
[113913.29ms] RETRANSMIT seq=108 len=512 [RETRANSMIT]
[113913.30ms] RETRANSMIT seq=109 len=512 [RETRANSMIT]
[113913.31ms] RETRANSMIT seq=110 len=512 [RETRANSMIT]
[113913.31ms] RETRANSMIT seq=111 len=512 [RETRANSMIT]
[113913.32ms] RETRANSMIT seq=112 len=512 [RETRANSMIT]
[113913.34ms] RETRANSMIT seq=113 len=512 [RETRANSMIT]
[113915.31ms] DUP_ACK ack_num=106 count=1
[114015.57ms] DUP_ACK ack_num=106 count=2
[114115.89ms] DUP_ACK ack_num=106 count=3
[114213.57ms] TIMEOUT sendBase=106 nextSeq=114
[114213.63ms] RETRANSMIT seq=106 len=512 [RETRANSMIT]
[114213.64ms] RETRANSMIT seq=107 len=512 [RETRANSMIT]
[114213.65ms] RETRANSMIT seq=108 len=512 [RETRANSMIT]
[114213.65ms] RETRANSMIT seq=109 len=512 [RETRANSMIT]
[114213.65ms] RETRANSMIT seq=110 len=512 [RETRANSMIT]
[114213.66ms] RETRANSMIT seq=111 len=512 [RETRANSMIT]
[114213.66ms] RETRANSMIT seq=112 len=512 [RETRANSMIT]
[114213.67ms] RETRANSMIT seq=113 len=512 [RETRANSMIT]
[114216.30ms] DUP_ACK ack_num=106 count=1
[114316.43ms] DUP_ACK ack_num=106 count=2
[114416.74ms] DUP_ACK ack_num=106 count=3
[114513.82ms] TIMEOUT sendBase=106 nextSeq=114
[114513.88ms] RETRANSMIT seq=106 len=512 [RETRANSMIT]
[114513.89ms] RETRANSMIT seq=107 len=512 [RETRANSMIT]
[114513.89ms] RETRANSMIT seq=108 len=512 [RETRANSMIT]
[114513.90ms] RETRANSMIT seq=109 len=512 [RETRANSMIT]
[114513.90ms] RETRANSMIT seq=110 len=512 [RETRANSMIT]
[114513.91ms] RETRANSMIT seq=111 len=512 [RETRANSMIT]
[114513.91ms] RETRANSMIT seq=112 len=512 [RETRANSMIT]
[114513.91ms] RETRANSMIT seq=113 len=512 [RETRANSMIT]
[114516.92ms] DUP_ACK ack_num=106 count=1
[114617.31ms] DUP_ACK ack_num=106 count=2
[114717.63ms] DUP_ACK ack_num=106 count=3
[114814.19ms] TIMEOUT sendBase=106 nextSeq=114
[114814.26ms] RETRANSMIT seq=106 len=512 [RETRANSMIT]
[114814.27ms] RETRANSMIT seq=107 len=512 [RETRANSMIT]
[114814.28ms] RETRANSMIT seq=108 len=512 [RETRANSMIT]
[114814.28ms] RETRANSMIT seq=109 len=512 [RETRANSMIT]
[114814.28ms] RETRANSMIT seq=110 len=512 [RETRANSMIT]
[114814.29ms] RETRANSMIT seq=111 len=512 [RETRANSMIT]
[114814.30ms] RETRANSMIT seq=112 len=512 [RETRANSMIT]
[114814.30ms] RETRANSMIT seq=113 len=512 [RETRANSMIT]
[114817.84ms] DUP_ACK ack_num=106 count=1
[114918.06ms] DUP_ACK ack_num=106 count=2
[115018.34ms] DUP_ACK ack_num=106 count=3
[115124.61ms] TIMEOUT sendBase=106 nextSeq=114
[115124.70ms] RETRANSMIT seq=106 len=512 [RETRANSMIT]
[115124.72ms] RETRANSMIT seq=107 len=512 [RETRANSMIT]
[115124.72ms] RETRANSMIT seq=108 len=512 [RETRANSMIT]
[115124.73ms] RETRANSMIT seq=109 len=512 [RETRANSMIT]
[115124.74ms] RETRANSMIT seq=110 len=512 [RETRANSMIT]
[115124.75ms] RETRANSMIT seq=111 len=512 [RETRANSMIT]
[115124.75ms] RETRANSMIT seq=112 len=512 [RETRANSMIT]
[115124.76ms] RETRANSMIT seq=113 len=512 [RETRANSMIT]
[115228.89ms] ACK ack_num=107 cwnd=1.000000 ssthresh=16.000000
[115228.95ms] SEND seq=114 len=512
[115230.19ms] DUP_ACK ack_num=107 count=1
[115330.14ms] DUP_ACK ack_num=107 count=2
[115430.40ms] DUP_ACK ack_num=107 count=3
[115529.14ms] TIMEOUT sendBase=107 nextSeq=115
[115529.20ms] RETRANSMIT seq=107 len=512 [RETRANSMIT]
[115529.21ms] RETRANSMIT seq=108 len=512 [RETRANSMIT]
[115529.22ms] RETRANSMIT seq=109 len=512 [RETRANSMIT]
[115529.22ms] RETRANSMIT seq=110 len=512 [RETRANSMIT]
[115529.23ms] RETRANSMIT seq=111 len=512 [RETRANSMIT]
[115529.23ms] RETRANSMIT seq=112 len=512 [RETRANSMIT]
[115529.24ms] RETRANSMIT seq=113 len=512 [RETRANSMIT]
[115529.24ms] RETRANSMIT seq=114 len=512 [RETRANSMIT]
[115530.58ms] DUP_ACK ack_num=107 count=1
[115630.89ms] ACK ack_num=108 cwnd=1.000000 ssthresh=16.000000
[115630.93ms] SEND seq=115 len=512
[115731.13ms] ACK ack_num=109 cwnd=1.000000 ssthresh=16.000000
[115731.17ms] SEND seq=116 len=512
[115831.39ms] ACK ack_num=110 cwnd=1.000000 ssthresh=16.000000
[115831.42ms] SEND seq=117 len=512
[115931.61ms] DUP_ACK ack_num=110 count=1
[116031.81ms] DUP_ACK ack_num=110 count=2
[116131.62ms] TIMEOUT sendBase=110 nextSeq=118
[116131.70ms] RETRANSMIT seq=110 len=512 [RETRANSMIT]
[116131.71ms] RETRANSMIT seq=111 len=512 [RETRANSMIT]
[116131.73ms] RETRANSMIT seq=112 len=512 [RETRANSMIT]
[116131.74ms] RETRANSMIT seq=113 len=512 [RETRANSMIT]
[116131.75ms] RETRANSMIT seq=114 len=512 [RETRANSMIT]
[116131.83ms] RETRANSMIT seq=115 len=512 [RETRANSMIT]
[116131.84ms] RETRANSMIT seq=116 len=512 [RETRANSMIT]
[116131.85ms] RETRANSMIT seq=117 len=512 [RETRANSMIT]
[116132.10ms] DUP_ACK ack_num=110 count=1
[116232.59ms] DUP_ACK ack_num=110 count=2
[116332.60ms] DUP_ACK ack_num=110 count=3
[116432.11ms] TIMEOUT sendBase=110 nextSeq=118
[116432.17ms] RETRANSMIT seq=110 len=512 [RETRANSMIT]
[116432.18ms] RETRANSMIT seq=111 len=512 [RETRANSMIT]
[116432.19ms] RETRANSMIT seq=112 len=512 [RETRANSMIT]
[116432.19ms] RETRANSMIT seq=113 len=512 [RETRANSMIT]
[116432.20ms] RETRANSMIT seq=114 len=512 [RETRANSMIT]
[116432.20ms] RETRANSMIT seq=115 len=512 [RETRANSMIT]
[116432.21ms] RETRANSMIT seq=116 len=512 [RETRANSMIT]
[116432.21ms] RETRANSMIT seq=117 len=512 [RETRANSMIT]
[116432.85ms] DUP_ACK ack_num=110 count=1
[116533.19ms] DUP_ACK ack_num=110 count=2
[116633.50ms] DUP_ACK ack_num=110 count=3
[116732.43ms] TIMEOUT sendBase=110 nextSeq=118
[116732.49ms] RETRANSMIT seq=110 len=512 [RETRANSMIT]
[116732.50ms] RETRANSMIT seq=111 len=512 [RETRANSMIT]
[116732.50ms] RETRANSMIT seq=112 len=512 [RETRANSMIT]
[116732.51ms] RETRANSMIT seq=113 len=512 [RETRANSMIT]
[116732.52ms] RETRANSMIT seq=114 len=512 [RETRANSMIT]
[116732.52ms] RETRANSMIT seq=115 len=512 [RETRANSMIT]
[116732.53ms] RETRANSMIT seq=116 len=512 [RETRANSMIT]
[116732.53ms] RETRANSMIT seq=117 len=512 [RETRANSMIT]
[116733.68ms] DUP_ACK ack_num=110 count=1
[116833.95ms] DUP_ACK ack_num=110 count=2
[116934.23ms] DUP_ACK ack_num=110 count=3
[117032.74ms] TIMEOUT sendBase=110 nextSeq=118
[117032.81ms] RETRANSMIT seq=110 len=512 [RETRANSMIT]
[117032.82ms] RETRANSMIT seq=111 len=512 [RETRANSMIT]
[117032.83ms] RETRANSMIT seq=112 len=512 [RETRANSMIT]
[117032.83ms] RETRANSMIT seq=113 len=512 [RETRANSMIT]
[117032.84ms] RETRANSMIT seq=114 len=512 [RETRANSMIT]
[117032.85ms] RETRANSMIT seq=115 len=512 [RETRANSMIT]
[117032.86ms] RETRANSMIT seq=116 len=512 [RETRANSMIT]
[117032.86ms] RETRANSMIT seq=117 len=512 [RETRANSMIT]
[117034.42ms] DUP_ACK ack_num=110 count=1
[117134.58ms] DUP_ACK ack_num=110 count=2
[117234.91ms] DUP_ACK ack_num=110 count=3
[117333.16ms] TIMEOUT sendBase=110 nextSeq=118
[117333.23ms] RETRANSMIT seq=110 len=512 [RETRANSMIT]
[117333.24ms] RETRANSMIT seq=111 len=512 [RETRANSMIT]
[117333.24ms] RETRANSMIT seq=112 len=512 [RETRANSMIT]
[117333.25ms] RETRANSMIT seq=113 len=512 [RETRANSMIT]
[117333.25ms] RETRANSMIT seq=114 len=512 [RETRANSMIT]
[117333.25ms] RETRANSMIT seq=115 len=512 [RETRANSMIT]
[117333.26ms] RETRANSMIT seq=116 len=512 [RETRANSMIT]
[117333.26ms] RETRANSMIT seq=117 len=512 [RETRANSMIT]
[117335.12ms] DUP_ACK ack_num=110 count=1
[117435.40ms] DUP_ACK ack_num=110 count=2
[117535.71ms] DUP_ACK ack_num=110 count=3
[117633.45ms] TIMEOUT sendBase=110 nextSeq=118
[117633.52ms] RETRANSMIT seq=110 len=512 [RETRANSMIT]
[117633.53ms] RETRANSMIT seq=111 len=512 [RETRANSMIT]
[117633.53ms] RETRANSMIT seq=112 len=512 [RETRANSMIT]
[117633.54ms] RETRANSMIT seq=113 len=512 [RETRANSMIT]
[117633.54ms] RETRANSMIT seq=114 len=512 [RETRANSMIT]
[117633.55ms] RETRANSMIT seq=115 len=512 [RETRANSMIT]
[117633.55ms] RETRANSMIT seq=116 len=512 [RETRANSMIT]
[117633.55ms] RETRANSMIT seq=117 len=512 [RETRANSMIT]
[117635.89ms] DUP_ACK ack_num=110 count=1
[117736.16ms] DUP_ACK ack_num=110 count=2
[117836.36ms] DUP_ACK ack_num=110 count=3
[117933.78ms] TIMEOUT sendBase=110 nextSeq=118
[117933.84ms] RETRANSMIT seq=110 len=512 [RETRANSMIT]
[117933.85ms] RETRANSMIT seq=111 len=512 [RETRANSMIT]
[117933.85ms] RETRANSMIT seq=112 len=512 [RETRANSMIT]
[117933.86ms] RETRANSMIT seq=113 len=512 [RETRANSMIT]
[117933.86ms] RETRANSMIT seq=114 len=512 [RETRANSMIT]
[117933.87ms] RETRANSMIT seq=115 len=512 [RETRANSMIT]
[117933.87ms] RETRANSMIT seq=116 len=512 [RETRANSMIT]
[117933.90ms] RETRANSMIT seq=117 len=512 [RETRANSMIT]
[117936.56ms] DUP_ACK ack_num=110 count=1
[118036.92ms] DUP_ACK ack_num=110 count=2
[118137.26ms] DUP_ACK ack_num=110 count=3
[118234.15ms] TIMEOUT sendBase=110 nextSeq=118
[118234.22ms] RETRANSMIT seq=110 len=512 [RETRANSMIT]
[118234.22ms] RETRANSMIT seq=111 len=512 [RETRANSMIT]
[118234.23ms] RETRANSMIT seq=112 len=512 [RETRANSMIT]
[118234.23ms] RETRANSMIT seq=113 len=512 [RETRANSMIT]
[118234.23ms] RETRANSMIT seq=114 len=512 [RETRANSMIT]
[118234.24ms] RETRANSMIT seq=115 len=512 [RETRANSMIT]
[118234.24ms] RETRANSMIT seq=116 len=512 [RETRANSMIT]
[118234.25ms] RETRANSMIT seq=117 len=512 [RETRANSMIT]
[118237.51ms] DUP_ACK ack_num=110 count=1
[118337.89ms] DUP_ACK ack_num=110 count=2
[118438.15ms] DUP_ACK ack_num=110 count=3
[118534.52ms] TIMEOUT sendBase=110 nextSeq=118
[118534.59ms] RETRANSMIT seq=110 len=512 [RETRANSMIT]
[118534.60ms] RETRANSMIT seq=111 len=512 [RETRANSMIT]
[118534.61ms] RETRANSMIT seq=112 len=512 [RETRANSMIT]
[118534.62ms] RETRANSMIT seq=113 len=512 [RETRANSMIT]
[118534.63ms] RETRANSMIT seq=114 len=512 [RETRANSMIT]
[118534.64ms] RETRANSMIT seq=115 len=512 [RETRANSMIT]
[118534.64ms] RETRANSMIT seq=116 len=512 [RETRANSMIT]
[118534.65ms] RETRANSMIT seq=117 len=512 [RETRANSMIT]
[118538.27ms] DUP_ACK ack_num=110 count=1
[118638.76ms] DUP_ACK ack_num=110 count=2
[118739.13ms] DUP_ACK ack_num=110 count=3
[118835.01ms] TIMEOUT sendBase=110 nextSeq=118
[118835.10ms] RETRANSMIT seq=110 len=512 [RETRANSMIT]
[118835.11ms] RETRANSMIT seq=111 len=512 [RETRANSMIT]
[118835.11ms] RETRANSMIT seq=112 len=512 [RETRANSMIT]
[118835.12ms] RETRANSMIT seq=113 len=512 [RETRANSMIT]
[118835.13ms] RETRANSMIT seq=114 len=512 [RETRANSMIT]
[118835.13ms] RETRANSMIT seq=115 len=512 [RETRANSMIT]
[118835.14ms] RETRANSMIT seq=116 len=512 [RETRANSMIT]
[118835.15ms] RETRANSMIT seq=117 len=512 [RETRANSMIT]
[118839.39ms] DUP_ACK ack_num=110 count=1
[118939.54ms] DUP_ACK ack_num=110 count=2
[119039.82ms] DUP_ACK ack_num=110 count=3
[119135.39ms] TIMEOUT sendBase=110 nextSeq=118
[119135.46ms] RETRANSMIT seq=110 len=512 [RETRANSMIT]
[119135.47ms] RETRANSMIT seq=111 len=512 [RETRANSMIT]
[119135.48ms] RETRANSMIT seq=112 len=512 [RETRANSMIT]
[119135.49ms] RETRANSMIT seq=113 len=512 [RETRANSMIT]
[119135.49ms] RETRANSMIT seq=114 len=512 [RETRANSMIT]
[119135.50ms] RETRANSMIT seq=115 len=512 [RETRANSMIT]
[119135.50ms] RETRANSMIT seq=116 len=512 [RETRANSMIT]
[119135.51ms] RETRANSMIT seq=117 len=512 [RETRANSMIT]
[119140.13ms] DUP_ACK ack_num=110 count=1
[119240.41ms] DUP_ACK ack_num=110 count=2
[119340.68ms] DUP_ACK ack_num=110 count=3
[119435.80ms] TIMEOUT sendBase=110 nextSeq=118
[119435.87ms] RETRANSMIT seq=110 len=512 [RETRANSMIT]
[119435.87ms] RETRANSMIT seq=111 len=512 [RETRANSMIT]
[119435.88ms] RETRANSMIT seq=112 len=512 [RETRANSMIT]
[119435.88ms] RETRANSMIT seq=113 len=512 [RETRANSMIT]
[119435.89ms] RETRANSMIT seq=114 len=512 [RETRANSMIT]
[119435.89ms] RETRANSMIT seq=115 len=512 [RETRANSMIT]
[119435.90ms] RETRANSMIT seq=116 len=512 [RETRANSMIT]
[119435.90ms] RETRANSMIT seq=117 len=512 [RETRANSMIT]
[119440.99ms] DUP_ACK ack_num=110 count=1
[119541.38ms] DUP_ACK ack_num=110 count=2
[119641.60ms] DUP_ACK ack_num=110 count=3
[119736.21ms] TIMEOUT sendBase=110 nextSeq=118
[119736.29ms] RETRANSMIT seq=110 len=512 [RETRANSMIT]
[119736.30ms] RETRANSMIT seq=111 len=512 [RETRANSMIT]
[119736.31ms] RETRANSMIT seq=112 len=512 [RETRANSMIT]
[119736.32ms] RETRANSMIT seq=113 len=512 [RETRANSMIT]
[119736.32ms] RETRANSMIT seq=114 len=512 [RETRANSMIT]
[119736.33ms] RETRANSMIT seq=115 len=512 [RETRANSMIT]
[119736.34ms] RETRANSMIT seq=116 len=512 [RETRANSMIT]
[119736.34ms] RETRANSMIT seq=117 len=512 [RETRANSMIT]
[119741.90ms] DUP_ACK ack_num=110 count=1
[119842.29ms] DUP_ACK ack_num=110 count=2
[119942.42ms] DUP_ACK ack_num=110 count=3
[120036.55ms] TIMEOUT sendBase=110 nextSeq=118
[120036.61ms] RETRANSMIT seq=110 len=512 [RETRANSMIT]
[120036.61ms] RETRANSMIT seq=111 len=512 [RETRANSMIT]
[120036.62ms] RETRANSMIT seq=112 len=512 [RETRANSMIT]
[120036.62ms] RETRANSMIT seq=113 len=512 [RETRANSMIT]
[120036.63ms] RETRANSMIT seq=114 len=512 [RETRANSMIT]
[120036.63ms] RETRANSMIT seq=115 len=512 [RETRANSMIT]
[120036.64ms] RETRANSMIT seq=116 len=512 [RETRANSMIT]
[120036.64ms] RETRANSMIT seq=117 len=512 [RETRANSMIT]
[120042.76ms] ACK ack_num=111 cwnd=1.000000 ssthresh=16.000000
[120042.79ms] SEND seq=118 len=512
[120143.05ms] DUP_ACK ack_num=111 count=1
[120243.14ms] DUP_ACK ack_num=111 count=2
[120342.96ms] TIMEOUT sendBase=111 nextSeq=119
[120343.01ms] RETRANSMIT seq=111 len=512 [RETRANSMIT]
[120343.02ms] RETRANSMIT seq=112 len=512 [RETRANSMIT]
[120343.02ms] RETRANSMIT seq=113 len=512 [RETRANSMIT]
[120343.03ms] RETRANSMIT seq=114 len=512 [RETRANSMIT]
[120343.03ms] RETRANSMIT seq=115 len=512 [RETRANSMIT]
[120343.03ms] RETRANSMIT seq=116 len=512 [RETRANSMIT]
[120343.04ms] RETRANSMIT seq=117 len=512 [RETRANSMIT]
[120343.04ms] RETRANSMIT seq=118 len=512 [RETRANSMIT]
[120343.30ms] DUP_ACK ack_num=111 count=1
[120443.62ms] DUP_ACK ack_num=111 count=2
[120543.97ms] DUP_ACK ack_num=111 count=3
[120643.26ms] TIMEOUT sendBase=111 nextSeq=119
[120643.32ms] RETRANSMIT seq=111 len=512 [RETRANSMIT]
[120643.33ms] RETRANSMIT seq=112 len=512 [RETRANSMIT]
[120643.33ms] RETRANSMIT seq=113 len=512 [RETRANSMIT]
[120643.34ms] RETRANSMIT seq=114 len=512 [RETRANSMIT]
[120643.34ms] RETRANSMIT seq=115 len=512 [RETRANSMIT]
[120643.35ms] RETRANSMIT seq=116 len=512 [RETRANSMIT]
[120643.36ms] RETRANSMIT seq=117 len=512 [RETRANSMIT]
[120643.36ms] RETRANSMIT seq=118 len=512 [RETRANSMIT]
[120644.16ms] DUP_ACK ack_num=111 count=1
[120858.97ms] DUP_ACK ack_num=111 count=2
[120947.46ms] TIMEOUT sendBase=111 nextSeq=119
[120947.53ms] RETRANSMIT seq=111 len=512 [RETRANSMIT]
[120947.54ms] RETRANSMIT seq=112 len=512 [RETRANSMIT]
[120947.55ms] RETRANSMIT seq=113 len=512 [RETRANSMIT]
[120947.56ms] RETRANSMIT seq=114 len=512 [RETRANSMIT]
[120947.56ms] RETRANSMIT seq=115 len=512 [RETRANSMIT]
[120947.57ms] RETRANSMIT seq=116 len=512 [RETRANSMIT]
[120947.58ms] RETRANSMIT seq=117 len=512 [RETRANSMIT]
[120947.58ms] RETRANSMIT seq=118 len=512 [RETRANSMIT]
[120959.40ms] DUP_ACK ack_num=111 count=1
[121059.79ms] DUP_ACK ack_num=111 count=2
[121160.07ms] DUP_ACK ack_num=111 count=3
[121247.84ms] TIMEOUT sendBase=111 nextSeq=119
[121247.91ms] RETRANSMIT seq=111 len=512 [RETRANSMIT]
[121247.92ms] RETRANSMIT seq=112 len=512 [RETRANSMIT]
[121247.92ms] RETRANSMIT seq=113 len=512 [RETRANSMIT]
[121247.92ms] RETRANSMIT seq=114 len=512 [RETRANSMIT]
[121247.93ms] RETRANSMIT seq=115 len=512 [RETRANSMIT]
[121247.94ms] RETRANSMIT seq=116 len=512 [RETRANSMIT]
[121247.94ms] RETRANSMIT seq=117 len=512 [RETRANSMIT]
[121247.95ms] RETRANSMIT seq=118 len=512 [RETRANSMIT]
[121260.67ms] DUP_ACK ack_num=111 count=1
[121360.82ms] DUP_ACK ack_num=111 count=2
[121461.22ms] DUP_ACK ack_num=111 count=3
[121548.19ms] TIMEOUT sendBase=111 nextSeq=119
[121548.25ms] RETRANSMIT seq=111 len=512 [RETRANSMIT]
[121548.26ms] RETRANSMIT seq=112 len=512 [RETRANSMIT]
[121548.26ms] RETRANSMIT seq=113 len=512 [RETRANSMIT]
[121548.27ms] RETRANSMIT seq=114 len=512 [RETRANSMIT]
[121548.27ms] RETRANSMIT seq=115 len=512 [RETRANSMIT]
[121548.28ms] RETRANSMIT seq=116 len=512 [RETRANSMIT]
[121548.28ms] RETRANSMIT seq=117 len=512 [RETRANSMIT]
[121548.28ms] RETRANSMIT seq=118 len=512 [RETRANSMIT]
[121561.50ms] DUP_ACK ack_num=111 count=1
[121661.71ms] DUP_ACK ack_num=111 count=2
[121762.03ms] DUP_ACK ack_num=111 count=3
[121893.05ms] TIMEOUT sendBase=111 nextSeq=119
[121893.18ms] RETRANSMIT seq=111 len=512 [RETRANSMIT]
[121893.19ms] RETRANSMIT seq=112 len=512 [RETRANSMIT]
[121893.20ms] RETRANSMIT seq=113 len=512 [RETRANSMIT]
[121893.20ms] RETRANSMIT seq=114 len=512 [RETRANSMIT]
[121893.21ms] RETRANSMIT seq=115 len=512 [RETRANSMIT]
[121893.22ms] RETRANSMIT seq=116 len=512 [RETRANSMIT]
[121893.22ms] RETRANSMIT seq=117 len=512 [RETRANSMIT]
[121893.23ms] RETRANSMIT seq=118 len=512 [RETRANSMIT]
[121893.96ms] DUP_ACK ack_num=111 count=1
[121994.45ms] DUP_ACK ack_num=111 count=2
[122094.88ms] DUP_ACK ack_num=111 count=3
[122193.41ms] TIMEOUT sendBase=111 nextSeq=119
[122193.46ms] RETRANSMIT seq=111 len=512 [RETRANSMIT]
[122193.47ms] RETRANSMIT seq=112 len=512 [RETRANSMIT]
[122193.47ms] RETRANSMIT seq=113 len=512 [RETRANSMIT]
[122193.48ms] RETRANSMIT seq=114 len=512 [RETRANSMIT]
[122193.48ms] RETRANSMIT seq=115 len=512 [RETRANSMIT]
[122193.49ms] RETRANSMIT seq=116 len=512 [RETRANSMIT]
[122193.49ms] RETRANSMIT seq=117 len=512 [RETRANSMIT]
[122193.49ms] RETRANSMIT seq=118 len=512 [RETRANSMIT]
[122195.11ms] DUP_ACK ack_num=111 count=1
[122295.52ms] DUP_ACK ack_num=111 count=2
[122395.94ms] DUP_ACK ack_num=111 count=3
[122493.77ms] TIMEOUT sendBase=111 nextSeq=119
[122493.87ms] RETRANSMIT seq=111 len=512 [RETRANSMIT]
[122493.88ms] RETRANSMIT seq=112 len=512 [RETRANSMIT]
[122493.89ms] RETRANSMIT seq=113 len=512 [RETRANSMIT]
[122493.89ms] RETRANSMIT seq=114 len=512 [RETRANSMIT]
[122493.91ms] RETRANSMIT seq=115 len=512 [RETRANSMIT]
[122493.91ms] RETRANSMIT seq=116 len=512 [RETRANSMIT]
[122493.92ms] RETRANSMIT seq=117 len=512 [RETRANSMIT]
[122493.93ms] RETRANSMIT seq=118 len=512 [RETRANSMIT]
[122496.43ms] DUP_ACK ack_num=111 count=1
[122596.76ms] DUP_ACK ack_num=111 count=2
[122696.95ms] DUP_ACK ack_num=111 count=3
[122794.14ms] TIMEOUT sendBase=111 nextSeq=119
[122794.21ms] RETRANSMIT seq=111 len=512 [RETRANSMIT]
[122794.22ms] RETRANSMIT seq=112 len=512 [RETRANSMIT]
[122794.23ms] RETRANSMIT seq=113 len=512 [RETRANSMIT]
[122794.23ms] RETRANSMIT seq=114 len=512 [RETRANSMIT]
[122794.24ms] RETRANSMIT seq=115 len=512 [RETRANSMIT]
[122794.25ms] RETRANSMIT seq=116 len=512 [RETRANSMIT]
[122794.25ms] RETRANSMIT seq=117 len=512 [RETRANSMIT]
[122794.26ms] RETRANSMIT seq=118 len=512 [RETRANSMIT]
[122797.58ms] ACK ack_num=112 cwnd=1.000000 ssthresh=16.000000
[122797.62ms] SEND seq=119 len=512
[122897.79ms] DUP_ACK ack_num=112 count=1
[122998.18ms] DUP_ACK ack_num=112 count=2
[123098.09ms] TIMEOUT sendBase=112 nextSeq=120
[123098.16ms] RETRANSMIT seq=112 len=512 [RETRANSMIT]
[123098.17ms] RETRANSMIT seq=113 len=512 [RETRANSMIT]
[123098.18ms] RETRANSMIT seq=114 len=512 [RETRANSMIT]
[123098.18ms] RETRANSMIT seq=115 len=512 [RETRANSMIT]
[123098.19ms] RETRANSMIT seq=116 len=512 [RETRANSMIT]
[123098.19ms] RETRANSMIT seq=117 len=512 [RETRANSMIT]
[123098.20ms] RETRANSMIT seq=118 len=512 [RETRANSMIT]
[123098.20ms] RETRANSMIT seq=119 len=512 [RETRANSMIT]
[123098.23ms] DUP_ACK ack_num=112 count=1
[123198.99ms] DUP_ACK ack_num=112 count=2
[123299.18ms] ACK ack_num=113 cwnd=1.000000 ssthresh=16.000000
[123299.23ms] SEND seq=120 len=512
[123400.09ms] ACK ack_num=114 cwnd=1.000000 ssthresh=16.000000
[123400.13ms] SEND seq=121 len=512
[123500.62ms] DUP_ACK ack_num=114 count=1
[123600.81ms] DUP_ACK ack_num=114 count=2
[123700.43ms] TIMEOUT sendBase=114 nextSeq=122
[123700.52ms] RETRANSMIT seq=114 len=512 [RETRANSMIT]
[123700.53ms] RETRANSMIT seq=115 len=512 [RETRANSMIT]
[123700.53ms] RETRANSMIT seq=116 len=512 [RETRANSMIT]
[123700.54ms] RETRANSMIT seq=117 len=512 [RETRANSMIT]
[123700.54ms] RETRANSMIT seq=118 len=512 [RETRANSMIT]
[123700.55ms] RETRANSMIT seq=119 len=512 [RETRANSMIT]
[123700.55ms] RETRANSMIT seq=120 len=512 [RETRANSMIT]
[123700.55ms] RETRANSMIT seq=121 len=512 [RETRANSMIT]
[123701.00ms] DUP_ACK ack_num=114 count=1
[123801.59ms] DUP_ACK ack_num=114 count=2
[123901.82ms] DUP_ACK ack_num=114 count=3
[124000.87ms] TIMEOUT sendBase=114 nextSeq=122
[124000.97ms] RETRANSMIT seq=114 len=512 [RETRANSMIT]
[124000.98ms] RETRANSMIT seq=115 len=512 [RETRANSMIT]
[124000.99ms] RETRANSMIT seq=116 len=512 [RETRANSMIT]
[124001.00ms] RETRANSMIT seq=117 len=512 [RETRANSMIT]
[124001.01ms] RETRANSMIT seq=118 len=512 [RETRANSMIT]
[124001.01ms] RETRANSMIT seq=119 len=512 [RETRANSMIT]
[124001.02ms] RETRANSMIT seq=120 len=512 [RETRANSMIT]
[124001.03ms] RETRANSMIT seq=121 len=512 [RETRANSMIT]
[124002.07ms] DUP_ACK ack_num=114 count=1
[124102.53ms] DUP_ACK ack_num=114 count=2
[124202.86ms] DUP_ACK ack_num=114 count=3
[124301.36ms] TIMEOUT sendBase=114 nextSeq=122
[124301.46ms] RETRANSMIT seq=114 len=512 [RETRANSMIT]
[124301.47ms] RETRANSMIT seq=115 len=512 [RETRANSMIT]
[124301.47ms] RETRANSMIT seq=116 len=512 [RETRANSMIT]
[124301.47ms] RETRANSMIT seq=117 len=512 [RETRANSMIT]
[124301.48ms] RETRANSMIT seq=118 len=512 [RETRANSMIT]
[124301.48ms] RETRANSMIT seq=119 len=512 [RETRANSMIT]
[124301.49ms] RETRANSMIT seq=120 len=512 [RETRANSMIT]
[124301.49ms] RETRANSMIT seq=121 len=512 [RETRANSMIT]
[124303.12ms] DUP_ACK ack_num=114 count=1
[124403.35ms] DUP_ACK ack_num=114 count=2
[124503.70ms] DUP_ACK ack_num=114 count=3
[124601.83ms] TIMEOUT sendBase=114 nextSeq=122
[124601.93ms] RETRANSMIT seq=114 len=512 [RETRANSMIT]
[124601.98ms] RETRANSMIT seq=115 len=512 [RETRANSMIT]
[124601.98ms] RETRANSMIT seq=116 len=512 [RETRANSMIT]
[124601.99ms] RETRANSMIT seq=117 len=512 [RETRANSMIT]
[124602.00ms] RETRANSMIT seq=118 len=512 [RETRANSMIT]
[124602.00ms] RETRANSMIT seq=119 len=512 [RETRANSMIT]
[124602.01ms] RETRANSMIT seq=120 len=512 [RETRANSMIT]
[124602.01ms] RETRANSMIT seq=121 len=512 [RETRANSMIT]
[124603.90ms] DUP_ACK ack_num=114 count=1
[124704.41ms] DUP_ACK ack_num=114 count=2
[124804.80ms] DUP_ACK ack_num=114 count=3
[124902.46ms] TIMEOUT sendBase=114 nextSeq=122
[124902.53ms] RETRANSMIT seq=114 len=512 [RETRANSMIT]
[124902.54ms] RETRANSMIT seq=115 len=512 [RETRANSMIT]
[124902.55ms] RETRANSMIT seq=116 len=512 [RETRANSMIT]
[124902.56ms] RETRANSMIT seq=117 len=512 [RETRANSMIT]
[124902.56ms] RETRANSMIT seq=118 len=512 [RETRANSMIT]
[124902.57ms] RETRANSMIT seq=119 len=512 [RETRANSMIT]
[124902.58ms] RETRANSMIT seq=120 len=512 [RETRANSMIT]
[124902.59ms] RETRANSMIT seq=121 len=512 [RETRANSMIT]
[124905.19ms] DUP_ACK ack_num=114 count=1
[125005.45ms] DUP_ACK ack_num=114 count=2
[125105.66ms] DUP_ACK ack_num=114 count=3
[125202.89ms] TIMEOUT sendBase=114 nextSeq=122
[125202.98ms] RETRANSMIT seq=114 len=512 [RETRANSMIT]
[125202.99ms] RETRANSMIT seq=115 len=512 [RETRANSMIT]
[125203.00ms] RETRANSMIT seq=116 len=512 [RETRANSMIT]
[125203.00ms] RETRANSMIT seq=117 len=512 [RETRANSMIT]
[125203.00ms] RETRANSMIT seq=118 len=512 [RETRANSMIT]
[125203.01ms] RETRANSMIT seq=119 len=512 [RETRANSMIT]
[125203.01ms] RETRANSMIT seq=120 len=512 [RETRANSMIT]
[125203.02ms] RETRANSMIT seq=121 len=512 [RETRANSMIT]
[125206.00ms] DUP_ACK ack_num=114 count=1
[125306.22ms] DUP_ACK ack_num=114 count=2
[125406.71ms] DUP_ACK ack_num=114 count=3
[125503.27ms] TIMEOUT sendBase=114 nextSeq=122
[125503.38ms] RETRANSMIT seq=114 len=512 [RETRANSMIT]
[125503.39ms] RETRANSMIT seq=115 len=512 [RETRANSMIT]
[125503.39ms] RETRANSMIT seq=116 len=512 [RETRANSMIT]
[125503.40ms] RETRANSMIT seq=117 len=512 [RETRANSMIT]
[125503.41ms] RETRANSMIT seq=118 len=512 [RETRANSMIT]
[125503.41ms] RETRANSMIT seq=119 len=512 [RETRANSMIT]
[125503.42ms] RETRANSMIT seq=120 len=512 [RETRANSMIT]
[125503.42ms] RETRANSMIT seq=121 len=512 [RETRANSMIT]
[125506.85ms] DUP_ACK ack_num=114 count=1
[125607.17ms] DUP_ACK ack_num=114 count=2
[125707.41ms] DUP_ACK ack_num=114 count=3
[125803.74ms] TIMEOUT sendBase=114 nextSeq=122
[125803.80ms] RETRANSMIT seq=114 len=512 [RETRANSMIT]
[125803.81ms] RETRANSMIT seq=115 len=512 [RETRANSMIT]
[125803.82ms] RETRANSMIT seq=116 len=512 [RETRANSMIT]
[125803.82ms] RETRANSMIT seq=117 len=512 [RETRANSMIT]
[125803.83ms] RETRANSMIT seq=118 len=512 [RETRANSMIT]
[125803.83ms] RETRANSMIT seq=119 len=512 [RETRANSMIT]
[125803.83ms] RETRANSMIT seq=120 len=512 [RETRANSMIT]
[125803.84ms] RETRANSMIT seq=121 len=512 [RETRANSMIT]
[125807.76ms] DUP_ACK ack_num=114 count=1
[125908.20ms] DUP_ACK ack_num=114 count=2
[126008.37ms] ACK ack_num=115 cwnd=1.000000 ssthresh=16.000000
[126008.40ms] SEND seq=122 len=512
[126108.73ms] ACK ack_num=116 cwnd=1.000000 ssthresh=16.000000
[126108.76ms] SEND seq=123 len=512
[126208.85ms] ACK ack_num=117 cwnd=1.000000 ssthresh=16.000000
[126208.90ms] SEND seq=124 len=512
[126309.16ms] ACK ack_num=118 cwnd=1.000000 ssthresh=16.000000
[126309.22ms] SEND seq=125 len=512
[126409.49ms] DUP_ACK ack_num=118 count=1
[126509.73ms] DUP_ACK ack_num=118 count=2
[126609.39ms] TIMEOUT sendBase=118 nextSeq=126
[126609.46ms] RETRANSMIT seq=118 len=512 [RETRANSMIT]
[126609.47ms] RETRANSMIT seq=119 len=512 [RETRANSMIT]
[126609.47ms] RETRANSMIT seq=120 len=512 [RETRANSMIT]
[126609.48ms] RETRANSMIT seq=121 len=512 [RETRANSMIT]
[126609.48ms] RETRANSMIT seq=122 len=512 [RETRANSMIT]
[126609.49ms] RETRANSMIT seq=123 len=512 [RETRANSMIT]
[126609.49ms] RETRANSMIT seq=124 len=512 [RETRANSMIT]
[126609.49ms] RETRANSMIT seq=125 len=512 [RETRANSMIT]
[126609.90ms] DUP_ACK ack_num=118 count=1
[126710.32ms] DUP_ACK ack_num=118 count=2
[126810.50ms] DUP_ACK ack_num=118 count=3
[126909.77ms] TIMEOUT sendBase=118 nextSeq=126
[126909.87ms] RETRANSMIT seq=118 len=512 [RETRANSMIT]
[126909.87ms] RETRANSMIT seq=119 len=512 [RETRANSMIT]
[126909.88ms] RETRANSMIT seq=120 len=512 [RETRANSMIT]
[126909.89ms] RETRANSMIT seq=121 len=512 [RETRANSMIT]
[126909.89ms] RETRANSMIT seq=122 len=512 [RETRANSMIT]
[126909.90ms] RETRANSMIT seq=123 len=512 [RETRANSMIT]
[126909.91ms] RETRANSMIT seq=124 len=512 [RETRANSMIT]
[126909.91ms] RETRANSMIT seq=125 len=512 [RETRANSMIT]
[126910.83ms] DUP_ACK ack_num=118 count=1
[127011.14ms] DUP_ACK ack_num=118 count=2
[127111.53ms] DUP_ACK ack_num=118 count=3
[127210.16ms] TIMEOUT sendBase=118 nextSeq=126
[127210.26ms] RETRANSMIT seq=118 len=512 [RETRANSMIT]
[127210.28ms] RETRANSMIT seq=119 len=512 [RETRANSMIT]
[127210.29ms] RETRANSMIT seq=120 len=512 [RETRANSMIT]
[127210.30ms] RETRANSMIT seq=121 len=512 [RETRANSMIT]
[127210.31ms] RETRANSMIT seq=122 len=512 [RETRANSMIT]
[127210.31ms] RETRANSMIT seq=123 len=512 [RETRANSMIT]
[127210.32ms] RETRANSMIT seq=124 len=512 [RETRANSMIT]
[127210.33ms] RETRANSMIT seq=125 len=512 [RETRANSMIT]
[127211.90ms] DUP_ACK ack_num=118 count=1
[127312.24ms] DUP_ACK ack_num=118 count=2
[127412.48ms] DUP_ACK ack_num=118 count=3
[127510.55ms] TIMEOUT sendBase=118 nextSeq=126
[127510.62ms] RETRANSMIT seq=118 len=512 [RETRANSMIT]
[127510.63ms] RETRANSMIT seq=119 len=512 [RETRANSMIT]
[127510.64ms] RETRANSMIT seq=120 len=512 [RETRANSMIT]
[127510.65ms] RETRANSMIT seq=121 len=512 [RETRANSMIT]
[127510.65ms] RETRANSMIT seq=122 len=512 [RETRANSMIT]
[127510.66ms] RETRANSMIT seq=123 len=512 [RETRANSMIT]
[127510.66ms] RETRANSMIT seq=124 len=512 [RETRANSMIT]
[127510.66ms] RETRANSMIT seq=125 len=512 [RETRANSMIT]
[127512.74ms] DUP_ACK ack_num=118 count=1
[127613.21ms] DUP_ACK ack_num=118 count=2
[127713.36ms] DUP_ACK ack_num=118 count=3
[127810.90ms] TIMEOUT sendBase=118 nextSeq=126
[127810.96ms] RETRANSMIT seq=118 len=512 [RETRANSMIT]
[127810.97ms] RETRANSMIT seq=119 len=512 [RETRANSMIT]
[127810.98ms] RETRANSMIT seq=120 len=512 [RETRANSMIT]
[127810.98ms] RETRANSMIT seq=121 len=512 [RETRANSMIT]
[127810.98ms] RETRANSMIT seq=122 len=512 [RETRANSMIT]
[127810.99ms] RETRANSMIT seq=123 len=512 [RETRANSMIT]
[127811.00ms] RETRANSMIT seq=124 len=512 [RETRANSMIT]
[127811.01ms] RETRANSMIT seq=125 len=512 [RETRANSMIT]
[127813.58ms] DUP_ACK ack_num=118 count=1
[127913.89ms] DUP_ACK ack_num=118 count=2
[128014.14ms] DUP_ACK ack_num=118 count=3
[128111.23ms] TIMEOUT sendBase=118 nextSeq=126
[128111.29ms] RETRANSMIT seq=118 len=512 [RETRANSMIT]
[128111.30ms] RETRANSMIT seq=119 len=512 [RETRANSMIT]
[128111.30ms] RETRANSMIT seq=120 len=512 [RETRANSMIT]
[128111.31ms] RETRANSMIT seq=121 len=512 [RETRANSMIT]
[128111.31ms] RETRANSMIT seq=122 len=512 [RETRANSMIT]
[128111.32ms] RETRANSMIT seq=123 len=512 [RETRANSMIT]
[128111.32ms] RETRANSMIT seq=124 len=512 [RETRANSMIT]
[128111.32ms] RETRANSMIT seq=125 len=512 [RETRANSMIT]
[128114.44ms] DUP_ACK ack_num=118 count=1
[128214.65ms] DUP_ACK ack_num=118 count=2
[128314.91ms] DUP_ACK ack_num=118 count=3
[128411.53ms] TIMEOUT sendBase=118 nextSeq=126
[128411.59ms] RETRANSMIT seq=118 len=512 [RETRANSMIT]
[128411.59ms] RETRANSMIT seq=119 len=512 [RETRANSMIT]
[128411.60ms] RETRANSMIT seq=120 len=512 [RETRANSMIT]
[128411.60ms] RETRANSMIT seq=121 len=512 [RETRANSMIT]
[128411.61ms] RETRANSMIT seq=122 len=512 [RETRANSMIT]
[128411.62ms] RETRANSMIT seq=123 len=512 [RETRANSMIT]
[128411.62ms] RETRANSMIT seq=124 len=512 [RETRANSMIT]
[128411.63ms] RETRANSMIT seq=125 len=512 [RETRANSMIT]
[128415.12ms] DUP_ACK ack_num=118 count=1
[128515.40ms] DUP_ACK ack_num=118 count=2
[128615.78ms] DUP_ACK ack_num=118 count=3
[128711.88ms] TIMEOUT sendBase=118 nextSeq=126
[128711.95ms] RETRANSMIT seq=118 len=512 [RETRANSMIT]
[128711.95ms] RETRANSMIT seq=119 len=512 [RETRANSMIT]
[128711.96ms] RETRANSMIT seq=120 len=512 [RETRANSMIT]
[128711.96ms] RETRANSMIT seq=121 len=512 [RETRANSMIT]
[128711.97ms] RETRANSMIT seq=122 len=512 [RETRANSMIT]
[128711.97ms] RETRANSMIT seq=123 len=512 [RETRANSMIT]
[128711.98ms] RETRANSMIT seq=124 len=512 [RETRANSMIT]
[128711.98ms] RETRANSMIT seq=125 len=512 [RETRANSMIT]
[128716.02ms] DUP_ACK ack_num=118 count=1
[128816.43ms] DUP_ACK ack_num=118 count=2
[128916.68ms] DUP_ACK ack_num=118 count=3
[129012.17ms] TIMEOUT sendBase=118 nextSeq=126
[129012.25ms] RETRANSMIT seq=118 len=512 [RETRANSMIT]
[129012.26ms] RETRANSMIT seq=119 len=512 [RETRANSMIT]
[129012.26ms] RETRANSMIT seq=120 len=512 [RETRANSMIT]
[129012.27ms] RETRANSMIT seq=121 len=512 [RETRANSMIT]
[129012.27ms] RETRANSMIT seq=122 len=512 [RETRANSMIT]
[129012.29ms] RETRANSMIT seq=123 len=512 [RETRANSMIT]
[129012.29ms] RETRANSMIT seq=124 len=512 [RETRANSMIT]
[129012.30ms] RETRANSMIT seq=125 len=512 [RETRANSMIT]
[129016.86ms] DUP_ACK ack_num=118 count=1
[129117.20ms] DUP_ACK ack_num=118 count=2
[129217.38ms] DUP_ACK ack_num=118 count=3
[129312.71ms] TIMEOUT sendBase=118 nextSeq=126
[129312.78ms] RETRANSMIT seq=118 len=512 [RETRANSMIT]
[129312.79ms] RETRANSMIT seq=119 len=512 [RETRANSMIT]
[129312.80ms] RETRANSMIT seq=120 len=512 [RETRANSMIT]
[129312.81ms] RETRANSMIT seq=121 len=512 [RETRANSMIT]
[129312.81ms] RETRANSMIT seq=122 len=512 [RETRANSMIT]
[129312.82ms] RETRANSMIT seq=123 len=512 [RETRANSMIT]
[129312.82ms] RETRANSMIT seq=124 len=512 [RETRANSMIT]
[129312.83ms] RETRANSMIT seq=125 len=512 [RETRANSMIT]
[129317.94ms] DUP_ACK ack_num=118 count=1
[129418.10ms] DUP_ACK ack_num=118 count=2
[129518.46ms] DUP_ACK ack_num=118 count=3
[129613.04ms] TIMEOUT sendBase=118 nextSeq=126
[129613.16ms] RETRANSMIT seq=118 len=512 [RETRANSMIT]
[129613.18ms] RETRANSMIT seq=119 len=512 [RETRANSMIT]
[129613.19ms] RETRANSMIT seq=120 len=512 [RETRANSMIT]
[129613.19ms] RETRANSMIT seq=121 len=512 [RETRANSMIT]
[129613.19ms] RETRANSMIT seq=122 len=512 [RETRANSMIT]
[129613.20ms] RETRANSMIT seq=123 len=512 [RETRANSMIT]
[129613.20ms] RETRANSMIT seq=124 len=512 [RETRANSMIT]
[129613.21ms] RETRANSMIT seq=125 len=512 [RETRANSMIT]
[129618.70ms] DUP_ACK ack_num=118 count=1
[129719.03ms] DUP_ACK ack_num=118 count=2
[129819.37ms] DUP_ACK ack_num=118 count=3
[129913.43ms] TIMEOUT sendBase=118 nextSeq=126
[129913.49ms] RETRANSMIT seq=118 len=512 [RETRANSMIT]
[129913.49ms] RETRANSMIT seq=119 len=512 [RETRANSMIT]
[129913.50ms] RETRANSMIT seq=120 len=512 [RETRANSMIT]
[129913.50ms] RETRANSMIT seq=121 len=512 [RETRANSMIT]
[129913.51ms] RETRANSMIT seq=122 len=512 [RETRANSMIT]
[129913.51ms] RETRANSMIT seq=123 len=512 [RETRANSMIT]
[129913.52ms] RETRANSMIT seq=124 len=512 [RETRANSMIT]
[129913.53ms] RETRANSMIT seq=125 len=512 [RETRANSMIT]
[129919.69ms] DUP_ACK ack_num=118 count=1
[130019.91ms] DUP_ACK ack_num=118 count=2
[130120.23ms] DUP_ACK ack_num=118 count=3
[130213.70ms] TIMEOUT sendBase=118 nextSeq=126
[130213.77ms] RETRANSMIT seq=118 len=512 [RETRANSMIT]
[130213.78ms] RETRANSMIT seq=119 len=512 [RETRANSMIT]
[130213.79ms] RETRANSMIT seq=120 len=512 [RETRANSMIT]
[130213.79ms] RETRANSMIT seq=121 len=512 [RETRANSMIT]
[130213.80ms] RETRANSMIT seq=122 len=512 [RETRANSMIT]
[130213.80ms] RETRANSMIT seq=123 len=512 [RETRANSMIT]
[130213.80ms] RETRANSMIT seq=124 len=512 [RETRANSMIT]
[130213.82ms] RETRANSMIT seq=125 len=512 [RETRANSMIT]
[130220.59ms] DUP_ACK ack_num=118 count=1
[130321.10ms] DUP_ACK ack_num=118 count=2
[130421.40ms] DUP_ACK ack_num=118 count=3
[130514.07ms] TIMEOUT sendBase=118 nextSeq=126
[130514.13ms] RETRANSMIT seq=118 len=512 [RETRANSMIT]
[130514.14ms] RETRANSMIT seq=119 len=512 [RETRANSMIT]
[130514.15ms] RETRANSMIT seq=120 len=512 [RETRANSMIT]
[130514.15ms] RETRANSMIT seq=121 len=512 [RETRANSMIT]
[130514.16ms] RETRANSMIT seq=122 len=512 [RETRANSMIT]
[130514.17ms] RETRANSMIT seq=123 len=512 [RETRANSMIT]
[130514.17ms] RETRANSMIT seq=124 len=512 [RETRANSMIT]
[130514.17ms] RETRANSMIT seq=125 len=512 [RETRANSMIT]
[130521.63ms] DUP_ACK ack_num=118 count=1
[130621.96ms] DUP_ACK ack_num=118 count=2
[130722.41ms] DUP_ACK ack_num=118 count=3
[130814.54ms] TIMEOUT sendBase=118 nextSeq=126
[130814.63ms] RETRANSMIT seq=118 len=512 [RETRANSMIT]
[130814.65ms] RETRANSMIT seq=119 len=512 [RETRANSMIT]
[130814.65ms] RETRANSMIT seq=120 len=512 [RETRANSMIT]
[130814.66ms] RETRANSMIT seq=121 len=512 [RETRANSMIT]
[130814.67ms] RETRANSMIT seq=122 len=512 [RETRANSMIT]
[130814.67ms] RETRANSMIT seq=123 len=512 [RETRANSMIT]
[130814.68ms] RETRANSMIT seq=124 len=512 [RETRANSMIT]
[130814.69ms] RETRANSMIT seq=125 len=512 [RETRANSMIT]
[130822.78ms] DUP_ACK ack_num=118 count=1
[130923.03ms] DUP_ACK ack_num=118 count=2
[131023.42ms] DUP_ACK ack_num=118 count=3
[131114.92ms] TIMEOUT sendBase=118 nextSeq=126
[131114.98ms] RETRANSMIT seq=118 len=512 [RETRANSMIT]
[131114.99ms] RETRANSMIT seq=119 len=512 [RETRANSMIT]
[131115.00ms] RETRANSMIT seq=120 len=512 [RETRANSMIT]
[131115.00ms] RETRANSMIT seq=121 len=512 [RETRANSMIT]
[131115.00ms] RETRANSMIT seq=122 len=512 [RETRANSMIT]
[131115.01ms] RETRANSMIT seq=123 len=512 [RETRANSMIT]
[131115.01ms] RETRANSMIT seq=124 len=512 [RETRANSMIT]
[131115.02ms] RETRANSMIT seq=125 len=512 [RETRANSMIT]
[131123.59ms] DUP_ACK ack_num=118 count=1
[131224.08ms] DUP_ACK ack_num=118 count=2
[131324.19ms] DUP_ACK ack_num=118 count=3
[131415.26ms] TIMEOUT sendBase=118 nextSeq=126
[131415.32ms] RETRANSMIT seq=118 len=512 [RETRANSMIT]
[131415.33ms] RETRANSMIT seq=119 len=512 [RETRANSMIT]
[131415.33ms] RETRANSMIT seq=120 len=512 [RETRANSMIT]
[131415.34ms] RETRANSMIT seq=121 len=512 [RETRANSMIT]
[131415.34ms] RETRANSMIT seq=122 len=512 [RETRANSMIT]
[131415.34ms] RETRANSMIT seq=123 len=512 [RETRANSMIT]
[131415.35ms] RETRANSMIT seq=124 len=512 [RETRANSMIT]
[131415.35ms] RETRANSMIT seq=125 len=512 [RETRANSMIT]
[131424.64ms] DUP_ACK ack_num=118 count=1
[131524.77ms] DUP_ACK ack_num=118 count=2
[131625.19ms] DUP_ACK ack_num=118 count=3
[131715.64ms] TIMEOUT sendBase=118 nextSeq=126
[131715.73ms] RETRANSMIT seq=118 len=512 [RETRANSMIT]
[131715.74ms] RETRANSMIT seq=119 len=512 [RETRANSMIT]
[131715.76ms] RETRANSMIT seq=120 len=512 [RETRANSMIT]
[131715.77ms] RETRANSMIT seq=121 len=512 [RETRANSMIT]
[131715.77ms] RETRANSMIT seq=122 len=512 [RETRANSMIT]
[131715.78ms] RETRANSMIT seq=123 len=512 [RETRANSMIT]
[131715.78ms] RETRANSMIT seq=124 len=512 [RETRANSMIT]
[131715.81ms] RETRANSMIT seq=125 len=512 [RETRANSMIT]
[131725.38ms] DUP_ACK ack_num=118 count=1
[131825.77ms] DUP_ACK ack_num=118 count=2
[131926.30ms] ACK ack_num=119 cwnd=1.000000 ssthresh=16.000000
[131926.35ms] SEND seq=126 len=512
[132026.87ms] DUP_ACK ack_num=119 count=1
[132126.96ms] DUP_ACK ack_num=119 count=2
[132226.54ms] TIMEOUT sendBase=119 nextSeq=127
[132226.61ms] RETRANSMIT seq=119 len=512 [RETRANSMIT]
[132226.61ms] RETRANSMIT seq=120 len=512 [RETRANSMIT]
[132226.62ms] RETRANSMIT seq=121 len=512 [RETRANSMIT]
[132226.62ms] RETRANSMIT seq=122 len=512 [RETRANSMIT]
[132226.63ms] RETRANSMIT seq=123 len=512 [RETRANSMIT]
[132226.63ms] RETRANSMIT seq=124 len=512 [RETRANSMIT]
[132226.64ms] RETRANSMIT seq=125 len=512 [RETRANSMIT]
[132226.64ms] RETRANSMIT seq=126 len=512 [RETRANSMIT]
[132227.19ms] DUP_ACK ack_num=119 count=1
[132327.57ms] DUP_ACK ack_num=119 count=2
[132427.80ms] DUP_ACK ack_num=119 count=3
[132526.84ms] TIMEOUT sendBase=119 nextSeq=127
[132526.90ms] RETRANSMIT seq=119 len=512 [RETRANSMIT]
[132526.90ms] RETRANSMIT seq=120 len=512 [RETRANSMIT]
[132526.91ms] RETRANSMIT seq=121 len=512 [RETRANSMIT]
[132526.91ms] RETRANSMIT seq=122 len=512 [RETRANSMIT]
[132526.92ms] RETRANSMIT seq=123 len=512 [RETRANSMIT]
[132526.92ms] RETRANSMIT seq=124 len=512 [RETRANSMIT]
[132526.93ms] RETRANSMIT seq=125 len=512 [RETRANSMIT]
[132526.93ms] RETRANSMIT seq=126 len=512 [RETRANSMIT]
[132527.97ms] DUP_ACK ack_num=119 count=1
[132628.29ms] DUP_ACK ack_num=119 count=2
[132728.58ms] DUP_ACK ack_num=119 count=3
[132827.09ms] TIMEOUT sendBase=119 nextSeq=127
[132827.15ms] RETRANSMIT seq=119 len=512 [RETRANSMIT]
[132827.17ms] RETRANSMIT seq=120 len=512 [RETRANSMIT]
[132827.17ms] RETRANSMIT seq=121 len=512 [RETRANSMIT]
[132827.18ms] RETRANSMIT seq=122 len=512 [RETRANSMIT]
[132827.18ms] RETRANSMIT seq=123 len=512 [RETRANSMIT]
[132827.19ms] RETRANSMIT seq=124 len=512 [RETRANSMIT]
[132827.20ms] RETRANSMIT seq=125 len=512 [RETRANSMIT]
[132827.20ms] RETRANSMIT seq=126 len=512 [RETRANSMIT]
[132828.72ms] DUP_ACK ack_num=119 count=1
[132929.22ms] DUP_ACK ack_num=119 count=2
[133029.60ms] DUP_ACK ack_num=119 count=3
[133127.42ms] TIMEOUT sendBase=119 nextSeq=127
[133127.48ms] RETRANSMIT seq=119 len=512 [RETRANSMIT]
[133127.49ms] RETRANSMIT seq=120 len=512 [RETRANSMIT]
[133127.50ms] RETRANSMIT seq=121 len=512 [RETRANSMIT]
[133127.55ms] RETRANSMIT seq=122 len=512 [RETRANSMIT]
[133127.56ms] RETRANSMIT seq=123 len=512 [RETRANSMIT]
[133127.56ms] RETRANSMIT seq=124 len=512 [RETRANSMIT]
[133127.57ms] RETRANSMIT seq=125 len=512 [RETRANSMIT]
[133127.57ms] RETRANSMIT seq=126 len=512 [RETRANSMIT]
[133130.14ms] DUP_ACK ack_num=119 count=1
[133230.52ms] ACK ack_num=120 cwnd=1.000000 ssthresh=16.000000
[133230.55ms] SEND seq=127 len=512
[133330.64ms] DUP_ACK ack_num=120 count=1
[133430.99ms] DUP_ACK ack_num=120 count=2
[133530.79ms] TIMEOUT sendBase=120 nextSeq=128
[133530.85ms] RETRANSMIT seq=120 len=512 [RETRANSMIT]
[133530.86ms] RETRANSMIT seq=121 len=512 [RETRANSMIT]
[133530.86ms] RETRANSMIT seq=122 len=512 [RETRANSMIT]
[133530.87ms] RETRANSMIT seq=123 len=512 [RETRANSMIT]
[133530.87ms] RETRANSMIT seq=124 len=512 [RETRANSMIT]
[133530.88ms] RETRANSMIT seq=125 len=512 [RETRANSMIT]
[133530.88ms] RETRANSMIT seq=126 len=512 [RETRANSMIT]
[133530.88ms] RETRANSMIT seq=127 len=512 [RETRANSMIT]
[133531.18ms] DUP_ACK ack_num=120 count=1
[133632.98ms] DUP_ACK ack_num=120 count=2
[133731.83ms] DUP_ACK ack_num=120 count=3
[133869.75ms] TIMEOUT sendBase=120 nextSeq=128
[133869.84ms] RETRANSMIT seq=120 len=512 [RETRANSMIT]
[133869.85ms] RETRANSMIT seq=121 len=512 [RETRANSMIT]
[133869.86ms] RETRANSMIT seq=122 len=512 [RETRANSMIT]
[133869.87ms] RETRANSMIT seq=123 len=512 [RETRANSMIT]
[133869.87ms] RETRANSMIT seq=124 len=512 [RETRANSMIT]
[133869.88ms] RETRANSMIT seq=125 len=512 [RETRANSMIT]
[133869.89ms] RETRANSMIT seq=126 len=512 [RETRANSMIT]
[133869.90ms] RETRANSMIT seq=127 len=512 [RETRANSMIT]
[133872.11ms] DUP_ACK ack_num=120 count=1
[133972.38ms] DUP_ACK ack_num=120 count=2
[134072.70ms] ACK ack_num=121 cwnd=1.000000 ssthresh=16.000000
[134072.75ms] SEND seq=128 len=512
[134173.09ms] ACK ack_num=122 cwnd=1.000000 ssthresh=16.000000
[134173.18ms] SEND seq=129 len=512
[134273.47ms] DUP_ACK ack_num=122 count=1
[134373.60ms] DUP_ACK ack_num=122 count=2
[134473.26ms] TIMEOUT sendBase=122 nextSeq=130
[134473.34ms] RETRANSMIT seq=122 len=512 [RETRANSMIT]
[134473.35ms] RETRANSMIT seq=123 len=512 [RETRANSMIT]
[134473.36ms] RETRANSMIT seq=124 len=512 [RETRANSMIT]
[134473.36ms] RETRANSMIT seq=125 len=512 [RETRANSMIT]
[134473.37ms] RETRANSMIT seq=126 len=512 [RETRANSMIT]
[134473.37ms] RETRANSMIT seq=127 len=512 [RETRANSMIT]
[134473.38ms] RETRANSMIT seq=128 len=512 [RETRANSMIT]
[134473.38ms] RETRANSMIT seq=129 len=512 [RETRANSMIT]
[134473.81ms] DUP_ACK ack_num=122 count=1
[134574.11ms] DUP_ACK ack_num=122 count=2
[134674.32ms] DUP_ACK ack_num=122 count=3
[134773.66ms] TIMEOUT sendBase=122 nextSeq=130
[134773.72ms] RETRANSMIT seq=122 len=512 [RETRANSMIT]
[134773.73ms] RETRANSMIT seq=123 len=512 [RETRANSMIT]
[134773.73ms] RETRANSMIT seq=124 len=512 [RETRANSMIT]
[134773.74ms] RETRANSMIT seq=125 len=512 [RETRANSMIT]
[134773.74ms] RETRANSMIT seq=126 len=512 [RETRANSMIT]
[134773.75ms] RETRANSMIT seq=127 len=512 [RETRANSMIT]
[134773.75ms] RETRANSMIT seq=128 len=512 [RETRANSMIT]
[134773.75ms] RETRANSMIT seq=129 len=512 [RETRANSMIT]
[134774.58ms] DUP_ACK ack_num=122 count=1
[134874.90ms] DUP_ACK ack_num=122 count=2
[134975.10ms] DUP_ACK ack_num=122 count=3
[135074.03ms] TIMEOUT sendBase=122 nextSeq=130
[135074.10ms] RETRANSMIT seq=122 len=512 [RETRANSMIT]
[135074.11ms] RETRANSMIT seq=123 len=512 [RETRANSMIT]
[135074.12ms] RETRANSMIT seq=124 len=512 [RETRANSMIT]
[135074.12ms] RETRANSMIT seq=125 len=512 [RETRANSMIT]
[135074.12ms] RETRANSMIT seq=126 len=512 [RETRANSMIT]
[135074.13ms] RETRANSMIT seq=127 len=512 [RETRANSMIT]
[135074.13ms] RETRANSMIT seq=128 len=512 [RETRANSMIT]
[135074.14ms] RETRANSMIT seq=129 len=512 [RETRANSMIT]
[135075.29ms] DUP_ACK ack_num=122 count=1
[135175.65ms] DUP_ACK ack_num=122 count=2
[135275.89ms] DUP_ACK ack_num=122 count=3
[135374.36ms] TIMEOUT sendBase=122 nextSeq=130
[135374.43ms] RETRANSMIT seq=122 len=512 [RETRANSMIT]
[135374.43ms] RETRANSMIT seq=123 len=512 [RETRANSMIT]
[135374.44ms] RETRANSMIT seq=124 len=512 [RETRANSMIT]
[135374.44ms] RETRANSMIT seq=125 len=512 [RETRANSMIT]
[135374.44ms] RETRANSMIT seq=126 len=512 [RETRANSMIT]
[135374.45ms] RETRANSMIT seq=127 len=512 [RETRANSMIT]
[135374.45ms] RETRANSMIT seq=128 len=512 [RETRANSMIT]
[135374.46ms] RETRANSMIT seq=129 len=512 [RETRANSMIT]
[135376.07ms] DUP_ACK ack_num=122 count=1
[135476.38ms] DUP_ACK ack_num=122 count=2
[135576.60ms] DUP_ACK ack_num=122 count=3
[135674.67ms] TIMEOUT sendBase=122 nextSeq=130
[135674.73ms] RETRANSMIT seq=122 len=512 [RETRANSMIT]
[135674.74ms] RETRANSMIT seq=123 len=512 [RETRANSMIT]
[135674.75ms] RETRANSMIT seq=124 len=512 [RETRANSMIT]
[135674.75ms] RETRANSMIT seq=125 len=512 [RETRANSMIT]
[135674.76ms] RETRANSMIT seq=126 len=512 [RETRANSMIT]
[135674.76ms] RETRANSMIT seq=127 len=512 [RETRANSMIT]
[135674.77ms] RETRANSMIT seq=128 len=512 [RETRANSMIT]
[135674.77ms] RETRANSMIT seq=129 len=512 [RETRANSMIT]
[135676.79ms] DUP_ACK ack_num=122 count=1
[135777.10ms] DUP_ACK ack_num=122 count=2
[135877.33ms] DUP_ACK ack_num=122 count=3
[135975.06ms] TIMEOUT sendBase=122 nextSeq=130
[135975.12ms] RETRANSMIT seq=122 len=512 [RETRANSMIT]
[135975.13ms] RETRANSMIT seq=123 len=512 [RETRANSMIT]
[135975.14ms] RETRANSMIT seq=124 len=512 [RETRANSMIT]
[135975.15ms] RETRANSMIT seq=125 len=512 [RETRANSMIT]
[135975.15ms] RETRANSMIT seq=126 len=512 [RETRANSMIT]
[135975.16ms] RETRANSMIT seq=127 len=512 [RETRANSMIT]
[135975.17ms] RETRANSMIT seq=128 len=512 [RETRANSMIT]
[135975.18ms] RETRANSMIT seq=129 len=512 [RETRANSMIT]
[135977.63ms] DUP_ACK ack_num=122 count=1
[136077.84ms] DUP_ACK ack_num=122 count=2
[136178.12ms] DUP_ACK ack_num=122 count=3
[136275.39ms] TIMEOUT sendBase=122 nextSeq=130
[136275.45ms] RETRANSMIT seq=122 len=512 [RETRANSMIT]
[136275.46ms] RETRANSMIT seq=123 len=512 [RETRANSMIT]
[136275.46ms] RETRANSMIT seq=124 len=512 [RETRANSMIT]
[136275.47ms] RETRANSMIT seq=125 len=512 [RETRANSMIT]
[136275.47ms] RETRANSMIT seq=126 len=512 [RETRANSMIT]
[136275.50ms] RETRANSMIT seq=127 len=512 [RETRANSMIT]
[136275.51ms] RETRANSMIT seq=128 len=512 [RETRANSMIT]
[136275.51ms] RETRANSMIT seq=129 len=512 [RETRANSMIT]
[136278.32ms] DUP_ACK ack_num=122 count=1
[136378.58ms] DUP_ACK ack_num=122 count=2
[136478.86ms] DUP_ACK ack_num=122 count=3
[136575.77ms] TIMEOUT sendBase=122 nextSeq=130
[136575.83ms] RETRANSMIT seq=122 len=512 [RETRANSMIT]
[136575.84ms] RETRANSMIT seq=123 len=512 [RETRANSMIT]
[136575.84ms] RETRANSMIT seq=124 len=512 [RETRANSMIT]
[136575.85ms] RETRANSMIT seq=125 len=512 [RETRANSMIT]
[136575.85ms] RETRANSMIT seq=126 len=512 [RETRANSMIT]
[136575.86ms] RETRANSMIT seq=127 len=512 [RETRANSMIT]
[136575.86ms] RETRANSMIT seq=128 len=512 [RETRANSMIT]
[136575.87ms] RETRANSMIT seq=129 len=512 [RETRANSMIT]
[136579.17ms] DUP_ACK ack_num=122 count=1
[136679.51ms] DUP_ACK ack_num=122 count=2
[136779.64ms] DUP_ACK ack_num=122 count=3
[136876.05ms] TIMEOUT sendBase=122 nextSeq=130
[136876.10ms] RETRANSMIT seq=122 len=512 [RETRANSMIT]
[136876.11ms] RETRANSMIT seq=123 len=512 [RETRANSMIT]
[136876.11ms] RETRANSMIT seq=124 len=512 [RETRANSMIT]
[136876.12ms] RETRANSMIT seq=125 len=512 [RETRANSMIT]
[136876.12ms] RETRANSMIT seq=126 len=512 [RETRANSMIT]
[136876.13ms] RETRANSMIT seq=127 len=512 [RETRANSMIT]
[136876.13ms] RETRANSMIT seq=128 len=512 [RETRANSMIT]
[136876.14ms] RETRANSMIT seq=129 len=512 [RETRANSMIT]
[136879.79ms] DUP_ACK ack_num=122 count=1
[136980.07ms] DUP_ACK ack_num=122 count=2
[137080.35ms] DUP_ACK ack_num=122 count=3
[137176.32ms] TIMEOUT sendBase=122 nextSeq=130
[137176.46ms] RETRANSMIT seq=122 len=512 [RETRANSMIT]
[137176.47ms] RETRANSMIT seq=123 len=512 [RETRANSMIT]
[137176.48ms] RETRANSMIT seq=124 len=512 [RETRANSMIT]
[137176.48ms] RETRANSMIT seq=125 len=512 [RETRANSMIT]
[137176.49ms] RETRANSMIT seq=126 len=512 [RETRANSMIT]
[137176.49ms] RETRANSMIT seq=127 len=512 [RETRANSMIT]
[137176.49ms] RETRANSMIT seq=128 len=512 [RETRANSMIT]
[137176.50ms] RETRANSMIT seq=129 len=512 [RETRANSMIT]
[137180.53ms] DUP_ACK ack_num=122 count=1
[137280.80ms] DUP_ACK ack_num=122 count=2
[137381.06ms] DUP_ACK ack_num=122 count=3
[137476.70ms] TIMEOUT sendBase=122 nextSeq=130
[137476.77ms] RETRANSMIT seq=122 len=512 [RETRANSMIT]
[137476.78ms] RETRANSMIT seq=123 len=512 [RETRANSMIT]
[137476.78ms] RETRANSMIT seq=124 len=512 [RETRANSMIT]
[137476.82ms] RETRANSMIT seq=125 len=512 [RETRANSMIT]
[137476.83ms] RETRANSMIT seq=126 len=512 [RETRANSMIT]
[137476.83ms] RETRANSMIT seq=127 len=512 [RETRANSMIT]
[137476.84ms] RETRANSMIT seq=128 len=512 [RETRANSMIT]
[137476.84ms] RETRANSMIT seq=129 len=512 [RETRANSMIT]
[137481.27ms] ACK ack_num=123 cwnd=1.000000 ssthresh=16.000000
[137481.29ms] SEND seq=130 len=512
[137581.50ms] ACK ack_num=124 cwnd=1.000000 ssthresh=16.000000
[137581.54ms] SEND seq=131 len=512
[137681.72ms] ACK ack_num=125 cwnd=1.000000 ssthresh=16.000000
[137681.75ms] SEND seq=132 len=512
[137782.06ms] ACK ack_num=126 cwnd=1.000000 ssthresh=16.000000
[137782.10ms] SEND seq=133 len=512
[137882.24ms] DUP_ACK ack_num=126 count=1
[137982.52ms] DUP_ACK ack_num=126 count=2
[138082.31ms] TIMEOUT sendBase=126 nextSeq=134
[138082.39ms] RETRANSMIT seq=126 len=512 [RETRANSMIT]
[138082.40ms] RETRANSMIT seq=127 len=512 [RETRANSMIT]
[138082.41ms] RETRANSMIT seq=128 len=512 [RETRANSMIT]
[138082.41ms] RETRANSMIT seq=129 len=512 [RETRANSMIT]
[138082.42ms] RETRANSMIT seq=130 len=512 [RETRANSMIT]
[138082.43ms] RETRANSMIT seq=131 len=512 [RETRANSMIT]
[138082.43ms] RETRANSMIT seq=132 len=512 [RETRANSMIT]
[138082.43ms] RETRANSMIT seq=133 len=512 [RETRANSMIT]
[138082.74ms] DUP_ACK ack_num=126 count=1
[138183.07ms] DUP_ACK ack_num=126 count=2
[138283.36ms] DUP_ACK ack_num=126 count=3
[138382.62ms] TIMEOUT sendBase=126 nextSeq=134
[138382.68ms] RETRANSMIT seq=126 len=512 [RETRANSMIT]
[138382.68ms] RETRANSMIT seq=127 len=512 [RETRANSMIT]
[138382.69ms] RETRANSMIT seq=128 len=512 [RETRANSMIT]
[138382.69ms] RETRANSMIT seq=129 len=512 [RETRANSMIT]
[138382.70ms] RETRANSMIT seq=130 len=512 [RETRANSMIT]
[138382.70ms] RETRANSMIT seq=131 len=512 [RETRANSMIT]
[138382.70ms] RETRANSMIT seq=132 len=512 [RETRANSMIT]
[138382.71ms] RETRANSMIT seq=133 len=512 [RETRANSMIT]
[138383.51ms] DUP_ACK ack_num=126 count=1
[138483.85ms] DUP_ACK ack_num=126 count=2
[138584.07ms] DUP_ACK ack_num=126 count=3
[138682.91ms] TIMEOUT sendBase=126 nextSeq=134
[138682.98ms] RETRANSMIT seq=126 len=512 [RETRANSMIT]
[138682.98ms] RETRANSMIT seq=127 len=512 [RETRANSMIT]
[138682.99ms] RETRANSMIT seq=128 len=512 [RETRANSMIT]
[138682.99ms] RETRANSMIT seq=129 len=512 [RETRANSMIT]
[138683.00ms] RETRANSMIT seq=130 len=512 [RETRANSMIT]
[138683.01ms] RETRANSMIT seq=131 len=512 [RETRANSMIT]
[138683.01ms] RETRANSMIT seq=132 len=512 [RETRANSMIT]
[138683.01ms] RETRANSMIT seq=133 len=512 [RETRANSMIT]
[138684.48ms] DUP_ACK ack_num=126 count=1
[138784.79ms] DUP_ACK ack_num=126 count=2
[138885.20ms] DUP_ACK ack_num=126 count=3
[138983.26ms] TIMEOUT sendBase=126 nextSeq=134
[138983.34ms] RETRANSMIT seq=126 len=512 [RETRANSMIT]
[138983.35ms] RETRANSMIT seq=127 len=512 [RETRANSMIT]
[138983.36ms] RETRANSMIT seq=128 len=512 [RETRANSMIT]
[138983.36ms] RETRANSMIT seq=129 len=512 [RETRANSMIT]
[138983.37ms] RETRANSMIT seq=130 len=512 [RETRANSMIT]
[138983.37ms] RETRANSMIT seq=131 len=512 [RETRANSMIT]
[138983.38ms] RETRANSMIT seq=132 len=512 [RETRANSMIT]
[138983.38ms] RETRANSMIT seq=133 len=512 [RETRANSMIT]
[138985.34ms] DUP_ACK ack_num=126 count=1
[139085.58ms] DUP_ACK ack_num=126 count=2
[139185.87ms] DUP_ACK ack_num=126 count=3
[139283.61ms] TIMEOUT sendBase=126 nextSeq=134
[139283.69ms] RETRANSMIT seq=126 len=512 [RETRANSMIT]
[139283.70ms] RETRANSMIT seq=127 len=512 [RETRANSMIT]
[139283.71ms] RETRANSMIT seq=128 len=512 [RETRANSMIT]
[139283.72ms] RETRANSMIT seq=129 len=512 [RETRANSMIT]
[139283.74ms] RETRANSMIT seq=130 len=512 [RETRANSMIT]
[139283.74ms] RETRANSMIT seq=131 len=512 [RETRANSMIT]
[139283.75ms] RETRANSMIT seq=132 len=512 [RETRANSMIT]
[139283.76ms] RETRANSMIT seq=133 len=512 [RETRANSMIT]
[139286.06ms] DUP_ACK ack_num=126 count=1
[139386.36ms] DUP_ACK ack_num=126 count=2
[139486.65ms] DUP_ACK ack_num=126 count=3
[139584.07ms] TIMEOUT sendBase=126 nextSeq=134
[139584.14ms] RETRANSMIT seq=126 len=512 [RETRANSMIT]
[139584.14ms] RETRANSMIT seq=127 len=512 [RETRANSMIT]
[139584.15ms] RETRANSMIT seq=128 len=512 [RETRANSMIT]
[139584.15ms] RETRANSMIT seq=129 len=512 [RETRANSMIT]
[139584.16ms] RETRANSMIT seq=130 len=512 [RETRANSMIT]
[139584.16ms] RETRANSMIT seq=131 len=512 [RETRANSMIT]
[139584.17ms] RETRANSMIT seq=132 len=512 [RETRANSMIT]
[139584.17ms] RETRANSMIT seq=133 len=512 [RETRANSMIT]
[139587.04ms] DUP_ACK ack_num=126 count=1
[139687.19ms] DUP_ACK ack_num=126 count=2
[139787.36ms] DUP_ACK ack_num=126 count=3
[139884.48ms] TIMEOUT sendBase=126 nextSeq=134
[139884.58ms] RETRANSMIT seq=126 len=512 [RETRANSMIT]
[139884.60ms] RETRANSMIT seq=127 len=512 [RETRANSMIT]
[139884.61ms] RETRANSMIT seq=128 len=512 [RETRANSMIT]
[139884.62ms] RETRANSMIT seq=129 len=512 [RETRANSMIT]
[139884.63ms] RETRANSMIT seq=130 len=512 [RETRANSMIT]
[139884.64ms] RETRANSMIT seq=131 len=512 [RETRANSMIT]
[139884.66ms] RETRANSMIT seq=132 len=512 [RETRANSMIT]
[139884.67ms] RETRANSMIT seq=133 len=512 [RETRANSMIT]
[139887.60ms] DUP_ACK ack_num=126 count=1
[139987.87ms] DUP_ACK ack_num=126 count=2
[140088.10ms] DUP_ACK ack_num=126 count=3
[140184.87ms] TIMEOUT sendBase=126 nextSeq=134
[140184.94ms] RETRANSMIT seq=126 len=512 [RETRANSMIT]
[140184.95ms] RETRANSMIT seq=127 len=512 [RETRANSMIT]
[140184.95ms] RETRANSMIT seq=128 len=512 [RETRANSMIT]
[140184.96ms] RETRANSMIT seq=129 len=512 [RETRANSMIT]
[140184.96ms] RETRANSMIT seq=130 len=512 [RETRANSMIT]
[140184.96ms] RETRANSMIT seq=131 len=512 [RETRANSMIT]
[140184.97ms] RETRANSMIT seq=132 len=512 [RETRANSMIT]
[140184.98ms] RETRANSMIT seq=133 len=512 [RETRANSMIT]
[140188.37ms] DUP_ACK ack_num=126 count=1
[140288.56ms] DUP_ACK ack_num=126 count=2
[140388.89ms] DUP_ACK ack_num=126 count=3
[140485.25ms] TIMEOUT sendBase=126 nextSeq=134
[140485.35ms] RETRANSMIT seq=126 len=512 [RETRANSMIT]
[140485.36ms] RETRANSMIT seq=127 len=512 [RETRANSMIT]
[140485.37ms] RETRANSMIT seq=128 len=512 [RETRANSMIT]
[140485.38ms] RETRANSMIT seq=129 len=512 [RETRANSMIT]
[140485.38ms] RETRANSMIT seq=130 len=512 [RETRANSMIT]
[140485.39ms] RETRANSMIT seq=131 len=512 [RETRANSMIT]
[140485.40ms] RETRANSMIT seq=132 len=512 [RETRANSMIT]
[140485.41ms] RETRANSMIT seq=133 len=512 [RETRANSMIT]
[140489.04ms] DUP_ACK ack_num=126 count=1
[140589.40ms] DUP_ACK ack_num=126 count=2
[140689.60ms] DUP_ACK ack_num=126 count=3
[140785.65ms] TIMEOUT sendBase=126 nextSeq=134
[140785.72ms] RETRANSMIT seq=126 len=512 [RETRANSMIT]
[140785.73ms] RETRANSMIT seq=127 len=512 [RETRANSMIT]
[140785.74ms] RETRANSMIT seq=128 len=512 [RETRANSMIT]
[140785.75ms] RETRANSMIT seq=129 len=512 [RETRANSMIT]
[140785.75ms] RETRANSMIT seq=130 len=512 [RETRANSMIT]
[140785.75ms] RETRANSMIT seq=131 len=512 [RETRANSMIT]
[140785.76ms] RETRANSMIT seq=132 len=512 [RETRANSMIT]
[140785.76ms] RETRANSMIT seq=133 len=512 [RETRANSMIT]
[140789.83ms] DUP_ACK ack_num=126 count=1
[140890.09ms] DUP_ACK ack_num=126 count=2
[140990.44ms] DUP_ACK ack_num=126 count=3
[141085.96ms] TIMEOUT sendBase=126 nextSeq=134
[141086.02ms] RETRANSMIT seq=126 len=512 [RETRANSMIT]
[141086.02ms] RETRANSMIT seq=127 len=512 [RETRANSMIT]
[141086.03ms] RETRANSMIT seq=128 len=512 [RETRANSMIT]
[141086.03ms] RETRANSMIT seq=129 len=512 [RETRANSMIT]
[141086.04ms] RETRANSMIT seq=130 len=512 [RETRANSMIT]
[141086.04ms] RETRANSMIT seq=131 len=512 [RETRANSMIT]
[141086.04ms] RETRANSMIT seq=132 len=512 [RETRANSMIT]
[141086.05ms] RETRANSMIT seq=133 len=512 [RETRANSMIT]
[141090.54ms] DUP_ACK ack_num=126 count=1
[141190.81ms] DUP_ACK ack_num=126 count=2
[141291.03ms] DUP_ACK ack_num=126 count=3
[141386.25ms] TIMEOUT sendBase=126 nextSeq=134
[141386.33ms] RETRANSMIT seq=126 len=512 [RETRANSMIT]
[141386.34ms] RETRANSMIT seq=127 len=512 [RETRANSMIT]
[141386.34ms] RETRANSMIT seq=128 len=512 [RETRANSMIT]
[141386.35ms] RETRANSMIT seq=129 len=512 [RETRANSMIT]
[141386.35ms] RETRANSMIT seq=130 len=512 [RETRANSMIT]
[141386.35ms] RETRANSMIT seq=131 len=512 [RETRANSMIT]
[141386.36ms] RETRANSMIT seq=132 len=512 [RETRANSMIT]
[141386.36ms] RETRANSMIT seq=133 len=512 [RETRANSMIT]
[141391.24ms] DUP_ACK ack_num=126 count=1
[141491.47ms] DUP_ACK ack_num=126 count=2
[141591.68ms] DUP_ACK ack_num=126 count=3
[141686.52ms] TIMEOUT sendBase=126 nextSeq=134
[141686.58ms] RETRANSMIT seq=126 len=512 [RETRANSMIT]
[141686.58ms] RETRANSMIT seq=127 len=512 [RETRANSMIT]
[141686.59ms] RETRANSMIT seq=128 len=512 [RETRANSMIT]
[141686.63ms] RETRANSMIT seq=129 len=512 [RETRANSMIT]
[141686.64ms] RETRANSMIT seq=130 len=512 [RETRANSMIT]
[141686.64ms] RETRANSMIT seq=131 len=512 [RETRANSMIT]
[141686.65ms] RETRANSMIT seq=132 len=512 [RETRANSMIT]
[141686.65ms] RETRANSMIT seq=133 len=512 [RETRANSMIT]
[141691.87ms] DUP_ACK ack_num=126 count=1
[141792.15ms] DUP_ACK ack_num=126 count=2
[141892.44ms] DUP_ACK ack_num=126 count=3
[141986.84ms] TIMEOUT sendBase=126 nextSeq=134
[141986.90ms] RETRANSMIT seq=126 len=512 [RETRANSMIT]
[141986.91ms] RETRANSMIT seq=127 len=512 [RETRANSMIT]
[141986.91ms] RETRANSMIT seq=128 len=512 [RETRANSMIT]
[141986.92ms] RETRANSMIT seq=129 len=512 [RETRANSMIT]
[141986.92ms] RETRANSMIT seq=130 len=512 [RETRANSMIT]
[141986.93ms] RETRANSMIT seq=131 len=512 [RETRANSMIT]
[141986.93ms] RETRANSMIT seq=132 len=512 [RETRANSMIT]
[141986.93ms] RETRANSMIT seq=133 len=512 [RETRANSMIT]
[141992.58ms] DUP_ACK ack_num=126 count=1
[142092.85ms] DUP_ACK ack_num=126 count=2
[142193.20ms] DUP_ACK ack_num=126 count=3
[142287.14ms] TIMEOUT sendBase=126 nextSeq=134
[142287.20ms] RETRANSMIT seq=126 len=512 [RETRANSMIT]
[142287.21ms] RETRANSMIT seq=127 len=512 [RETRANSMIT]
[142287.22ms] RETRANSMIT seq=128 len=512 [RETRANSMIT]
[142287.22ms] RETRANSMIT seq=129 len=512 [RETRANSMIT]
[142287.22ms] RETRANSMIT seq=130 len=512 [RETRANSMIT]
[142287.23ms] RETRANSMIT seq=131 len=512 [RETRANSMIT]
[142287.23ms] RETRANSMIT seq=132 len=512 [RETRANSMIT]
[142287.24ms] RETRANSMIT seq=133 len=512 [RETRANSMIT]
[142293.37ms] DUP_ACK ack_num=126 count=1
[142393.64ms] DUP_ACK ack_num=126 count=2
[142493.87ms] DUP_ACK ack_num=126 count=3
[142587.45ms] TIMEOUT sendBase=126 nextSeq=134
[142587.52ms] RETRANSMIT seq=126 len=512 [RETRANSMIT]
[142587.52ms] RETRANSMIT seq=127 len=512 [RETRANSMIT]
[142587.53ms] RETRANSMIT seq=128 len=512 [RETRANSMIT]
[142587.53ms] RETRANSMIT seq=129 len=512 [RETRANSMIT]
[142587.54ms] RETRANSMIT seq=130 len=512 [RETRANSMIT]
[142587.54ms] RETRANSMIT seq=131 len=512 [RETRANSMIT]
[142587.55ms] RETRANSMIT seq=132 len=512 [RETRANSMIT]
[142587.55ms] RETRANSMIT seq=133 len=512 [RETRANSMIT]
[142594.08ms] DUP_ACK ack_num=126 count=1
[142694.29ms] DUP_ACK ack_num=126 count=2
[142794.51ms] DUP_ACK ack_num=126 count=3
[142887.71ms] TIMEOUT sendBase=126 nextSeq=134
[142887.77ms] RETRANSMIT seq=126 len=512 [RETRANSMIT]
[142887.77ms] RETRANSMIT seq=127 len=512 [RETRANSMIT]
[142887.78ms] RETRANSMIT seq=128 len=512 [RETRANSMIT]
[142887.78ms] RETRANSMIT seq=129 len=512 [RETRANSMIT]
[142887.79ms] RETRANSMIT seq=130 len=512 [RETRANSMIT]
[142887.79ms] RETRANSMIT seq=131 len=512 [RETRANSMIT]
[142887.80ms] RETRANSMIT seq=132 len=512 [RETRANSMIT]
[142887.80ms] RETRANSMIT seq=133 len=512 [RETRANSMIT]
[142894.80ms] DUP_ACK ack_num=126 count=1
[142995.08ms] ACK ack_num=127 cwnd=1.000000 ssthresh=16.000000
[142995.12ms] SEND seq=134 len=512
[143095.30ms] DUP_ACK ack_num=127 count=1
[143195.53ms] DUP_ACK ack_num=127 count=2
[143295.30ms] TIMEOUT sendBase=127 nextSeq=135
[143295.36ms] RETRANSMIT seq=127 len=512 [RETRANSMIT]
[143295.37ms] RETRANSMIT seq=128 len=512 [RETRANSMIT]
[143295.37ms] RETRANSMIT seq=129 len=512 [RETRANSMIT]
[143295.38ms] RETRANSMIT seq=130 len=512 [RETRANSMIT]
[143295.38ms] RETRANSMIT seq=131 len=512 [RETRANSMIT]
[143295.39ms] RETRANSMIT seq=132 len=512 [RETRANSMIT]
[143295.39ms] RETRANSMIT seq=133 len=512 [RETRANSMIT]
[143295.40ms] RETRANSMIT seq=134 len=512 [RETRANSMIT]
[143295.76ms] DUP_ACK ack_num=127 count=1
[143396.08ms] DUP_ACK ack_num=127 count=2
[143496.24ms] DUP_ACK ack_num=127 count=3
[143595.59ms] TIMEOUT sendBase=127 nextSeq=135
[143595.65ms] RETRANSMIT seq=127 len=512 [RETRANSMIT]
[143595.66ms] RETRANSMIT seq=128 len=512 [RETRANSMIT]
[143595.67ms] RETRANSMIT seq=129 len=512 [RETRANSMIT]
[143595.67ms] RETRANSMIT seq=130 len=512 [RETRANSMIT]
[143595.68ms] RETRANSMIT seq=131 len=512 [RETRANSMIT]
[143595.68ms] RETRANSMIT seq=132 len=512 [RETRANSMIT]
[143595.68ms] RETRANSMIT seq=133 len=512 [RETRANSMIT]
[143595.69ms] RETRANSMIT seq=134 len=512 [RETRANSMIT]
[143596.44ms] DUP_ACK ack_num=127 count=1
[143696.72ms] DUP_ACK ack_num=127 count=2
[143796.98ms] DUP_ACK ack_num=127 count=3
[143895.88ms] TIMEOUT sendBase=127 nextSeq=135
[143895.97ms] RETRANSMIT seq=127 len=512 [RETRANSMIT]
[143895.97ms] RETRANSMIT seq=128 len=512 [RETRANSMIT]
[143895.98ms] RETRANSMIT seq=129 len=512 [RETRANSMIT]
[143895.98ms] RETRANSMIT seq=130 len=512 [RETRANSMIT]
[143895.99ms] RETRANSMIT seq=131 len=512 [RETRANSMIT]
[143895.99ms] RETRANSMIT seq=132 len=512 [RETRANSMIT]
[143896.00ms] RETRANSMIT seq=133 len=512 [RETRANSMIT]
[143896.00ms] RETRANSMIT seq=134 len=512 [RETRANSMIT]
[143897.19ms] DUP_ACK ack_num=127 count=1
[143997.39ms] DUP_ACK ack_num=127 count=2
[144097.65ms] DUP_ACK ack_num=127 count=3
[144196.18ms] TIMEOUT sendBase=127 nextSeq=135
[144196.25ms] RETRANSMIT seq=127 len=512 [RETRANSMIT]
[144196.26ms] RETRANSMIT seq=128 len=512 [RETRANSMIT]
[144196.26ms] RETRANSMIT seq=129 len=512 [RETRANSMIT]
[144196.27ms] RETRANSMIT seq=130 len=512 [RETRANSMIT]
[144196.27ms] RETRANSMIT seq=131 len=512 [RETRANSMIT]
[144196.27ms] RETRANSMIT seq=132 len=512 [RETRANSMIT]
[144196.28ms] RETRANSMIT seq=133 len=512 [RETRANSMIT]
[144196.28ms] RETRANSMIT seq=134 len=512 [RETRANSMIT]
[144197.85ms] DUP_ACK ack_num=127 count=1
[144298.10ms] DUP_ACK ack_num=127 count=2
[144398.37ms] DUP_ACK ack_num=127 count=3
[144496.48ms] TIMEOUT sendBase=127 nextSeq=135
[144496.54ms] RETRANSMIT seq=127 len=512 [RETRANSMIT]
[144496.54ms] RETRANSMIT seq=128 len=512 [RETRANSMIT]
[144496.55ms] RETRANSMIT seq=129 len=512 [RETRANSMIT]
[144496.55ms] RETRANSMIT seq=130 len=512 [RETRANSMIT]
[144496.56ms] RETRANSMIT seq=131 len=512 [RETRANSMIT]
[144496.56ms] RETRANSMIT seq=132 len=512 [RETRANSMIT]
[144496.57ms] RETRANSMIT seq=133 len=512 [RETRANSMIT]
[144496.57ms] RETRANSMIT seq=134 len=512 [RETRANSMIT]
[144498.60ms] DUP_ACK ack_num=127 count=1
[144599.09ms] ACK ack_num=128 cwnd=1.000000 ssthresh=16.000000
[144599.12ms] SEND seq=135 len=512
[144699.36ms] DUP_ACK ack_num=128 count=1
[144799.66ms] DUP_ACK ack_num=128 count=2
[144899.30ms] TIMEOUT sendBase=128 nextSeq=136
[144899.37ms] RETRANSMIT seq=128 len=512 [RETRANSMIT]
[144899.38ms] RETRANSMIT seq=129 len=512 [RETRANSMIT]
[144899.38ms] RETRANSMIT seq=130 len=512 [RETRANSMIT]
[144899.38ms] RETRANSMIT seq=131 len=512 [RETRANSMIT]
[144899.39ms] RETRANSMIT seq=132 len=512 [RETRANSMIT]
[144899.39ms] RETRANSMIT seq=133 len=512 [RETRANSMIT]
[144899.40ms] RETRANSMIT seq=134 len=512 [RETRANSMIT]
[144899.40ms] RETRANSMIT seq=135 len=512 [RETRANSMIT]
[144899.86ms] DUP_ACK ack_num=128 count=1
[145000.20ms] DUP_ACK ack_num=128 count=2
[145100.44ms] DUP_ACK ack_num=128 count=3
[145199.60ms] TIMEOUT sendBase=128 nextSeq=136
[145199.67ms] RETRANSMIT seq=128 len=512 [RETRANSMIT]
[145199.67ms] RETRANSMIT seq=129 len=512 [RETRANSMIT]
[145199.68ms] RETRANSMIT seq=130 len=512 [RETRANSMIT]
[145199.68ms] RETRANSMIT seq=131 len=512 [RETRANSMIT]
[145199.69ms] RETRANSMIT seq=132 len=512 [RETRANSMIT]
[145199.69ms] RETRANSMIT seq=133 len=512 [RETRANSMIT]
[145199.70ms] RETRANSMIT seq=134 len=512 [RETRANSMIT]
[145199.71ms] RETRANSMIT seq=135 len=512 [RETRANSMIT]
[145200.68ms] DUP_ACK ack_num=128 count=1
[145300.90ms] DUP_ACK ack_num=128 count=2
[145401.20ms] DUP_ACK ack_num=128 count=3
[145499.95ms] TIMEOUT sendBase=128 nextSeq=136
[145500.03ms] RETRANSMIT seq=128 len=512 [RETRANSMIT]
[145500.04ms] RETRANSMIT seq=129 len=512 [RETRANSMIT]
[145500.04ms] RETRANSMIT seq=130 len=512 [RETRANSMIT]
[145500.05ms] RETRANSMIT seq=131 len=512 [RETRANSMIT]
[145500.05ms] RETRANSMIT seq=132 len=512 [RETRANSMIT]
[145500.06ms] RETRANSMIT seq=133 len=512 [RETRANSMIT]
[145500.06ms] RETRANSMIT seq=134 len=512 [RETRANSMIT]
[145500.07ms] RETRANSMIT seq=135 len=512 [RETRANSMIT]
[145501.46ms] DUP_ACK ack_num=128 count=1
[145601.80ms] DUP_ACK ack_num=128 count=2
[145702.02ms] DUP_ACK ack_num=128 count=3
[145800.28ms] TIMEOUT sendBase=128 nextSeq=136
[145800.35ms] RETRANSMIT seq=128 len=512 [RETRANSMIT]
[145800.35ms] RETRANSMIT seq=129 len=512 [RETRANSMIT]
[145800.37ms] RETRANSMIT seq=130 len=512 [RETRANSMIT]
[145800.37ms] RETRANSMIT seq=131 len=512 [RETRANSMIT]
[145800.38ms] RETRANSMIT seq=132 len=512 [RETRANSMIT]
[145800.38ms] RETRANSMIT seq=133 len=512 [RETRANSMIT]
[145800.42ms] RETRANSMIT seq=134 len=512 [RETRANSMIT]
[145800.43ms] RETRANSMIT seq=135 len=512 [RETRANSMIT]
[145802.33ms] DUP_ACK ack_num=128 count=1
[145902.67ms] ACK ack_num=129 cwnd=1.000000 ssthresh=16.000000
[145902.70ms] SEND seq=136 len=512
[146002.96ms] ACK ack_num=130 cwnd=1.000000 ssthresh=16.000000
[146002.99ms] SEND seq=137 len=512
[146103.25ms] DUP_ACK ack_num=130 count=1
[146203.46ms] DUP_ACK ack_num=130 count=2
[146303.18ms] TIMEOUT sendBase=130 nextSeq=138
[146303.25ms] RETRANSMIT seq=130 len=512 [RETRANSMIT]
[146303.25ms] RETRANSMIT seq=131 len=512 [RETRANSMIT]
[146303.26ms] RETRANSMIT seq=132 len=512 [RETRANSMIT]
[146303.26ms] RETRANSMIT seq=133 len=512 [RETRANSMIT]
[146303.27ms] RETRANSMIT seq=134 len=512 [RETRANSMIT]
[146303.27ms] RETRANSMIT seq=135 len=512 [RETRANSMIT]
[146303.28ms] RETRANSMIT seq=136 len=512 [RETRANSMIT]
[146303.28ms] RETRANSMIT seq=137 len=512 [RETRANSMIT]
[146303.69ms] DUP_ACK ack_num=130 count=1
[146404.01ms] DUP_ACK ack_num=130 count=2
[146504.28ms] DUP_ACK ack_num=130 count=3
[146603.50ms] TIMEOUT sendBase=130 nextSeq=138
[146603.56ms] RETRANSMIT seq=130 len=512 [RETRANSMIT]
[146603.57ms] RETRANSMIT seq=131 len=512 [RETRANSMIT]
[146603.57ms] RETRANSMIT seq=132 len=512 [RETRANSMIT]
[146603.58ms] RETRANSMIT seq=133 len=512 [RETRANSMIT]
[146603.58ms] RETRANSMIT seq=134 len=512 [RETRANSMIT]
[146603.58ms] RETRANSMIT seq=135 len=512 [RETRANSMIT]
[146603.59ms] RETRANSMIT seq=136 len=512 [RETRANSMIT]
[146603.59ms] RETRANSMIT seq=137 len=512 [RETRANSMIT]
[146604.44ms] DUP_ACK ack_num=130 count=1
[146704.73ms] DUP_ACK ack_num=130 count=2
[146804.90ms] DUP_ACK ack_num=130 count=3
[146903.80ms] TIMEOUT sendBase=130 nextSeq=138
[146903.86ms] RETRANSMIT seq=130 len=512 [RETRANSMIT]
[146903.87ms] RETRANSMIT seq=131 len=512 [RETRANSMIT]
[146903.87ms] RETRANSMIT seq=132 len=512 [RETRANSMIT]
[146903.88ms] RETRANSMIT seq=133 len=512 [RETRANSMIT]
[146903.88ms] RETRANSMIT seq=134 len=512 [RETRANSMIT]
[146903.89ms] RETRANSMIT seq=135 len=512 [RETRANSMIT]
[146903.89ms] RETRANSMIT seq=136 len=512 [RETRANSMIT]
[146903.90ms] RETRANSMIT seq=137 len=512 [RETRANSMIT]
[146905.16ms] DUP_ACK ack_num=130 count=1
[147005.38ms] DUP_ACK ack_num=130 count=2
[147105.59ms] DUP_ACK ack_num=130 count=3
[147204.09ms] TIMEOUT sendBase=130 nextSeq=138
[147204.15ms] RETRANSMIT seq=130 len=512 [RETRANSMIT]
[147204.16ms] RETRANSMIT seq=131 len=512 [RETRANSMIT]
[147204.16ms] RETRANSMIT seq=132 len=512 [RETRANSMIT]
[147204.17ms] RETRANSMIT seq=133 len=512 [RETRANSMIT]
[147204.17ms] RETRANSMIT seq=134 len=512 [RETRANSMIT]
[147204.18ms] RETRANSMIT seq=135 len=512 [RETRANSMIT]
[147204.18ms] RETRANSMIT seq=136 len=512 [RETRANSMIT]
[147204.18ms] RETRANSMIT seq=137 len=512 [RETRANSMIT]
[147205.81ms] DUP_ACK ack_num=130 count=1
[147306.05ms] DUP_ACK ack_num=130 count=2
[147406.29ms] DUP_ACK ack_num=130 count=3
[147504.39ms] TIMEOUT sendBase=130 nextSeq=138
[147504.45ms] RETRANSMIT seq=130 len=512 [RETRANSMIT]
[147504.46ms] RETRANSMIT seq=131 len=512 [RETRANSMIT]
[147504.48ms] RETRANSMIT seq=132 len=512 [RETRANSMIT]
[147504.49ms] RETRANSMIT seq=133 len=512 [RETRANSMIT]
[147504.50ms] RETRANSMIT seq=134 len=512 [RETRANSMIT]
[147504.50ms] RETRANSMIT seq=135 len=512 [RETRANSMIT]
[147504.50ms] RETRANSMIT seq=136 len=512 [RETRANSMIT]
[147504.51ms] RETRANSMIT seq=137 len=512 [RETRANSMIT]
[147506.50ms] DUP_ACK ack_num=130 count=1
[147606.81ms] DUP_ACK ack_num=130 count=2
[147707.05ms] DUP_ACK ack_num=130 count=3
[147804.74ms] TIMEOUT sendBase=130 nextSeq=138
[147804.80ms] RETRANSMIT seq=130 len=512 [RETRANSMIT]
[147804.80ms] RETRANSMIT seq=131 len=512 [RETRANSMIT]
[147804.81ms] RETRANSMIT seq=132 len=512 [RETRANSMIT]
[147804.81ms] RETRANSMIT seq=133 len=512 [RETRANSMIT]
[147804.81ms] RETRANSMIT seq=134 len=512 [RETRANSMIT]
[147804.82ms] RETRANSMIT seq=135 len=512 [RETRANSMIT]
[147804.82ms] RETRANSMIT seq=136 len=512 [RETRANSMIT]
[147804.83ms] RETRANSMIT seq=137 len=512 [RETRANSMIT]
[147807.29ms] DUP_ACK ack_num=130 count=1
[147907.56ms] DUP_ACK ack_num=130 count=2
[148007.87ms] DUP_ACK ack_num=130 count=3
[148105.01ms] TIMEOUT sendBase=130 nextSeq=138
[148105.07ms] RETRANSMIT seq=130 len=512 [RETRANSMIT]
[148105.08ms] RETRANSMIT seq=131 len=512 [RETRANSMIT]
[148105.09ms] RETRANSMIT seq=132 len=512 [RETRANSMIT]
[148105.09ms] RETRANSMIT seq=133 len=512 [RETRANSMIT]
[148105.09ms] RETRANSMIT seq=134 len=512 [RETRANSMIT]
[148105.10ms] RETRANSMIT seq=135 len=512 [RETRANSMIT]
[148105.10ms] RETRANSMIT seq=136 len=512 [RETRANSMIT]
[148105.11ms] RETRANSMIT seq=137 len=512 [RETRANSMIT]
[148108.03ms] DUP_ACK ack_num=130 count=1
[148208.33ms] DUP_ACK ack_num=130 count=2
[148308.61ms] DUP_ACK ack_num=130 count=3
[148405.36ms] TIMEOUT sendBase=130 nextSeq=138
[148405.42ms] RETRANSMIT seq=130 len=512 [RETRANSMIT]
[148405.43ms] RETRANSMIT seq=131 len=512 [RETRANSMIT]
[148405.44ms] RETRANSMIT seq=132 len=512 [RETRANSMIT]
[148405.44ms] RETRANSMIT seq=133 len=512 [RETRANSMIT]
[148405.44ms] RETRANSMIT seq=134 len=512 [RETRANSMIT]
[148405.45ms] RETRANSMIT seq=135 len=512 [RETRANSMIT]
[148405.45ms] RETRANSMIT seq=136 len=512 [RETRANSMIT]
[148405.46ms] RETRANSMIT seq=137 len=512 [RETRANSMIT]
[148408.84ms] DUP_ACK ack_num=130 count=1
[148509.10ms] DUP_ACK ack_num=130 count=2
[148609.36ms] DUP_ACK ack_num=130 count=3
[148705.67ms] TIMEOUT sendBase=130 nextSeq=138
[148705.75ms] RETRANSMIT seq=130 len=512 [RETRANSMIT]
[148705.76ms] RETRANSMIT seq=131 len=512 [RETRANSMIT]
[148705.77ms] RETRANSMIT seq=132 len=512 [RETRANSMIT]
[148705.77ms] RETRANSMIT seq=133 len=512 [RETRANSMIT]
[148705.77ms] RETRANSMIT seq=134 len=512 [RETRANSMIT]
[148705.78ms] RETRANSMIT seq=135 len=512 [RETRANSMIT]
[148705.78ms] RETRANSMIT seq=136 len=512 [RETRANSMIT]
[148705.79ms] RETRANSMIT seq=137 len=512 [RETRANSMIT]
[148709.62ms] DUP_ACK ack_num=130 count=1
[148809.83ms] DUP_ACK ack_num=130 count=2
[148910.13ms] DUP_ACK ack_num=130 count=3
[149005.97ms] TIMEOUT sendBase=130 nextSeq=138
[149006.03ms] RETRANSMIT seq=130 len=512 [RETRANSMIT]
[149006.04ms] RETRANSMIT seq=131 len=512 [RETRANSMIT]
[149006.04ms] RETRANSMIT seq=132 len=512 [RETRANSMIT]
[149006.05ms] RETRANSMIT seq=133 len=512 [RETRANSMIT]
[149006.05ms] RETRANSMIT seq=134 len=512 [RETRANSMIT]
[149006.05ms] RETRANSMIT seq=135 len=512 [RETRANSMIT]
[149006.06ms] RETRANSMIT seq=136 len=512 [RETRANSMIT]
[149006.06ms] RETRANSMIT seq=137 len=512 [RETRANSMIT]
[149010.30ms] DUP_ACK ack_num=130 count=1
[149110.57ms] ACK ack_num=131 cwnd=1.000000 ssthresh=16.000000
[149110.60ms] SEND seq=138 len=512
[149210.80ms] DUP_ACK ack_num=131 count=1
[149311.04ms] DUP_ACK ack_num=131 count=2
[149410.77ms] TIMEOUT sendBase=131 nextSeq=139
[149410.83ms] RETRANSMIT seq=131 len=512 [RETRANSMIT]
[149410.84ms] RETRANSMIT seq=132 len=512 [RETRANSMIT]
[149410.84ms] RETRANSMIT seq=133 len=512 [RETRANSMIT]
[149410.85ms] RETRANSMIT seq=134 len=512 [RETRANSMIT]
[149410.85ms] RETRANSMIT seq=135 len=512 [RETRANSMIT]
[149410.85ms] RETRANSMIT seq=136 len=512 [RETRANSMIT]
[149410.86ms] RETRANSMIT seq=137 len=512 [RETRANSMIT]
[149410.86ms] RETRANSMIT seq=138 len=512 [RETRANSMIT]
[149411.24ms] DUP_ACK ack_num=131 count=1
[149511.58ms] DUP_ACK ack_num=131 count=2
[149611.94ms] DUP_ACK ack_num=131 count=3
[149711.05ms] TIMEOUT sendBase=131 nextSeq=139
[149711.11ms] RETRANSMIT seq=131 len=512 [RETRANSMIT]
[149711.12ms] RETRANSMIT seq=132 len=512 [RETRANSMIT]
[149711.12ms] RETRANSMIT seq=133 len=512 [RETRANSMIT]
[149711.13ms] RETRANSMIT seq=134 len=512 [RETRANSMIT]
[149711.13ms] RETRANSMIT seq=135 len=512 [RETRANSMIT]
[149711.14ms] RETRANSMIT seq=136 len=512 [RETRANSMIT]
[149711.14ms] RETRANSMIT seq=137 len=512 [RETRANSMIT]
[149711.15ms] RETRANSMIT seq=138 len=512 [RETRANSMIT]
[149712.12ms] DUP_ACK ack_num=131 count=1
[149812.41ms] DUP_ACK ack_num=131 count=2
[149912.67ms] ACK ack_num=132 cwnd=1.000000 ssthresh=16.000000
[149912.70ms] SEND seq=139 len=512
[150012.98ms] ACK ack_num=133 cwnd=1.000000 ssthresh=16.000000
[150013.01ms] SEND seq=140 len=512
[150113.22ms] DUP_ACK ack_num=133 count=1
[150213.46ms] DUP_ACK ack_num=133 count=2
[150313.19ms] TIMEOUT sendBase=133 nextSeq=141
[150313.27ms] RETRANSMIT seq=133 len=512 [RETRANSMIT]
[150313.28ms] RETRANSMIT seq=134 len=512 [RETRANSMIT]
[150313.28ms] RETRANSMIT seq=135 len=512 [RETRANSMIT]
[150313.34ms] RETRANSMIT seq=136 len=512 [RETRANSMIT]
[150313.34ms] RETRANSMIT seq=137 len=512 [RETRANSMIT]
[150313.35ms] RETRANSMIT seq=138 len=512 [RETRANSMIT]
[150313.36ms] RETRANSMIT seq=139 len=512 [RETRANSMIT]
[150313.36ms] RETRANSMIT seq=140 len=512 [RETRANSMIT]
[150313.60ms] DUP_ACK ack_num=133 count=1
[150413.83ms] DUP_ACK ack_num=133 count=2
[150514.11ms] DUP_ACK ack_num=133 count=3
[150613.57ms] TIMEOUT sendBase=133 nextSeq=141
[150613.63ms] RETRANSMIT seq=133 len=512 [RETRANSMIT]
[150613.64ms] RETRANSMIT seq=134 len=512 [RETRANSMIT]
[150613.64ms] RETRANSMIT seq=135 len=512 [RETRANSMIT]
[150613.65ms] RETRANSMIT seq=136 len=512 [RETRANSMIT]
[150613.65ms] RETRANSMIT seq=137 len=512 [RETRANSMIT]
[150613.66ms] RETRANSMIT seq=138 len=512 [RETRANSMIT]
[150613.66ms] RETRANSMIT seq=139 len=512 [RETRANSMIT]
[150613.66ms] RETRANSMIT seq=140 len=512 [RETRANSMIT]
[150614.27ms] ACK ack_num=134 cwnd=1.000000 ssthresh=16.000000
[150614.28ms] SEND seq=141 len=512
[150714.58ms] DUP_ACK ack_num=134 count=1
[150814.76ms] DUP_ACK ack_num=134 count=2
[151008.30ms] TIMEOUT sendBase=134 nextSeq=142
[151008.42ms] RETRANSMIT seq=134 len=512 [RETRANSMIT]
[151008.43ms] RETRANSMIT seq=135 len=512 [RETRANSMIT]
[151008.44ms] RETRANSMIT seq=136 len=512 [RETRANSMIT]
[151008.44ms] RETRANSMIT seq=137 len=512 [RETRANSMIT]
[151008.45ms] RETRANSMIT seq=138 len=512 [RETRANSMIT]
[151008.46ms] RETRANSMIT seq=139 len=512 [RETRANSMIT]
[151008.47ms] RETRANSMIT seq=140 len=512 [RETRANSMIT]
[151008.48ms] RETRANSMIT seq=141 len=512 [RETRANSMIT]
[151009.72ms] DUP_ACK ack_num=134 count=1
[151110.11ms] DUP_ACK ack_num=134 count=2
[151210.25ms] DUP_ACK ack_num=134 count=3
[151308.67ms] TIMEOUT sendBase=134 nextSeq=142
[151308.74ms] RETRANSMIT seq=134 len=512 [RETRANSMIT]
[151308.74ms] RETRANSMIT seq=135 len=512 [RETRANSMIT]
[151308.75ms] RETRANSMIT seq=136 len=512 [RETRANSMIT]
[151308.75ms] RETRANSMIT seq=137 len=512 [RETRANSMIT]
[151308.75ms] RETRANSMIT seq=138 len=512 [RETRANSMIT]
[151308.76ms] RETRANSMIT seq=139 len=512 [RETRANSMIT]
[151308.76ms] RETRANSMIT seq=140 len=512 [RETRANSMIT]
[151308.77ms] RETRANSMIT seq=141 len=512 [RETRANSMIT]
[151310.66ms] DUP_ACK ack_num=134 count=1
[151410.90ms] DUP_ACK ack_num=134 count=2
[151511.16ms] DUP_ACK ack_num=134 count=3
[151608.99ms] TIMEOUT sendBase=134 nextSeq=142
[151609.05ms] RETRANSMIT seq=134 len=512 [RETRANSMIT]
[151609.06ms] RETRANSMIT seq=135 len=512 [RETRANSMIT]
[151609.06ms] RETRANSMIT seq=136 len=512 [RETRANSMIT]
[151609.07ms] RETRANSMIT seq=137 len=512 [RETRANSMIT]
[151609.07ms] RETRANSMIT seq=138 len=512 [RETRANSMIT]
[151609.07ms] RETRANSMIT seq=139 len=512 [RETRANSMIT]
[151609.08ms] RETRANSMIT seq=140 len=512 [RETRANSMIT]
[151609.08ms] RETRANSMIT seq=141 len=512 [RETRANSMIT]
[151611.50ms] DUP_ACK ack_num=134 count=1
[151711.77ms] DUP_ACK ack_num=134 count=2
[151812.08ms] DUP_ACK ack_num=134 count=3
[151909.32ms] TIMEOUT sendBase=134 nextSeq=142
[151909.39ms] RETRANSMIT seq=134 len=512 [RETRANSMIT]
[151909.39ms] RETRANSMIT seq=135 len=512 [RETRANSMIT]
[151909.40ms] RETRANSMIT seq=136 len=512 [RETRANSMIT]
[151909.40ms] RETRANSMIT seq=137 len=512 [RETRANSMIT]
[151909.40ms] RETRANSMIT seq=138 len=512 [RETRANSMIT]
[151909.41ms] RETRANSMIT seq=139 len=512 [RETRANSMIT]
[151909.41ms] RETRANSMIT seq=140 len=512 [RETRANSMIT]
[151909.42ms] RETRANSMIT seq=141 len=512 [RETRANSMIT]
[151912.25ms] DUP_ACK ack_num=134 count=1
[152012.63ms] DUP_ACK ack_num=134 count=2
[152112.93ms] DUP_ACK ack_num=134 count=3
[152209.64ms] TIMEOUT sendBase=134 nextSeq=142
[152209.70ms] RETRANSMIT seq=134 len=512 [RETRANSMIT]
[152209.71ms] RETRANSMIT seq=135 len=512 [RETRANSMIT]
[152209.71ms] RETRANSMIT seq=136 len=512 [RETRANSMIT]
[152209.72ms] RETRANSMIT seq=137 len=512 [RETRANSMIT]
[152209.72ms] RETRANSMIT seq=138 len=512 [RETRANSMIT]
[152209.73ms] RETRANSMIT seq=139 len=512 [RETRANSMIT]
[152209.73ms] RETRANSMIT seq=140 len=512 [RETRANSMIT]
[152209.74ms] RETRANSMIT seq=141 len=512 [RETRANSMIT]
[152213.17ms] DUP_ACK ack_num=134 count=1
[152313.54ms] DUP_ACK ack_num=134 count=2
[152413.77ms] DUP_ACK ack_num=134 count=3
[152509.99ms] TIMEOUT sendBase=134 nextSeq=142
[152510.06ms] RETRANSMIT seq=134 len=512 [RETRANSMIT]
[152510.07ms] RETRANSMIT seq=135 len=512 [RETRANSMIT]
[152510.07ms] RETRANSMIT seq=136 len=512 [RETRANSMIT]
[152510.08ms] RETRANSMIT seq=137 len=512 [RETRANSMIT]
[152510.08ms] RETRANSMIT seq=138 len=512 [RETRANSMIT]
[152510.09ms] RETRANSMIT seq=139 len=512 [RETRANSMIT]
[152510.10ms] RETRANSMIT seq=140 len=512 [RETRANSMIT]
[152510.10ms] RETRANSMIT seq=141 len=512 [RETRANSMIT]
[152514.00ms] DUP_ACK ack_num=134 count=1
[152614.20ms] DUP_ACK ack_num=134 count=2
[152714.43ms] DUP_ACK ack_num=134 count=3
[152810.33ms] TIMEOUT sendBase=134 nextSeq=142
[152810.40ms] RETRANSMIT seq=134 len=512 [RETRANSMIT]
[152810.40ms] RETRANSMIT seq=135 len=512 [RETRANSMIT]
[152810.41ms] RETRANSMIT seq=136 len=512 [RETRANSMIT]
[152810.41ms] RETRANSMIT seq=137 len=512 [RETRANSMIT]
[152810.42ms] RETRANSMIT seq=138 len=512 [RETRANSMIT]
[152810.42ms] RETRANSMIT seq=139 len=512 [RETRANSMIT]
[152810.43ms] RETRANSMIT seq=140 len=512 [RETRANSMIT]
[152810.43ms] RETRANSMIT seq=141 len=512 [RETRANSMIT]
[152814.72ms] DUP_ACK ack_num=134 count=1
[152914.97ms] DUP_ACK ack_num=134 count=2
[153015.20ms] DUP_ACK ack_num=134 count=3
[153110.62ms] TIMEOUT sendBase=134 nextSeq=142
[153110.68ms] RETRANSMIT seq=134 len=512 [RETRANSMIT]
[153110.68ms] RETRANSMIT seq=135 len=512 [RETRANSMIT]
[153110.69ms] RETRANSMIT seq=136 len=512 [RETRANSMIT]
[153110.69ms] RETRANSMIT seq=137 len=512 [RETRANSMIT]
[153110.70ms] RETRANSMIT seq=138 len=512 [RETRANSMIT]
[153110.70ms] RETRANSMIT seq=139 len=512 [RETRANSMIT]
[153110.71ms] RETRANSMIT seq=140 len=512 [RETRANSMIT]
[153110.71ms] RETRANSMIT seq=141 len=512 [RETRANSMIT]
[153115.43ms] DUP_ACK ack_num=134 count=1
[153215.72ms] DUP_ACK ack_num=134 count=2
[153315.99ms] DUP_ACK ack_num=134 count=3
[153410.92ms] TIMEOUT sendBase=134 nextSeq=142
[153410.98ms] RETRANSMIT seq=134 len=512 [RETRANSMIT]
[153410.99ms] RETRANSMIT seq=135 len=512 [RETRANSMIT]
[153410.99ms] RETRANSMIT seq=136 len=512 [RETRANSMIT]
[153411.00ms] RETRANSMIT seq=137 len=512 [RETRANSMIT]
[153411.00ms] RETRANSMIT seq=138 len=512 [RETRANSMIT]
[153411.01ms] RETRANSMIT seq=139 len=512 [RETRANSMIT]
[153411.01ms] RETRANSMIT seq=140 len=512 [RETRANSMIT]
[153411.02ms] RETRANSMIT seq=141 len=512 [RETRANSMIT]
[153416.26ms] DUP_ACK ack_num=134 count=1
[153516.63ms] ACK ack_num=135 cwnd=1.000000 ssthresh=16.000000
[153516.68ms] SEND seq=142 len=512
[153616.94ms] DUP_ACK ack_num=135 count=1
[153717.09ms] DUP_ACK ack_num=135 count=2
[153816.85ms] TIMEOUT sendBase=135 nextSeq=143
[153816.91ms] RETRANSMIT seq=135 len=512 [RETRANSMIT]
[153816.92ms] RETRANSMIT seq=136 len=512 [RETRANSMIT]
[153816.93ms] RETRANSMIT seq=137 len=512 [RETRANSMIT]
[153816.93ms] RETRANSMIT seq=138 len=512 [RETRANSMIT]
[153816.94ms] RETRANSMIT seq=139 len=512 [RETRANSMIT]
[153816.94ms] RETRANSMIT seq=140 len=512 [RETRANSMIT]
[153816.95ms] RETRANSMIT seq=141 len=512 [RETRANSMIT]
[153816.95ms] RETRANSMIT seq=142 len=512 [RETRANSMIT]
[153817.29ms] DUP_ACK ack_num=135 count=1
[153917.51ms] DUP_ACK ack_num=135 count=2
[154018.09ms] DUP_ACK ack_num=135 count=3
[154117.20ms] TIMEOUT sendBase=135 nextSeq=143
[154117.26ms] RETRANSMIT seq=135 len=512 [RETRANSMIT]
[154117.27ms] RETRANSMIT seq=136 len=512 [RETRANSMIT]
[154117.27ms] RETRANSMIT seq=137 len=512 [RETRANSMIT]
[154117.27ms] RETRANSMIT seq=138 len=512 [RETRANSMIT]
[154117.28ms] RETRANSMIT seq=139 len=512 [RETRANSMIT]
[154117.28ms] RETRANSMIT seq=140 len=512 [RETRANSMIT]
[154117.29ms] RETRANSMIT seq=141 len=512 [RETRANSMIT]
[154117.29ms] RETRANSMIT seq=142 len=512 [RETRANSMIT]
[154118.38ms] DUP_ACK ack_num=135 count=1
[154218.65ms] DUP_ACK ack_num=135 count=2
[154318.91ms] DUP_ACK ack_num=135 count=3
[154417.47ms] TIMEOUT sendBase=135 nextSeq=143
[154417.53ms] RETRANSMIT seq=135 len=512 [RETRANSMIT]
[154417.54ms] RETRANSMIT seq=136 len=512 [RETRANSMIT]
[154417.54ms] RETRANSMIT seq=137 len=512 [RETRANSMIT]
[154417.55ms] RETRANSMIT seq=138 len=512 [RETRANSMIT]
[154417.55ms] RETRANSMIT seq=139 len=512 [RETRANSMIT]
[154417.55ms] RETRANSMIT seq=140 len=512 [RETRANSMIT]
[154417.56ms] RETRANSMIT seq=141 len=512 [RETRANSMIT]
[154417.60ms] RETRANSMIT seq=142 len=512 [RETRANSMIT]
[154419.06ms] DUP_ACK ack_num=135 count=1
[154519.37ms] DUP_ACK ack_num=135 count=2
[154619.60ms] DUP_ACK ack_num=135 count=3
[154717.80ms] TIMEOUT sendBase=135 nextSeq=143
[154717.86ms] RETRANSMIT seq=135 len=512 [RETRANSMIT]
[154717.87ms] RETRANSMIT seq=136 len=512 [RETRANSMIT]
[154717.87ms] RETRANSMIT seq=137 len=512 [RETRANSMIT]
[154717.88ms] RETRANSMIT seq=138 len=512 [RETRANSMIT]
[154717.88ms] RETRANSMIT seq=139 len=512 [RETRANSMIT]
[154717.89ms] RETRANSMIT seq=140 len=512 [RETRANSMIT]
[154717.89ms] RETRANSMIT seq=141 len=512 [RETRANSMIT]
[154717.89ms] RETRANSMIT seq=142 len=512 [RETRANSMIT]
[154719.85ms] DUP_ACK ack_num=135 count=1
[154820.14ms] DUP_ACK ack_num=135 count=2
[154920.38ms] DUP_ACK ack_num=135 count=3
[155018.10ms] TIMEOUT sendBase=135 nextSeq=143
[155018.17ms] RETRANSMIT seq=135 len=512 [RETRANSMIT]
[155018.17ms] RETRANSMIT seq=136 len=512 [RETRANSMIT]
[155018.18ms] RETRANSMIT seq=137 len=512 [RETRANSMIT]
[155018.18ms] RETRANSMIT seq=138 len=512 [RETRANSMIT]
[155018.19ms] RETRANSMIT seq=139 len=512 [RETRANSMIT]
[155018.19ms] RETRANSMIT seq=140 len=512 [RETRANSMIT]
[155018.19ms] RETRANSMIT seq=141 len=512 [RETRANSMIT]
[155018.20ms] RETRANSMIT seq=142 len=512 [RETRANSMIT]
[155020.67ms] DUP_ACK ack_num=135 count=1
[155120.86ms] DUP_ACK ack_num=135 count=2
[155221.16ms] DUP_ACK ack_num=135 count=3
[155318.38ms] TIMEOUT sendBase=135 nextSeq=143
[155318.44ms] RETRANSMIT seq=135 len=512 [RETRANSMIT]
[155318.45ms] RETRANSMIT seq=136 len=512 [RETRANSMIT]
[155318.45ms] RETRANSMIT seq=137 len=512 [RETRANSMIT]
[155318.46ms] RETRANSMIT seq=138 len=512 [RETRANSMIT]
[155318.46ms] RETRANSMIT seq=139 len=512 [RETRANSMIT]
[155318.46ms] RETRANSMIT seq=140 len=512 [RETRANSMIT]
[155318.47ms] RETRANSMIT seq=141 len=512 [RETRANSMIT]
[155318.47ms] RETRANSMIT seq=142 len=512 [RETRANSMIT]
[155321.29ms] DUP_ACK ack_num=135 count=1
[155421.56ms] DUP_ACK ack_num=135 count=2
[155521.77ms] DUP_ACK ack_num=135 count=3
[155618.68ms] TIMEOUT sendBase=135 nextSeq=143
[155618.74ms] RETRANSMIT seq=135 len=512 [RETRANSMIT]
[155618.75ms] RETRANSMIT seq=136 len=512 [RETRANSMIT]
[155618.75ms] RETRANSMIT seq=137 len=512 [RETRANSMIT]
[155618.76ms] RETRANSMIT seq=138 len=512 [RETRANSMIT]
[155618.76ms] RETRANSMIT seq=139 len=512 [RETRANSMIT]
[155618.77ms] RETRANSMIT seq=140 len=512 [RETRANSMIT]
[155618.77ms] RETRANSMIT seq=141 len=512 [RETRANSMIT]
[155618.78ms] RETRANSMIT seq=142 len=512 [RETRANSMIT]
[155622.04ms] DUP_ACK ack_num=135 count=1
[155722.20ms] DUP_ACK ack_num=135 count=2
[155822.47ms] DUP_ACK ack_num=135 count=3
[155919.04ms] TIMEOUT sendBase=135 nextSeq=143
[155919.10ms] RETRANSMIT seq=135 len=512 [RETRANSMIT]
[155919.11ms] RETRANSMIT seq=136 len=512 [RETRANSMIT]
[155919.12ms] RETRANSMIT seq=137 len=512 [RETRANSMIT]
[155919.12ms] RETRANSMIT seq=138 len=512 [RETRANSMIT]
[155919.12ms] RETRANSMIT seq=139 len=512 [RETRANSMIT]
[155919.13ms] RETRANSMIT seq=140 len=512 [RETRANSMIT]
[155919.13ms] RETRANSMIT seq=141 len=512 [RETRANSMIT]
[155919.14ms] RETRANSMIT seq=142 len=512 [RETRANSMIT]
[155922.68ms] DUP_ACK ack_num=135 count=1
[156022.96ms] DUP_ACK ack_num=135 count=2
[156123.20ms] DUP_ACK ack_num=135 count=3
[156219.37ms] TIMEOUT sendBase=135 nextSeq=143
[156219.43ms] RETRANSMIT seq=135 len=512 [RETRANSMIT]
[156219.44ms] RETRANSMIT seq=136 len=512 [RETRANSMIT]
[156219.45ms] RETRANSMIT seq=137 len=512 [RETRANSMIT]
[156219.45ms] RETRANSMIT seq=138 len=512 [RETRANSMIT]
[156219.45ms] RETRANSMIT seq=139 len=512 [RETRANSMIT]
[156219.46ms] RETRANSMIT seq=140 len=512 [RETRANSMIT]
[156219.46ms] RETRANSMIT seq=141 len=512 [RETRANSMIT]
[156219.47ms] RETRANSMIT seq=142 len=512 [RETRANSMIT]
[156223.41ms] DUP_ACK ack_num=135 count=1
[156323.72ms] ACK ack_num=136 cwnd=1.000000 ssthresh=16.000000
[156323.79ms] SEND seq=143 len=512
[156423.97ms] DUP_ACK ack_num=136 count=1
[156524.21ms] DUP_ACK ack_num=136 count=2
[156624.06ms] TIMEOUT sendBase=136 nextSeq=144
[156624.13ms] RETRANSMIT seq=136 len=512 [RETRANSMIT]
[156624.14ms] RETRANSMIT seq=137 len=512 [RETRANSMIT]
[156624.14ms] RETRANSMIT seq=138 len=512 [RETRANSMIT]
[156624.15ms] RETRANSMIT seq=139 len=512 [RETRANSMIT]
[156624.15ms] RETRANSMIT seq=140 len=512 [RETRANSMIT]
[156624.16ms] RETRANSMIT seq=141 len=512 [RETRANSMIT]
[156624.16ms] RETRANSMIT seq=142 len=512 [RETRANSMIT]
[156624.17ms] RETRANSMIT seq=143 len=512 [RETRANSMIT]
[156624.37ms] DUP_ACK ack_num=136 count=1
[156724.67ms] DUP_ACK ack_num=136 count=2
[156824.91ms] DUP_ACK ack_num=136 count=3
[156924.40ms] TIMEOUT sendBase=136 nextSeq=144
[156924.46ms] RETRANSMIT seq=136 len=512 [RETRANSMIT]
[156924.47ms] RETRANSMIT seq=137 len=512 [RETRANSMIT]
[156924.47ms] RETRANSMIT seq=138 len=512 [RETRANSMIT]
[156924.48ms] RETRANSMIT seq=139 len=512 [RETRANSMIT]
[156924.48ms] RETRANSMIT seq=140 len=512 [RETRANSMIT]
[156924.49ms] RETRANSMIT seq=141 len=512 [RETRANSMIT]
[156924.49ms] RETRANSMIT seq=142 len=512 [RETRANSMIT]
[156924.50ms] RETRANSMIT seq=143 len=512 [RETRANSMIT]
[156925.19ms] DUP_ACK ack_num=136 count=1
[157025.45ms] DUP_ACK ack_num=136 count=2
[157125.64ms] DUP_ACK ack_num=136 count=3
[157224.75ms] TIMEOUT sendBase=136 nextSeq=144
[157224.81ms] RETRANSMIT seq=136 len=512 [RETRANSMIT]
[157224.82ms] RETRANSMIT seq=137 len=512 [RETRANSMIT]
[157224.82ms] RETRANSMIT seq=138 len=512 [RETRANSMIT]
[157224.83ms] RETRANSMIT seq=139 len=512 [RETRANSMIT]
[157224.83ms] RETRANSMIT seq=140 len=512 [RETRANSMIT]
[157224.84ms] RETRANSMIT seq=141 len=512 [RETRANSMIT]
[157224.84ms] RETRANSMIT seq=142 len=512 [RETRANSMIT]
[157224.85ms] RETRANSMIT seq=143 len=512 [RETRANSMIT]
[157225.86ms] ACK ack_num=137 cwnd=1.000000 ssthresh=16.000000
[157225.88ms] SEND seq=144 len=512
[157326.17ms] ACK ack_num=138 cwnd=1.000000 ssthresh=16.000000
[157326.22ms] SEND seq=145 len=512
[157426.33ms] DUP_ACK ack_num=138 count=1
[157526.56ms] DUP_ACK ack_num=138 count=2
[157626.42ms] TIMEOUT sendBase=138 nextSeq=146
[157626.51ms] RETRANSMIT seq=138 len=512 [RETRANSMIT]
[157626.52ms] RETRANSMIT seq=139 len=512 [RETRANSMIT]
[157626.53ms] RETRANSMIT seq=140 len=512 [RETRANSMIT]
[157626.54ms] RETRANSMIT seq=141 len=512 [RETRANSMIT]
[157626.54ms] RETRANSMIT seq=142 len=512 [RETRANSMIT]
[157626.55ms] RETRANSMIT seq=143 len=512 [RETRANSMIT]
[157626.56ms] RETRANSMIT seq=144 len=512 [RETRANSMIT]
[157626.56ms] RETRANSMIT seq=145 len=512 [RETRANSMIT]
[157626.75ms] DUP_ACK ack_num=138 count=1
[157726.98ms] DUP_ACK ack_num=138 count=2
[157827.27ms] DUP_ACK ack_num=138 count=3
[157926.80ms] TIMEOUT sendBase=138 nextSeq=146
[157926.90ms] RETRANSMIT seq=138 len=512 [RETRANSMIT]
[157926.92ms] RETRANSMIT seq=139 len=512 [RETRANSMIT]
[157926.93ms] RETRANSMIT seq=140 len=512 [RETRANSMIT]
[157926.93ms] RETRANSMIT seq=141 len=512 [RETRANSMIT]
[157926.94ms] RETRANSMIT seq=142 len=512 [RETRANSMIT]
[157926.95ms] RETRANSMIT seq=143 len=512 [RETRANSMIT]
[157926.95ms] RETRANSMIT seq=144 len=512 [RETRANSMIT]
[157926.96ms] RETRANSMIT seq=145 len=512 [RETRANSMIT]
[157927.46ms] DUP_ACK ack_num=138 count=1
[158027.88ms] DUP_ACK ack_num=138 count=2
[158127.99ms] DUP_ACK ack_num=138 count=3
[158227.20ms] TIMEOUT sendBase=138 nextSeq=146
[158227.26ms] RETRANSMIT seq=138 len=512 [RETRANSMIT]
[158227.26ms] RETRANSMIT seq=139 len=512 [RETRANSMIT]
[158227.27ms] RETRANSMIT seq=140 len=512 [RETRANSMIT]
[158227.27ms] RETRANSMIT seq=141 len=512 [RETRANSMIT]
[158227.27ms] RETRANSMIT seq=142 len=512 [RETRANSMIT]
[158227.28ms] RETRANSMIT seq=143 len=512 [RETRANSMIT]
[158227.28ms] RETRANSMIT seq=144 len=512 [RETRANSMIT]
[158227.29ms] RETRANSMIT seq=145 len=512 [RETRANSMIT]
[158228.21ms] DUP_ACK ack_num=138 count=1
[158328.55ms] DUP_ACK ack_num=138 count=2
[158428.77ms] DUP_ACK ack_num=138 count=3
[158527.54ms] TIMEOUT sendBase=138 nextSeq=146
[158527.60ms] RETRANSMIT seq=138 len=512 [RETRANSMIT]
[158527.60ms] RETRANSMIT seq=139 len=512 [RETRANSMIT]
[158527.61ms] RETRANSMIT seq=140 len=512 [RETRANSMIT]
[158527.61ms] RETRANSMIT seq=141 len=512 [RETRANSMIT]
[158527.62ms] RETRANSMIT seq=142 len=512 [RETRANSMIT]
[158527.62ms] RETRANSMIT seq=143 len=512 [RETRANSMIT]
[158527.62ms] RETRANSMIT seq=144 len=512 [RETRANSMIT]
[158527.63ms] RETRANSMIT seq=145 len=512 [RETRANSMIT]
[158529.06ms] DUP_ACK ack_num=138 count=1
[158629.33ms] DUP_ACK ack_num=138 count=2
[158729.62ms] DUP_ACK ack_num=138 count=3
[158827.84ms] TIMEOUT sendBase=138 nextSeq=146
[158827.90ms] RETRANSMIT seq=138 len=512 [RETRANSMIT]
[158827.91ms] RETRANSMIT seq=139 len=512 [RETRANSMIT]
[158827.91ms] RETRANSMIT seq=140 len=512 [RETRANSMIT]
[158827.92ms] RETRANSMIT seq=141 len=512 [RETRANSMIT]
[158827.92ms] RETRANSMIT seq=142 len=512 [RETRANSMIT]
[158827.93ms] RETRANSMIT seq=143 len=512 [RETRANSMIT]
[158827.93ms] RETRANSMIT seq=144 len=512 [RETRANSMIT]
[158827.93ms] RETRANSMIT seq=145 len=512 [RETRANSMIT]
[158829.80ms] DUP_ACK ack_num=138 count=1
[158930.03ms] DUP_ACK ack_num=138 count=2
[159030.41ms] DUP_ACK ack_num=138 count=3
[159128.15ms] TIMEOUT sendBase=138 nextSeq=146
[159128.23ms] RETRANSMIT seq=138 len=512 [RETRANSMIT]
[159128.24ms] RETRANSMIT seq=139 len=512 [RETRANSMIT]
[159128.25ms] RETRANSMIT seq=140 len=512 [RETRANSMIT]
[159128.26ms] RETRANSMIT seq=141 len=512 [RETRANSMIT]
[159128.26ms] RETRANSMIT seq=142 len=512 [RETRANSMIT]
[159128.27ms] RETRANSMIT seq=143 len=512 [RETRANSMIT]
[159128.28ms] RETRANSMIT seq=144 len=512 [RETRANSMIT]
[159128.28ms] RETRANSMIT seq=145 len=512 [RETRANSMIT]
[159130.58ms] DUP_ACK ack_num=138 count=1
[159230.80ms] DUP_ACK ack_num=138 count=2
[159331.07ms] DUP_ACK ack_num=138 count=3
[159428.52ms] TIMEOUT sendBase=138 nextSeq=146
[159428.60ms] RETRANSMIT seq=138 len=512 [RETRANSMIT]
[159428.60ms] RETRANSMIT seq=139 len=512 [RETRANSMIT]
[159428.61ms] RETRANSMIT seq=140 len=512 [RETRANSMIT]
[159428.62ms] RETRANSMIT seq=141 len=512 [RETRANSMIT]
[159428.63ms] RETRANSMIT seq=142 len=512 [RETRANSMIT]
[159428.63ms] RETRANSMIT seq=143 len=512 [RETRANSMIT]
[159428.64ms] RETRANSMIT seq=144 len=512 [RETRANSMIT]
[159428.64ms] RETRANSMIT seq=145 len=512 [RETRANSMIT]
[159431.36ms] DUP_ACK ack_num=138 count=1
[159531.58ms] DUP_ACK ack_num=138 count=2
[159631.84ms] DUP_ACK ack_num=138 count=3
[159728.85ms] TIMEOUT sendBase=138 nextSeq=146
[159728.91ms] RETRANSMIT seq=138 len=512 [RETRANSMIT]
[159728.91ms] RETRANSMIT seq=139 len=512 [RETRANSMIT]
[159728.92ms] RETRANSMIT seq=140 len=512 [RETRANSMIT]
[159728.92ms] RETRANSMIT seq=141 len=512 [RETRANSMIT]
[159728.93ms] RETRANSMIT seq=142 len=512 [RETRANSMIT]
[159728.93ms] RETRANSMIT seq=143 len=512 [RETRANSMIT]
[159728.94ms] RETRANSMIT seq=144 len=512 [RETRANSMIT]
[159728.94ms] RETRANSMIT seq=145 len=512 [RETRANSMIT]
[159732.09ms] DUP_ACK ack_num=138 count=1
[159832.28ms] DUP_ACK ack_num=138 count=2
[159932.52ms] DUP_ACK ack_num=138 count=3
[160029.16ms] TIMEOUT sendBase=138 nextSeq=146
[160029.24ms] RETRANSMIT seq=138 len=512 [RETRANSMIT]
[160029.26ms] RETRANSMIT seq=139 len=512 [RETRANSMIT]
[160029.27ms] RETRANSMIT seq=140 len=512 [RETRANSMIT]
[160029.27ms] RETRANSMIT seq=141 len=512 [RETRANSMIT]
[160029.31ms] RETRANSMIT seq=142 len=512 [RETRANSMIT]
[160029.32ms] RETRANSMIT seq=143 len=512 [RETRANSMIT]
[160029.33ms] RETRANSMIT seq=144 len=512 [RETRANSMIT]
[160029.33ms] RETRANSMIT seq=145 len=512 [RETRANSMIT]
[160032.77ms] DUP_ACK ack_num=138 count=1
[160133.18ms] DUP_ACK ack_num=138 count=2
[160233.51ms] DUP_ACK ack_num=138 count=3
[160329.51ms] TIMEOUT sendBase=138 nextSeq=146
[160329.58ms] RETRANSMIT seq=138 len=512 [RETRANSMIT]
[160329.59ms] RETRANSMIT seq=139 len=512 [RETRANSMIT]
[160329.60ms] RETRANSMIT seq=140 len=512 [RETRANSMIT]
[160329.60ms] RETRANSMIT seq=141 len=512 [RETRANSMIT]
[160329.61ms] RETRANSMIT seq=142 len=512 [RETRANSMIT]
[160329.61ms] RETRANSMIT seq=143 len=512 [RETRANSMIT]
[160329.62ms] RETRANSMIT seq=144 len=512 [RETRANSMIT]
[160329.62ms] RETRANSMIT seq=145 len=512 [RETRANSMIT]
[160333.84ms] DUP_ACK ack_num=138 count=1
[160434.00ms] DUP_ACK ack_num=138 count=2
[160534.22ms] DUP_ACK ack_num=138 count=3
[160629.87ms] TIMEOUT sendBase=138 nextSeq=146
[160629.95ms] RETRANSMIT seq=138 len=512 [RETRANSMIT]
[160629.96ms] RETRANSMIT seq=139 len=512 [RETRANSMIT]
[160629.96ms] RETRANSMIT seq=140 len=512 [RETRANSMIT]
[160629.96ms] RETRANSMIT seq=141 len=512 [RETRANSMIT]
[160629.97ms] RETRANSMIT seq=142 len=512 [RETRANSMIT]
[160629.97ms] RETRANSMIT seq=143 len=512 [RETRANSMIT]
[160629.98ms] RETRANSMIT seq=144 len=512 [RETRANSMIT]
[160629.98ms] RETRANSMIT seq=145 len=512 [RETRANSMIT]
[160634.41ms] DUP_ACK ack_num=138 count=1
[160734.61ms] DUP_ACK ack_num=138 count=2
[160834.93ms] DUP_ACK ack_num=138 count=3
[160930.20ms] TIMEOUT sendBase=138 nextSeq=146
[160930.26ms] RETRANSMIT seq=138 len=512 [RETRANSMIT]
[160930.27ms] RETRANSMIT seq=139 len=512 [RETRANSMIT]
[160930.28ms] RETRANSMIT seq=140 len=512 [RETRANSMIT]
[160930.28ms] RETRANSMIT seq=141 len=512 [RETRANSMIT]
[160930.28ms] RETRANSMIT seq=142 len=512 [RETRANSMIT]
[160930.29ms] RETRANSMIT seq=143 len=512 [RETRANSMIT]
[160930.29ms] RETRANSMIT seq=144 len=512 [RETRANSMIT]
[160930.30ms] RETRANSMIT seq=145 len=512 [RETRANSMIT]
[160935.25ms] DUP_ACK ack_num=138 count=1
[161035.46ms] ACK ack_num=139 cwnd=1.000000 ssthresh=16.000000
[161035.50ms] SEND seq=146 len=512
[161136.06ms] ACK ack_num=140 cwnd=1.000000 ssthresh=16.000000
[161136.10ms] SEND seq=147 len=512
[161236.22ms] ACK ack_num=141 cwnd=1.000000 ssthresh=16.000000
[161236.25ms] SEND seq=148 len=512
[161336.46ms] DUP_ACK ack_num=141 count=1
[161436.68ms] DUP_ACK ack_num=141 count=2
[161536.44ms] TIMEOUT sendBase=141 nextSeq=149
[161536.51ms] RETRANSMIT seq=141 len=512 [RETRANSMIT]
[161536.51ms] RETRANSMIT seq=142 len=512 [RETRANSMIT]
[161536.52ms] RETRANSMIT seq=143 len=512 [RETRANSMIT]
[161536.52ms] RETRANSMIT seq=144 len=512 [RETRANSMIT]
[161536.53ms] RETRANSMIT seq=145 len=512 [RETRANSMIT]
[161536.53ms] RETRANSMIT seq=146 len=512 [RETRANSMIT]
[161536.53ms] RETRANSMIT seq=147 len=512 [RETRANSMIT]
[161536.55ms] RETRANSMIT seq=148 len=512 [RETRANSMIT]
[161536.89ms] DUP_ACK ack_num=141 count=1
[161637.39ms] DUP_ACK ack_num=141 count=2
[161768.08ms] DUP_ACK ack_num=141 count=3
[161978.81ms] TIMEOUT sendBase=141 nextSeq=149
[161978.88ms] RETRANSMIT seq=141 len=512 [RETRANSMIT]
[161978.89ms] RETRANSMIT seq=142 len=512 [RETRANSMIT]
[161978.90ms] RETRANSMIT seq=143 len=512 [RETRANSMIT]
[161978.90ms] RETRANSMIT seq=144 len=512 [RETRANSMIT]
[161978.91ms] RETRANSMIT seq=145 len=512 [RETRANSMIT]
[161978.92ms] RETRANSMIT seq=146 len=512 [RETRANSMIT]
[161978.93ms] RETRANSMIT seq=147 len=512 [RETRANSMIT]
[161978.93ms] RETRANSMIT seq=148 len=512 [RETRANSMIT]
[161979.09ms] DUP_ACK ack_num=141 count=1
[162079.36ms] DUP_ACK ack_num=141 count=2
[162179.89ms] DUP_ACK ack_num=141 count=3
[162279.16ms] TIMEOUT sendBase=141 nextSeq=149
[162279.22ms] RETRANSMIT seq=141 len=512 [RETRANSMIT]
[162279.23ms] RETRANSMIT seq=142 len=512 [RETRANSMIT]
[162279.23ms] RETRANSMIT seq=143 len=512 [RETRANSMIT]
[162279.24ms] RETRANSMIT seq=144 len=512 [RETRANSMIT]
[162279.24ms] RETRANSMIT seq=145 len=512 [RETRANSMIT]
[162279.24ms] RETRANSMIT seq=146 len=512 [RETRANSMIT]
[162279.25ms] RETRANSMIT seq=147 len=512 [RETRANSMIT]
[162279.25ms] RETRANSMIT seq=148 len=512 [RETRANSMIT]
[162279.97ms] DUP_ACK ack_num=141 count=1
[162380.21ms] DUP_ACK ack_num=141 count=2
[162480.44ms] DUP_ACK ack_num=141 count=3
[162579.52ms] TIMEOUT sendBase=141 nextSeq=149
[162579.59ms] RETRANSMIT seq=141 len=512 [RETRANSMIT]
[162579.60ms] RETRANSMIT seq=142 len=512 [RETRANSMIT]
[162579.61ms] RETRANSMIT seq=143 len=512 [RETRANSMIT]
[162579.61ms] RETRANSMIT seq=144 len=512 [RETRANSMIT]
[162579.62ms] RETRANSMIT seq=145 len=512 [RETRANSMIT]
[162579.62ms] RETRANSMIT seq=146 len=512 [RETRANSMIT]
[162579.62ms] RETRANSMIT seq=147 len=512 [RETRANSMIT]
[162579.63ms] RETRANSMIT seq=148 len=512 [RETRANSMIT]
[162580.66ms] DUP_ACK ack_num=141 count=1
[162680.85ms] DUP_ACK ack_num=141 count=2
[162781.19ms] ACK ack_num=142 cwnd=1.000000 ssthresh=16.000000
[162781.23ms] SEND seq=149 len=512
[162881.42ms] DUP_ACK ack_num=142 count=1
[162981.68ms] DUP_ACK ack_num=142 count=2
[163081.50ms] TIMEOUT sendBase=142 nextSeq=150
[163081.61ms] RETRANSMIT seq=142 len=512 [RETRANSMIT]
[163081.62ms] RETRANSMIT seq=143 len=512 [RETRANSMIT]
[163081.63ms] RETRANSMIT seq=144 len=512 [RETRANSMIT]
[163081.64ms] RETRANSMIT seq=145 len=512 [RETRANSMIT]
[163081.66ms] RETRANSMIT seq=146 len=512 [RETRANSMIT]
[163081.67ms] RETRANSMIT seq=147 len=512 [RETRANSMIT]
[163081.68ms] RETRANSMIT seq=148 len=512 [RETRANSMIT]
[163081.75ms] RETRANSMIT seq=149 len=512 [RETRANSMIT]
[163081.80ms] DUP_ACK ack_num=142 count=1
[163182.10ms] DUP_ACK ack_num=142 count=2
[163282.57ms] DUP_ACK ack_num=142 count=3
[163381.95ms] TIMEOUT sendBase=142 nextSeq=150
[163382.02ms] RETRANSMIT seq=142 len=512 [RETRANSMIT]
[163382.02ms] RETRANSMIT seq=143 len=512 [RETRANSMIT]
[163382.03ms] RETRANSMIT seq=144 len=512 [RETRANSMIT]
[163382.04ms] RETRANSMIT seq=145 len=512 [RETRANSMIT]
[163382.04ms] RETRANSMIT seq=146 len=512 [RETRANSMIT]
[163382.04ms] RETRANSMIT seq=147 len=512 [RETRANSMIT]
[163382.05ms] RETRANSMIT seq=148 len=512 [RETRANSMIT]
[163382.05ms] RETRANSMIT seq=149 len=512 [RETRANSMIT]
[163382.61ms] DUP_ACK ack_num=142 count=1
[163483.15ms] DUP_ACK ack_num=142 count=2
[163583.33ms] DUP_ACK ack_num=142 count=3
[163682.46ms] TIMEOUT sendBase=142 nextSeq=150
[163682.53ms] RETRANSMIT seq=142 len=512 [RETRANSMIT]
[163682.53ms] RETRANSMIT seq=143 len=512 [RETRANSMIT]
[163682.54ms] RETRANSMIT seq=144 len=512 [RETRANSMIT]
[163682.54ms] RETRANSMIT seq=145 len=512 [RETRANSMIT]
[163682.55ms] RETRANSMIT seq=146 len=512 [RETRANSMIT]
[163682.55ms] RETRANSMIT seq=147 len=512 [RETRANSMIT]
[163682.56ms] RETRANSMIT seq=148 len=512 [RETRANSMIT]
[163682.56ms] RETRANSMIT seq=149 len=512 [RETRANSMIT]
[163683.60ms] DUP_ACK ack_num=142 count=1
[163783.97ms] DUP_ACK ack_num=142 count=2
[163884.17ms] DUP_ACK ack_num=142 count=3
[163982.81ms] TIMEOUT sendBase=142 nextSeq=150
[163982.92ms] RETRANSMIT seq=142 len=512 [RETRANSMIT]
[163982.93ms] RETRANSMIT seq=143 len=512 [RETRANSMIT]
[163982.94ms] RETRANSMIT seq=144 len=512 [RETRANSMIT]
[163982.94ms] RETRANSMIT seq=145 len=512 [RETRANSMIT]
[163982.95ms] RETRANSMIT seq=146 len=512 [RETRANSMIT]
[163982.95ms] RETRANSMIT seq=147 len=512 [RETRANSMIT]
[163982.95ms] RETRANSMIT seq=148 len=512 [RETRANSMIT]
[163982.96ms] RETRANSMIT seq=149 len=512 [RETRANSMIT]
[163984.36ms] DUP_ACK ack_num=142 count=1
[164084.58ms] DUP_ACK ack_num=142 count=2
[164184.78ms] DUP_ACK ack_num=142 count=3
[164283.16ms] TIMEOUT sendBase=142 nextSeq=150
[164283.23ms] RETRANSMIT seq=142 len=512 [RETRANSMIT]
[164283.23ms] RETRANSMIT seq=143 len=512 [RETRANSMIT]
[164283.24ms] RETRANSMIT seq=144 len=512 [RETRANSMIT]
[164283.24ms] RETRANSMIT seq=145 len=512 [RETRANSMIT]
[164283.25ms] RETRANSMIT seq=146 len=512 [RETRANSMIT]
[164283.25ms] RETRANSMIT seq=147 len=512 [RETRANSMIT]
[164283.26ms] RETRANSMIT seq=148 len=512 [RETRANSMIT]
[164283.26ms] RETRANSMIT seq=149 len=512 [RETRANSMIT]
[164285.06ms] DUP_ACK ack_num=142 count=1
[164385.37ms] DUP_ACK ack_num=142 count=2
[164485.58ms] DUP_ACK ack_num=142 count=3
[164583.51ms] TIMEOUT sendBase=142 nextSeq=150
[164583.57ms] RETRANSMIT seq=142 len=512 [RETRANSMIT]
[164583.60ms] RETRANSMIT seq=143 len=512 [RETRANSMIT]
[164583.61ms] RETRANSMIT seq=144 len=512 [RETRANSMIT]
[164583.61ms] RETRANSMIT seq=145 len=512 [RETRANSMIT]
[164583.62ms] RETRANSMIT seq=146 len=512 [RETRANSMIT]
[164583.62ms] RETRANSMIT seq=147 len=512 [RETRANSMIT]
[164583.62ms] RETRANSMIT seq=148 len=512 [RETRANSMIT]
[164583.63ms] RETRANSMIT seq=149 len=512 [RETRANSMIT]
[164585.70ms] DUP_ACK ack_num=142 count=1
[164685.93ms] DUP_ACK ack_num=142 count=2
[164786.27ms] DUP_ACK ack_num=142 count=3
[164883.83ms] TIMEOUT sendBase=142 nextSeq=150
[164883.90ms] RETRANSMIT seq=142 len=512 [RETRANSMIT]
[164883.90ms] RETRANSMIT seq=143 len=512 [RETRANSMIT]
[164883.91ms] RETRANSMIT seq=144 len=512 [RETRANSMIT]
[164883.91ms] RETRANSMIT seq=145 len=512 [RETRANSMIT]
[164883.92ms] RETRANSMIT seq=146 len=512 [RETRANSMIT]
[164883.92ms] RETRANSMIT seq=147 len=512 [RETRANSMIT]
[164883.92ms] RETRANSMIT seq=148 len=512 [RETRANSMIT]
[164883.93ms] RETRANSMIT seq=149 len=512 [RETRANSMIT]
[164886.47ms] DUP_ACK ack_num=142 count=1
[164986.72ms] DUP_ACK ack_num=142 count=2
[165086.92ms] DUP_ACK ack_num=142 count=3
[165184.12ms] TIMEOUT sendBase=142 nextSeq=150
[165184.18ms] RETRANSMIT seq=142 len=512 [RETRANSMIT]
[165184.19ms] RETRANSMIT seq=143 len=512 [RETRANSMIT]
[165184.19ms] RETRANSMIT seq=144 len=512 [RETRANSMIT]
[165184.20ms] RETRANSMIT seq=145 len=512 [RETRANSMIT]
[165184.20ms] RETRANSMIT seq=146 len=512 [RETRANSMIT]
[165184.20ms] RETRANSMIT seq=147 len=512 [RETRANSMIT]
[165184.21ms] RETRANSMIT seq=148 len=512 [RETRANSMIT]
[165184.21ms] RETRANSMIT seq=149 len=512 [RETRANSMIT]
[165187.16ms] DUP_ACK ack_num=142 count=1
[165287.46ms] DUP_ACK ack_num=142 count=2
[165387.59ms] DUP_ACK ack_num=142 count=3
[165484.40ms] TIMEOUT sendBase=142 nextSeq=150
[165484.47ms] RETRANSMIT seq=142 len=512 [RETRANSMIT]
[165484.48ms] RETRANSMIT seq=143 len=512 [RETRANSMIT]
[165484.48ms] RETRANSMIT seq=144 len=512 [RETRANSMIT]
[165484.49ms] RETRANSMIT seq=145 len=512 [RETRANSMIT]
[165484.49ms] RETRANSMIT seq=146 len=512 [RETRANSMIT]
[165484.50ms] RETRANSMIT seq=147 len=512 [RETRANSMIT]
[165484.50ms] RETRANSMIT seq=148 len=512 [RETRANSMIT]
[165484.50ms] RETRANSMIT seq=149 len=512 [RETRANSMIT]
[165487.80ms] DUP_ACK ack_num=142 count=1
[165588.06ms] DUP_ACK ack_num=142 count=2
[165688.35ms] DUP_ACK ack_num=142 count=3
[165784.72ms] TIMEOUT sendBase=142 nextSeq=150
[165784.79ms] RETRANSMIT seq=142 len=512 [RETRANSMIT]
[165784.79ms] RETRANSMIT seq=143 len=512 [RETRANSMIT]
[165784.80ms] RETRANSMIT seq=144 len=512 [RETRANSMIT]
[165784.80ms] RETRANSMIT seq=145 len=512 [RETRANSMIT]
[165784.80ms] RETRANSMIT seq=146 len=512 [RETRANSMIT]
[165784.81ms] RETRANSMIT seq=147 len=512 [RETRANSMIT]
[165784.81ms] RETRANSMIT seq=148 len=512 [RETRANSMIT]
[165784.82ms] RETRANSMIT seq=149 len=512 [RETRANSMIT]
[165788.42ms] DUP_ACK ack_num=142 count=1
[165888.82ms] DUP_ACK ack_num=142 count=2
[165988.86ms] DUP_ACK ack_num=142 count=3
[166085.07ms] TIMEOUT sendBase=142 nextSeq=150
[166085.18ms] RETRANSMIT seq=142 len=512 [RETRANSMIT]
[166085.19ms] RETRANSMIT seq=143 len=512 [RETRANSMIT]
[166085.20ms] RETRANSMIT seq=144 len=512 [RETRANSMIT]
[166085.20ms] RETRANSMIT seq=145 len=512 [RETRANSMIT]
[166085.21ms] RETRANSMIT seq=146 len=512 [RETRANSMIT]
[166085.25ms] RETRANSMIT seq=147 len=512 [RETRANSMIT]
[166085.26ms] RETRANSMIT seq=148 len=512 [RETRANSMIT]
[166085.26ms] RETRANSMIT seq=149 len=512 [RETRANSMIT]
[166089.06ms] DUP_ACK ack_num=142 count=1
[166189.37ms] DUP_ACK ack_num=142 count=2
[166289.51ms] DUP_ACK ack_num=142 count=3
[166385.48ms] TIMEOUT sendBase=142 nextSeq=150
[166385.54ms] RETRANSMIT seq=142 len=512 [RETRANSMIT]
[166385.55ms] RETRANSMIT seq=143 len=512 [RETRANSMIT]
[166385.55ms] RETRANSMIT seq=144 len=512 [RETRANSMIT]
[166385.56ms] RETRANSMIT seq=145 len=512 [RETRANSMIT]
[166385.56ms] RETRANSMIT seq=146 len=512 [RETRANSMIT]
[166385.56ms] RETRANSMIT seq=147 len=512 [RETRANSMIT]
[166385.57ms] RETRANSMIT seq=148 len=512 [RETRANSMIT]
[166385.57ms] RETRANSMIT seq=149 len=512 [RETRANSMIT]
[166389.81ms] DUP_ACK ack_num=142 count=1
[166490.05ms] DUP_ACK ack_num=142 count=2
[166590.35ms] DUP_ACK ack_num=142 count=3
[166685.82ms] TIMEOUT sendBase=142 nextSeq=150
[166685.89ms] RETRANSMIT seq=142 len=512 [RETRANSMIT]
[166685.90ms] RETRANSMIT seq=143 len=512 [RETRANSMIT]
[166685.90ms] RETRANSMIT seq=144 len=512 [RETRANSMIT]
[166685.91ms] RETRANSMIT seq=145 len=512 [RETRANSMIT]
[166685.91ms] RETRANSMIT seq=146 len=512 [RETRANSMIT]
[166685.91ms] RETRANSMIT seq=147 len=512 [RETRANSMIT]
[166685.92ms] RETRANSMIT seq=148 len=512 [RETRANSMIT]
[166685.92ms] RETRANSMIT seq=149 len=512 [RETRANSMIT]
[166690.48ms] DUP_ACK ack_num=142 count=1
[166790.71ms] ACK ack_num=143 cwnd=1.000000 ssthresh=16.000000
[166790.76ms] SEND seq=150 len=512
[166890.91ms] DUP_ACK ack_num=143 count=1
[166991.17ms] DUP_ACK ack_num=143 count=2
[167090.93ms] TIMEOUT sendBase=143 nextSeq=151
[167091.00ms] RETRANSMIT seq=143 len=512 [RETRANSMIT]
[167091.00ms] RETRANSMIT seq=144 len=512 [RETRANSMIT]
[167091.01ms] RETRANSMIT seq=145 len=512 [RETRANSMIT]
[167091.01ms] RETRANSMIT seq=146 len=512 [RETRANSMIT]
[167091.02ms] RETRANSMIT seq=147 len=512 [RETRANSMIT]
[167091.02ms] RETRANSMIT seq=148 len=512 [RETRANSMIT]
[167091.02ms] RETRANSMIT seq=149 len=512 [RETRANSMIT]
[167091.03ms] RETRANSMIT seq=150 len=512 [RETRANSMIT]
[167091.33ms] DUP_ACK ack_num=143 count=1
[167191.64ms] DUP_ACK ack_num=143 count=2
[167291.75ms] DUP_ACK ack_num=143 count=3
[167391.21ms] TIMEOUT sendBase=143 nextSeq=151
[167391.32ms] RETRANSMIT seq=143 len=512 [RETRANSMIT]
[167391.32ms] RETRANSMIT seq=144 len=512 [RETRANSMIT]
[167391.33ms] RETRANSMIT seq=145 len=512 [RETRANSMIT]
[167391.33ms] RETRANSMIT seq=146 len=512 [RETRANSMIT]
[167391.34ms] RETRANSMIT seq=147 len=512 [RETRANSMIT]
[167391.34ms] RETRANSMIT seq=148 len=512 [RETRANSMIT]
[167391.34ms] RETRANSMIT seq=149 len=512 [RETRANSMIT]
[167391.35ms] RETRANSMIT seq=150 len=512 [RETRANSMIT]
[167391.95ms] DUP_ACK ack_num=143 count=1
[167492.24ms] DUP_ACK ack_num=143 count=2
[167592.47ms] DUP_ACK ack_num=143 count=3
[167691.54ms] TIMEOUT sendBase=143 nextSeq=151
[167691.61ms] RETRANSMIT seq=143 len=512 [RETRANSMIT]
[167691.61ms] RETRANSMIT seq=144 len=512 [RETRANSMIT]
[167691.62ms] RETRANSMIT seq=145 len=512 [RETRANSMIT]
[167691.62ms] RETRANSMIT seq=146 len=512 [RETRANSMIT]
[167691.63ms] RETRANSMIT seq=147 len=512 [RETRANSMIT]
[167691.63ms] RETRANSMIT seq=148 len=512 [RETRANSMIT]
[167691.64ms] RETRANSMIT seq=149 len=512 [RETRANSMIT]
[167691.64ms] RETRANSMIT seq=150 len=512 [RETRANSMIT]
[167692.74ms] DUP_ACK ack_num=143 count=1
[167792.94ms] DUP_ACK ack_num=143 count=2
[167893.18ms] DUP_ACK ack_num=143 count=3
[167991.83ms] TIMEOUT sendBase=143 nextSeq=151
[167991.89ms] RETRANSMIT seq=143 len=512 [RETRANSMIT]
[167991.89ms] RETRANSMIT seq=144 len=512 [RETRANSMIT]
[167991.90ms] RETRANSMIT seq=145 len=512 [RETRANSMIT]
[167991.90ms] RETRANSMIT seq=146 len=512 [RETRANSMIT]
[167991.91ms] RETRANSMIT seq=147 len=512 [RETRANSMIT]
[167991.91ms] RETRANSMIT seq=148 len=512 [RETRANSMIT]
[167991.92ms] RETRANSMIT seq=149 len=512 [RETRANSMIT]
[167991.92ms] RETRANSMIT seq=150 len=512 [RETRANSMIT]
[167993.43ms] DUP_ACK ack_num=143 count=1
[168093.68ms] DUP_ACK ack_num=143 count=2
[168193.86ms] DUP_ACK ack_num=143 count=3
[168292.10ms] TIMEOUT sendBase=143 nextSeq=151
[168292.17ms] RETRANSMIT seq=143 len=512 [RETRANSMIT]
[168292.18ms] RETRANSMIT seq=144 len=512 [RETRANSMIT]
[168292.19ms] RETRANSMIT seq=145 len=512 [RETRANSMIT]
[168292.19ms] RETRANSMIT seq=146 len=512 [RETRANSMIT]
[168292.20ms] RETRANSMIT seq=147 len=512 [RETRANSMIT]
[168292.20ms] RETRANSMIT seq=148 len=512 [RETRANSMIT]
[168292.20ms] RETRANSMIT seq=149 len=512 [RETRANSMIT]
[168292.21ms] RETRANSMIT seq=150 len=512 [RETRANSMIT]
[168294.47ms] ACK ack_num=144 cwnd=1.000000 ssthresh=16.000000
[168294.50ms] SEND seq=151 len=512
[168394.59ms] DUP_ACK ack_num=144 count=1
[168494.79ms] DUP_ACK ack_num=144 count=2
[168594.68ms] TIMEOUT sendBase=144 nextSeq=152
[168594.74ms] RETRANSMIT seq=144 len=512 [RETRANSMIT]
[168594.75ms] RETRANSMIT seq=145 len=512 [RETRANSMIT]
[168594.76ms] RETRANSMIT seq=146 len=512 [RETRANSMIT]
[168594.76ms] RETRANSMIT seq=147 len=512 [RETRANSMIT]
[168594.77ms] RETRANSMIT seq=148 len=512 [RETRANSMIT]
[168594.77ms] RETRANSMIT seq=149 len=512 [RETRANSMIT]
[168594.77ms] RETRANSMIT seq=150 len=512 [RETRANSMIT]
[168594.78ms] RETRANSMIT seq=151 len=512 [RETRANSMIT]
[168594.95ms] DUP_ACK ack_num=144 count=1
[168695.20ms] DUP_ACK ack_num=144 count=2
[168795.46ms] DUP_ACK ack_num=144 count=3
[168894.98ms] TIMEOUT sendBase=144 nextSeq=152
[168895.09ms] RETRANSMIT seq=144 len=512 [RETRANSMIT]
[168895.10ms] RETRANSMIT seq=145 len=512 [RETRANSMIT]
[168895.11ms] RETRANSMIT seq=146 len=512 [RETRANSMIT]
[168895.11ms] RETRANSMIT seq=147 len=512 [RETRANSMIT]
[168895.12ms] RETRANSMIT seq=148 len=512 [RETRANSMIT]
[168895.12ms] RETRANSMIT seq=149 len=512 [RETRANSMIT]
[168895.13ms] RETRANSMIT seq=150 len=512 [RETRANSMIT]
[168895.14ms] RETRANSMIT seq=151 len=512 [RETRANSMIT]
[168895.68ms] DUP_ACK ack_num=144 count=1
[168995.90ms] DUP_ACK ack_num=144 count=2
[169096.08ms] DUP_ACK ack_num=144 count=3
[169195.30ms] TIMEOUT sendBase=144 nextSeq=152
[169195.36ms] RETRANSMIT seq=144 len=512 [RETRANSMIT]
[169195.36ms] RETRANSMIT seq=145 len=512 [RETRANSMIT]
[169195.37ms] RETRANSMIT seq=146 len=512 [RETRANSMIT]
[169195.37ms] RETRANSMIT seq=147 len=512 [RETRANSMIT]
[169195.38ms] RETRANSMIT seq=148 len=512 [RETRANSMIT]
[169195.38ms] RETRANSMIT seq=149 len=512 [RETRANSMIT]
[169195.38ms] RETRANSMIT seq=150 len=512 [RETRANSMIT]
[169195.39ms] RETRANSMIT seq=151 len=512 [RETRANSMIT]
[169196.23ms] DUP_ACK ack_num=144 count=1
[169296.49ms] DUP_ACK ack_num=144 count=2
[169396.73ms] DUP_ACK ack_num=144 count=3
[169495.57ms] TIMEOUT sendBase=144 nextSeq=152
[169495.62ms] RETRANSMIT seq=144 len=512 [RETRANSMIT]
[169495.63ms] RETRANSMIT seq=145 len=512 [RETRANSMIT]
[169495.64ms] RETRANSMIT seq=146 len=512 [RETRANSMIT]
[169495.64ms] RETRANSMIT seq=147 len=512 [RETRANSMIT]
[169495.64ms] RETRANSMIT seq=148 len=512 [RETRANSMIT]
[169495.65ms] RETRANSMIT seq=149 len=512 [RETRANSMIT]
[169495.65ms] RETRANSMIT seq=150 len=512 [RETRANSMIT]
[169495.66ms] RETRANSMIT seq=151 len=512 [RETRANSMIT]
[169496.90ms] DUP_ACK ack_num=144 count=1
[169597.20ms] DUP_ACK ack_num=144 count=2
[169697.47ms] DUP_ACK ack_num=144 count=3
[169795.86ms] TIMEOUT sendBase=144 nextSeq=152
[169795.92ms] RETRANSMIT seq=144 len=512 [RETRANSMIT]
[169795.92ms] RETRANSMIT seq=145 len=512 [RETRANSMIT]
[169795.95ms] RETRANSMIT seq=146 len=512 [RETRANSMIT]
[169795.95ms] RETRANSMIT seq=147 len=512 [RETRANSMIT]
[169795.96ms] RETRANSMIT seq=148 len=512 [RETRANSMIT]
[169795.96ms] RETRANSMIT seq=149 len=512 [RETRANSMIT]
[169795.97ms] RETRANSMIT seq=150 len=512 [RETRANSMIT]
[169795.97ms] RETRANSMIT seq=151 len=512 [RETRANSMIT]
[169797.62ms] DUP_ACK ack_num=144 count=1
[169897.90ms] DUP_ACK ack_num=144 count=2
[169998.14ms] DUP_ACK ack_num=144 count=3
[170096.20ms] TIMEOUT sendBase=144 nextSeq=152
[170096.26ms] RETRANSMIT seq=144 len=512 [RETRANSMIT]
[170096.26ms] RETRANSMIT seq=145 len=512 [RETRANSMIT]
[170096.27ms] RETRANSMIT seq=146 len=512 [RETRANSMIT]
[170096.27ms] RETRANSMIT seq=147 len=512 [RETRANSMIT]
[170096.28ms] RETRANSMIT seq=148 len=512 [RETRANSMIT]
[170096.28ms] RETRANSMIT seq=149 len=512 [RETRANSMIT]
[170096.29ms] RETRANSMIT seq=150 len=512 [RETRANSMIT]
[170096.29ms] RETRANSMIT seq=151 len=512 [RETRANSMIT]
[170098.32ms] DUP_ACK ack_num=144 count=1
[170198.55ms] DUP_ACK ack_num=144 count=2
[170298.79ms] DUP_ACK ack_num=144 count=3
[170396.51ms] TIMEOUT sendBase=144 nextSeq=152
[170396.59ms] RETRANSMIT seq=144 len=512 [RETRANSMIT]
[170396.60ms] RETRANSMIT seq=145 len=512 [RETRANSMIT]
[170396.61ms] RETRANSMIT seq=146 len=512 [RETRANSMIT]
[170396.62ms] RETRANSMIT seq=147 len=512 [RETRANSMIT]
[170396.63ms] RETRANSMIT seq=148 len=512 [RETRANSMIT]
[170396.64ms] RETRANSMIT seq=149 len=512 [RETRANSMIT]
[170396.65ms] RETRANSMIT seq=150 len=512 [RETRANSMIT]
[170396.67ms] RETRANSMIT seq=151 len=512 [RETRANSMIT]
[170399.09ms] DUP_ACK ack_num=144 count=1
[170499.30ms] DUP_ACK ack_num=144 count=2
[170599.56ms] DUP_ACK ack_num=144 count=3
[170696.89ms] TIMEOUT sendBase=144 nextSeq=152
[170696.95ms] RETRANSMIT seq=144 len=512 [RETRANSMIT]
[170696.95ms] RETRANSMIT seq=145 len=512 [RETRANSMIT]
[170696.96ms] RETRANSMIT seq=146 len=512 [RETRANSMIT]
[170696.96ms] RETRANSMIT seq=147 len=512 [RETRANSMIT]
[170696.97ms] RETRANSMIT seq=148 len=512 [RETRANSMIT]
[170696.97ms] RETRANSMIT seq=149 len=512 [RETRANSMIT]
[170696.98ms] RETRANSMIT seq=150 len=512 [RETRANSMIT]
[170696.99ms] RETRANSMIT seq=151 len=512 [RETRANSMIT]
[170699.77ms] DUP_ACK ack_num=144 count=1
[170800.08ms] DUP_ACK ack_num=144 count=2
[170900.30ms] DUP_ACK ack_num=144 count=3
[170997.19ms] TIMEOUT sendBase=144 nextSeq=152
[170997.24ms] RETRANSMIT seq=144 len=512 [RETRANSMIT]
[170997.25ms] RETRANSMIT seq=145 len=512 [RETRANSMIT]
[170997.26ms] RETRANSMIT seq=146 len=512 [RETRANSMIT]
[170997.26ms] RETRANSMIT seq=147 len=512 [RETRANSMIT]
[170997.26ms] RETRANSMIT seq=148 len=512 [RETRANSMIT]
[170997.27ms] RETRANSMIT seq=149 len=512 [RETRANSMIT]
[170997.27ms] RETRANSMIT seq=150 len=512 [RETRANSMIT]
[170997.28ms] RETRANSMIT seq=151 len=512 [RETRANSMIT]
[171000.53ms] ACK ack_num=145 cwnd=1.000000 ssthresh=16.000000
[171000.55ms] SEND seq=152 len=512
[171100.90ms] ACK ack_num=146 cwnd=1.000000 ssthresh=16.000000
[171100.95ms] SEND seq=153 len=512
[171201.09ms] DUP_ACK ack_num=146 count=1
[171301.28ms] DUP_ACK ack_num=146 count=2
[171401.16ms] TIMEOUT sendBase=146 nextSeq=154
[171401.23ms] RETRANSMIT seq=146 len=512 [RETRANSMIT]
[171401.23ms] RETRANSMIT seq=147 len=512 [RETRANSMIT]
[171401.24ms] RETRANSMIT seq=148 len=512 [RETRANSMIT]
[171401.28ms] RETRANSMIT seq=149 len=512 [RETRANSMIT]
[171401.29ms] RETRANSMIT seq=150 len=512 [RETRANSMIT]
[171401.30ms] RETRANSMIT seq=151 len=512 [RETRANSMIT]
[171401.30ms] RETRANSMIT seq=152 len=512 [RETRANSMIT]
[171401.31ms] RETRANSMIT seq=153 len=512 [RETRANSMIT]
[171401.47ms] DUP_ACK ack_num=146 count=1
[171501.72ms] DUP_ACK ack_num=146 count=2
[171602.00ms] DUP_ACK ack_num=146 count=3
[171701.52ms] TIMEOUT sendBase=146 nextSeq=154
[171701.58ms] RETRANSMIT seq=146 len=512 [RETRANSMIT]
[171701.58ms] RETRANSMIT seq=147 len=512 [RETRANSMIT]
[171701.59ms] RETRANSMIT seq=148 len=512 [RETRANSMIT]
[171701.59ms] RETRANSMIT seq=149 len=512 [RETRANSMIT]
[171701.60ms] RETRANSMIT seq=150 len=512 [RETRANSMIT]
[171701.60ms] RETRANSMIT seq=151 len=512 [RETRANSMIT]
[171701.61ms] RETRANSMIT seq=152 len=512 [RETRANSMIT]
[171701.61ms] RETRANSMIT seq=153 len=512 [RETRANSMIT]
[171702.22ms] DUP_ACK ack_num=146 count=1
[171802.50ms] DUP_ACK ack_num=146 count=2
[171902.86ms] DUP_ACK ack_num=146 count=3
[172001.87ms] TIMEOUT sendBase=146 nextSeq=154
[172001.93ms] RETRANSMIT seq=146 len=512 [RETRANSMIT]
[172001.94ms] RETRANSMIT seq=147 len=512 [RETRANSMIT]
[172001.94ms] RETRANSMIT seq=148 len=512 [RETRANSMIT]
[172001.94ms] RETRANSMIT seq=149 len=512 [RETRANSMIT]
[172001.95ms] RETRANSMIT seq=150 len=512 [RETRANSMIT]
[172001.95ms] RETRANSMIT seq=151 len=512 [RETRANSMIT]
[172001.96ms] RETRANSMIT seq=152 len=512 [RETRANSMIT]
[172001.96ms] RETRANSMIT seq=153 len=512 [RETRANSMIT]
[172002.95ms] DUP_ACK ack_num=146 count=1
[172103.30ms] DUP_ACK ack_num=146 count=2
[172203.67ms] DUP_ACK ack_num=146 count=3
[172302.18ms] TIMEOUT sendBase=146 nextSeq=154
[172302.25ms] RETRANSMIT seq=146 len=512 [RETRANSMIT]
[172302.26ms] RETRANSMIT seq=147 len=512 [RETRANSMIT]
[172302.27ms] RETRANSMIT seq=148 len=512 [RETRANSMIT]
[172302.27ms] RETRANSMIT seq=149 len=512 [RETRANSMIT]
[172302.28ms] RETRANSMIT seq=150 len=512 [RETRANSMIT]
[172302.29ms] RETRANSMIT seq=151 len=512 [RETRANSMIT]
[172302.29ms] RETRANSMIT seq=152 len=512 [RETRANSMIT]
[172302.33ms] RETRANSMIT seq=153 len=512 [RETRANSMIT]
[172303.87ms] DUP_ACK ack_num=146 count=1
[172404.25ms] DUP_ACK ack_num=146 count=2
[172504.48ms] DUP_ACK ack_num=146 count=3
[172602.52ms] TIMEOUT sendBase=146 nextSeq=154
[172602.59ms] RETRANSMIT seq=146 len=512 [RETRANSMIT]
[172602.59ms] RETRANSMIT seq=147 len=512 [RETRANSMIT]
[172602.60ms] RETRANSMIT seq=148 len=512 [RETRANSMIT]
[172602.60ms] RETRANSMIT seq=149 len=512 [RETRANSMIT]
[172602.61ms] RETRANSMIT seq=150 len=512 [RETRANSMIT]
[172602.61ms] RETRANSMIT seq=151 len=512 [RETRANSMIT]
[172602.61ms] RETRANSMIT seq=152 len=512 [RETRANSMIT]
[172602.62ms] RETRANSMIT seq=153 len=512 [RETRANSMIT]
[172604.69ms] DUP_ACK ack_num=146 count=1
[172704.95ms] DUP_ACK ack_num=146 count=2
[172805.21ms] DUP_ACK ack_num=146 count=3
[172902.85ms] TIMEOUT sendBase=146 nextSeq=154
[172902.93ms] RETRANSMIT seq=146 len=512 [RETRANSMIT]
[172902.95ms] RETRANSMIT seq=147 len=512 [RETRANSMIT]
[172902.96ms] RETRANSMIT seq=148 len=512 [RETRANSMIT]
[172902.96ms] RETRANSMIT seq=149 len=512 [RETRANSMIT]
[172902.97ms] RETRANSMIT seq=150 len=512 [RETRANSMIT]
[172902.98ms] RETRANSMIT seq=151 len=512 [RETRANSMIT]
[172902.99ms] RETRANSMIT seq=152 len=512 [RETRANSMIT]
[172903.00ms] RETRANSMIT seq=153 len=512 [RETRANSMIT]
[172905.51ms] DUP_ACK ack_num=146 count=1
[173005.75ms] DUP_ACK ack_num=146 count=2
[173106.02ms] ACK ack_num=147 cwnd=1.000000 ssthresh=16.000000
[173106.08ms] SEND seq=154 len=512
[173206.14ms] DUP_ACK ack_num=147 count=1
[173306.52ms] DUP_ACK ack_num=147 count=2
[173406.26ms] TIMEOUT sendBase=147 nextSeq=155
[173406.31ms] RETRANSMIT seq=147 len=512 [RETRANSMIT]
[173406.32ms] RETRANSMIT seq=148 len=512 [RETRANSMIT]
[173406.33ms] RETRANSMIT seq=149 len=512 [RETRANSMIT]
[173406.33ms] RETRANSMIT seq=150 len=512 [RETRANSMIT]
[173406.34ms] RETRANSMIT seq=151 len=512 [RETRANSMIT]
[173406.34ms] RETRANSMIT seq=152 len=512 [RETRANSMIT]
[173406.35ms] RETRANSMIT seq=153 len=512 [RETRANSMIT]
[173406.35ms] RETRANSMIT seq=154 len=512 [RETRANSMIT]
[173406.71ms] DUP_ACK ack_num=147 count=1
[173507.03ms] DUP_ACK ack_num=147 count=2
[173607.23ms] DUP_ACK ack_num=147 count=3
[173706.67ms] TIMEOUT sendBase=147 nextSeq=155
[173706.76ms] RETRANSMIT seq=147 len=512 [RETRANSMIT]
[173706.77ms] RETRANSMIT seq=148 len=512 [RETRANSMIT]
[173706.78ms] RETRANSMIT seq=149 len=512 [RETRANSMIT]
[173706.79ms] RETRANSMIT seq=150 len=512 [RETRANSMIT]
[173706.80ms] RETRANSMIT seq=151 len=512 [RETRANSMIT]
[173706.81ms] RETRANSMIT seq=152 len=512 [RETRANSMIT]
[173706.82ms] RETRANSMIT seq=153 len=512 [RETRANSMIT]
[173706.84ms] RETRANSMIT seq=154 len=512 [RETRANSMIT]
[173707.45ms] ACK ack_num=148 cwnd=1.000000 ssthresh=16.000000
[173707.48ms] SEND seq=155 len=512
[173807.76ms] ACK ack_num=149 cwnd=1.000000 ssthresh=16.000000
[173807.81ms] SEND seq=156 len=512
[173907.93ms] ACK ack_num=150 cwnd=1.000000 ssthresh=16.000000
[173907.96ms] SEND seq=157 len=512
[174019.98ms] DUP_ACK ack_num=150 count=1
[174120.40ms] DUP_ACK ack_num=150 count=2
[174208.16ms] TIMEOUT sendBase=150 nextSeq=158
[174208.24ms] RETRANSMIT seq=150 len=512 [RETRANSMIT]
[174208.25ms] RETRANSMIT seq=151 len=512 [RETRANSMIT]
[174208.25ms] RETRANSMIT seq=152 len=512 [RETRANSMIT]
[174208.26ms] RETRANSMIT seq=153 len=512 [RETRANSMIT]
[174208.27ms] RETRANSMIT seq=154 len=512 [RETRANSMIT]
[174208.27ms] RETRANSMIT seq=155 len=512 [RETRANSMIT]
[174208.28ms] RETRANSMIT seq=156 len=512 [RETRANSMIT]
[174208.29ms] RETRANSMIT seq=157 len=512 [RETRANSMIT]
[174220.63ms] DUP_ACK ack_num=150 count=1
[174320.94ms] DUP_ACK ack_num=150 count=2
[174421.17ms] DUP_ACK ack_num=150 count=3
[174508.49ms] TIMEOUT sendBase=150 nextSeq=158
[174508.59ms] RETRANSMIT seq=150 len=512 [RETRANSMIT]
[174508.60ms] RETRANSMIT seq=151 len=512 [RETRANSMIT]
[174508.61ms] RETRANSMIT seq=152 len=512 [RETRANSMIT]
[174508.61ms] RETRANSMIT seq=153 len=512 [RETRANSMIT]
[174508.61ms] RETRANSMIT seq=154 len=512 [RETRANSMIT]
[174508.62ms] RETRANSMIT seq=155 len=512 [RETRANSMIT]
[174508.63ms] RETRANSMIT seq=156 len=512 [RETRANSMIT]
[174508.63ms] RETRANSMIT seq=157 len=512 [RETRANSMIT]
[174521.54ms] DUP_ACK ack_num=150 count=1
[174621.77ms] DUP_ACK ack_num=150 count=2
[174721.99ms] DUP_ACK ack_num=150 count=3
[174808.83ms] TIMEOUT sendBase=150 nextSeq=158
[174808.89ms] RETRANSMIT seq=150 len=512 [RETRANSMIT]
[174808.90ms] RETRANSMIT seq=151 len=512 [RETRANSMIT]
[174808.91ms] RETRANSMIT seq=152 len=512 [RETRANSMIT]
[174808.91ms] RETRANSMIT seq=153 len=512 [RETRANSMIT]
[174808.91ms] RETRANSMIT seq=154 len=512 [RETRANSMIT]
[174808.92ms] RETRANSMIT seq=155 len=512 [RETRANSMIT]
[174808.92ms] RETRANSMIT seq=156 len=512 [RETRANSMIT]
[174808.93ms] RETRANSMIT seq=157 len=512 [RETRANSMIT]
[174822.24ms] DUP_ACK ack_num=150 count=1
[174922.48ms] DUP_ACK ack_num=150 count=2
[175022.77ms] DUP_ACK ack_num=150 count=3
[175109.16ms] TIMEOUT sendBase=150 nextSeq=158
[175109.22ms] RETRANSMIT seq=150 len=512 [RETRANSMIT]
[175109.23ms] RETRANSMIT seq=151 len=512 [RETRANSMIT]
[175109.24ms] RETRANSMIT seq=152 len=512 [RETRANSMIT]
[175109.24ms] RETRANSMIT seq=153 len=512 [RETRANSMIT]
[175109.24ms] RETRANSMIT seq=154 len=512 [RETRANSMIT]
[175109.25ms] RETRANSMIT seq=155 len=512 [RETRANSMIT]
[175109.25ms] RETRANSMIT seq=156 len=512 [RETRANSMIT]
[175109.26ms] RETRANSMIT seq=157 len=512 [RETRANSMIT]
[175123.06ms] DUP_ACK ack_num=150 count=1
[175223.44ms] DUP_ACK ack_num=150 count=2
[175323.68ms] DUP_ACK ack_num=150 count=3
[175409.41ms] TIMEOUT sendBase=150 nextSeq=158
[175409.47ms] RETRANSMIT seq=150 len=512 [RETRANSMIT]
[175409.48ms] RETRANSMIT seq=151 len=512 [RETRANSMIT]
[175409.48ms] RETRANSMIT seq=152 len=512 [RETRANSMIT]
[175409.49ms] RETRANSMIT seq=153 len=512 [RETRANSMIT]
[175409.49ms] RETRANSMIT seq=154 len=512 [RETRANSMIT]
[175409.53ms] RETRANSMIT seq=155 len=512 [RETRANSMIT]
[175409.53ms] RETRANSMIT seq=156 len=512 [RETRANSMIT]
[175409.54ms] RETRANSMIT seq=157 len=512 [RETRANSMIT]
[175423.92ms] DUP_ACK ack_num=150 count=1
[175524.23ms] DUP_ACK ack_num=150 count=2
[175624.59ms] DUP_ACK ack_num=150 count=3
[175709.74ms] TIMEOUT sendBase=150 nextSeq=158
[175709.80ms] RETRANSMIT seq=150 len=512 [RETRANSMIT]
[175709.81ms] RETRANSMIT seq=151 len=512 [RETRANSMIT]
[175709.84ms] RETRANSMIT seq=152 len=512 [RETRANSMIT]
[175709.85ms] RETRANSMIT seq=153 len=512 [RETRANSMIT]
[175709.85ms] RETRANSMIT seq=154 len=512 [RETRANSMIT]
[175709.86ms] RETRANSMIT seq=155 len=512 [RETRANSMIT]
[175709.86ms] RETRANSMIT seq=156 len=512 [RETRANSMIT]
[175709.86ms] RETRANSMIT seq=157 len=512 [RETRANSMIT]
[175724.81ms] DUP_ACK ack_num=150 count=1
[175824.99ms] DUP_ACK ack_num=150 count=2
[175925.30ms] DUP_ACK ack_num=150 count=3
[176010.06ms] TIMEOUT sendBase=150 nextSeq=158
[176010.12ms] RETRANSMIT seq=150 len=512 [RETRANSMIT]
[176010.13ms] RETRANSMIT seq=151 len=512 [RETRANSMIT]
[176010.13ms] RETRANSMIT seq=152 len=512 [RETRANSMIT]
[176010.13ms] RETRANSMIT seq=153 len=512 [RETRANSMIT]
[176010.14ms] RETRANSMIT seq=154 len=512 [RETRANSMIT]
[176010.14ms] RETRANSMIT seq=155 len=512 [RETRANSMIT]
[176010.15ms] RETRANSMIT seq=156 len=512 [RETRANSMIT]
[176010.15ms] RETRANSMIT seq=157 len=512 [RETRANSMIT]
[176025.53ms] DUP_ACK ack_num=150 count=1
[176125.81ms] DUP_ACK ack_num=150 count=2
[176226.07ms] DUP_ACK ack_num=150 count=3
[176310.35ms] TIMEOUT sendBase=150 nextSeq=158
[176310.41ms] RETRANSMIT seq=150 len=512 [RETRANSMIT]
[176310.42ms] RETRANSMIT seq=151 len=512 [RETRANSMIT]
[176310.42ms] RETRANSMIT seq=152 len=512 [RETRANSMIT]
[176310.46ms] RETRANSMIT seq=153 len=512 [RETRANSMIT]
[176310.47ms] RETRANSMIT seq=154 len=512 [RETRANSMIT]
[176310.48ms] RETRANSMIT seq=155 len=512 [RETRANSMIT]
[176310.48ms] RETRANSMIT seq=156 len=512 [RETRANSMIT]
[176310.49ms] RETRANSMIT seq=157 len=512 [RETRANSMIT]
[176326.33ms] DUP_ACK ack_num=150 count=1
[176426.62ms] DUP_ACK ack_num=150 count=2
[176526.94ms] DUP_ACK ack_num=150 count=3
[176610.71ms] TIMEOUT sendBase=150 nextSeq=158
[176610.81ms] RETRANSMIT seq=150 len=512 [RETRANSMIT]
[176610.82ms] RETRANSMIT seq=151 len=512 [RETRANSMIT]
[176610.83ms] RETRANSMIT seq=152 len=512 [RETRANSMIT]
[176610.83ms] RETRANSMIT seq=153 len=512 [RETRANSMIT]
[176610.84ms] RETRANSMIT seq=154 len=512 [RETRANSMIT]
[176610.85ms] RETRANSMIT seq=155 len=512 [RETRANSMIT]
[176610.85ms] RETRANSMIT seq=156 len=512 [RETRANSMIT]
[176610.86ms] RETRANSMIT seq=157 len=512 [RETRANSMIT]
[176627.15ms] DUP_ACK ack_num=150 count=1
[176727.47ms] DUP_ACK ack_num=150 count=2
[176827.70ms] DUP_ACK ack_num=150 count=3
[176911.07ms] TIMEOUT sendBase=150 nextSeq=158
[176911.15ms] RETRANSMIT seq=150 len=512 [RETRANSMIT]
[176911.16ms] RETRANSMIT seq=151 len=512 [RETRANSMIT]
[176911.16ms] RETRANSMIT seq=152 len=512 [RETRANSMIT]
[176911.17ms] RETRANSMIT seq=153 len=512 [RETRANSMIT]
[176911.18ms] RETRANSMIT seq=154 len=512 [RETRANSMIT]
[176911.18ms] RETRANSMIT seq=155 len=512 [RETRANSMIT]
[176911.19ms] RETRANSMIT seq=156 len=512 [RETRANSMIT]
[176911.20ms] RETRANSMIT seq=157 len=512 [RETRANSMIT]
[176927.97ms] DUP_ACK ack_num=150 count=1
[177028.19ms] DUP_ACK ack_num=150 count=2
[177128.49ms] DUP_ACK ack_num=150 count=3
[177211.41ms] TIMEOUT sendBase=150 nextSeq=158
[177211.47ms] RETRANSMIT seq=150 len=512 [RETRANSMIT]
[177211.47ms] RETRANSMIT seq=151 len=512 [RETRANSMIT]
[177211.48ms] RETRANSMIT seq=152 len=512 [RETRANSMIT]
[177211.48ms] RETRANSMIT seq=153 len=512 [RETRANSMIT]
[177211.49ms] RETRANSMIT seq=154 len=512 [RETRANSMIT]
[177211.49ms] RETRANSMIT seq=155 len=512 [RETRANSMIT]
[177211.50ms] RETRANSMIT seq=156 len=512 [RETRANSMIT]
[177211.50ms] RETRANSMIT seq=157 len=512 [RETRANSMIT]
[177228.85ms] DUP_ACK ack_num=150 count=1
[177329.10ms] ACK ack_num=151 cwnd=1.000000 ssthresh=16.000000
[177329.20ms] SEND seq=158 len=512
[177429.39ms] DUP_ACK ack_num=151 count=1
[177529.63ms] DUP_ACK ack_num=151 count=2
[177629.45ms] TIMEOUT sendBase=151 nextSeq=159
[177629.52ms] RETRANSMIT seq=151 len=512 [RETRANSMIT]
[177629.53ms] RETRANSMIT seq=152 len=512 [RETRANSMIT]
[177629.53ms] RETRANSMIT seq=153 len=512 [RETRANSMIT]
[177629.54ms] RETRANSMIT seq=154 len=512 [RETRANSMIT]
[177629.54ms] RETRANSMIT seq=155 len=512 [RETRANSMIT]
[177629.55ms] RETRANSMIT seq=156 len=512 [RETRANSMIT]
[177629.55ms] RETRANSMIT seq=157 len=512 [RETRANSMIT]
[177629.56ms] RETRANSMIT seq=158 len=512 [RETRANSMIT]
[177629.87ms] DUP_ACK ack_num=151 count=1
[177730.21ms] DUP_ACK ack_num=151 count=2
[177830.49ms] DUP_ACK ack_num=151 count=3
[177929.79ms] TIMEOUT sendBase=151 nextSeq=159
[177929.85ms] RETRANSMIT seq=151 len=512 [RETRANSMIT]
[177929.86ms] RETRANSMIT seq=152 len=512 [RETRANSMIT]
[177929.87ms] RETRANSMIT seq=153 len=512 [RETRANSMIT]
[177929.87ms] RETRANSMIT seq=154 len=512 [RETRANSMIT]
[177929.88ms] RETRANSMIT seq=155 len=512 [RETRANSMIT]
[177929.88ms] RETRANSMIT seq=156 len=512 [RETRANSMIT]
[177929.88ms] RETRANSMIT seq=157 len=512 [RETRANSMIT]
[177929.89ms] RETRANSMIT seq=158 len=512 [RETRANSMIT]
[177930.69ms] DUP_ACK ack_num=151 count=1
[178031.19ms] DUP_ACK ack_num=151 count=2
[178131.41ms] DUP_ACK ack_num=151 count=3
[178230.09ms] TIMEOUT sendBase=151 nextSeq=159
[178230.18ms] RETRANSMIT seq=151 len=512 [RETRANSMIT]
[178230.19ms] RETRANSMIT seq=152 len=512 [RETRANSMIT]
[178230.19ms] RETRANSMIT seq=153 len=512 [RETRANSMIT]
[178230.19ms] RETRANSMIT seq=154 len=512 [RETRANSMIT]
[178230.20ms] RETRANSMIT seq=155 len=512 [RETRANSMIT]
[178230.20ms] RETRANSMIT seq=156 len=512 [RETRANSMIT]
[178230.21ms] RETRANSMIT seq=157 len=512 [RETRANSMIT]
[178230.21ms] RETRANSMIT seq=158 len=512 [RETRANSMIT]
[178231.62ms] DUP_ACK ack_num=151 count=1
[178331.94ms] DUP_ACK ack_num=151 count=2
[178432.15ms] DUP_ACK ack_num=151 count=3
[178530.44ms] TIMEOUT sendBase=151 nextSeq=159
[178530.50ms] RETRANSMIT seq=151 len=512 [RETRANSMIT]
[178530.51ms] RETRANSMIT seq=152 len=512 [RETRANSMIT]
[178530.52ms] RETRANSMIT seq=153 len=512 [RETRANSMIT]
[178530.52ms] RETRANSMIT seq=154 len=512 [RETRANSMIT]
[178530.52ms] RETRANSMIT seq=155 len=512 [RETRANSMIT]
[178530.53ms] RETRANSMIT seq=156 len=512 [RETRANSMIT]
[178530.53ms] RETRANSMIT seq=157 len=512 [RETRANSMIT]
[178530.54ms] RETRANSMIT seq=158 len=512 [RETRANSMIT]
[178532.46ms] DUP_ACK ack_num=151 count=1
[178632.75ms] DUP_ACK ack_num=151 count=2
[178733.05ms] DUP_ACK ack_num=151 count=3
[178830.73ms] TIMEOUT sendBase=151 nextSeq=159
[178830.79ms] RETRANSMIT seq=151 len=512 [RETRANSMIT]
[178830.79ms] RETRANSMIT seq=152 len=512 [RETRANSMIT]
[178830.80ms] RETRANSMIT seq=153 len=512 [RETRANSMIT]
[178830.80ms] RETRANSMIT seq=154 len=512 [RETRANSMIT]
[178830.81ms] RETRANSMIT seq=155 len=512 [RETRANSMIT]
[178830.82ms] RETRANSMIT seq=156 len=512 [RETRANSMIT]
[178830.82ms] RETRANSMIT seq=157 len=512 [RETRANSMIT]
[178830.83ms] RETRANSMIT seq=158 len=512 [RETRANSMIT]
[178833.28ms] DUP_ACK ack_num=151 count=1
[178933.54ms] DUP_ACK ack_num=151 count=2
[179033.83ms] DUP_ACK ack_num=151 count=3
[179131.08ms] TIMEOUT sendBase=151 nextSeq=159
[179131.14ms] RETRANSMIT seq=151 len=512 [RETRANSMIT]
[179131.14ms] RETRANSMIT seq=152 len=512 [RETRANSMIT]
[179131.15ms] RETRANSMIT seq=153 len=512 [RETRANSMIT]
[179131.15ms] RETRANSMIT seq=154 len=512 [RETRANSMIT]
[179131.16ms] RETRANSMIT seq=155 len=512 [RETRANSMIT]
[179131.16ms] RETRANSMIT seq=156 len=512 [RETRANSMIT]
[179131.16ms] RETRANSMIT seq=157 len=512 [RETRANSMIT]
[179131.17ms] RETRANSMIT seq=158 len=512 [RETRANSMIT]
[179134.04ms] DUP_ACK ack_num=151 count=1
[179234.18ms] DUP_ACK ack_num=151 count=2
[179334.43ms] DUP_ACK ack_num=151 count=3
[179431.37ms] TIMEOUT sendBase=151 nextSeq=159
[179431.44ms] RETRANSMIT seq=151 len=512 [RETRANSMIT]
[179431.44ms] RETRANSMIT seq=152 len=512 [RETRANSMIT]
[179431.45ms] RETRANSMIT seq=153 len=512 [RETRANSMIT]
[179431.45ms] RETRANSMIT seq=154 len=512 [RETRANSMIT]
[179431.46ms] RETRANSMIT seq=155 len=512 [RETRANSMIT]
[179431.46ms] RETRANSMIT seq=156 len=512 [RETRANSMIT]
[179431.46ms] RETRANSMIT seq=157 len=512 [RETRANSMIT]
[179431.47ms] RETRANSMIT seq=158 len=512 [RETRANSMIT]
[179434.62ms] DUP_ACK ack_num=151 count=1
[179534.97ms] DUP_ACK ack_num=151 count=2
[179635.13ms] ACK ack_num=152 cwnd=1.000000 ssthresh=16.000000
[179635.16ms] SEND seq=159 len=512
[179735.39ms] DUP_ACK ack_num=152 count=1
[179835.65ms] DUP_ACK ack_num=152 count=2
[179935.34ms] TIMEOUT sendBase=152 nextSeq=160
[179935.40ms] RETRANSMIT seq=152 len=512 [RETRANSMIT]
[179935.41ms] RETRANSMIT seq=153 len=512 [RETRANSMIT]
[179935.41ms] RETRANSMIT seq=154 len=512 [RETRANSMIT]
[179935.42ms] RETRANSMIT seq=155 len=512 [RETRANSMIT]
[179935.46ms] RETRANSMIT seq=156 len=512 [RETRANSMIT]
[179935.47ms] RETRANSMIT seq=157 len=512 [RETRANSMIT]
[179935.47ms] RETRANSMIT seq=158 len=512 [RETRANSMIT]
[179935.48ms] RETRANSMIT seq=159 len=512 [RETRANSMIT]
[179935.84ms] DUP_ACK ack_num=152 count=1
[180036.10ms] DUP_ACK ack_num=152 count=2
[180136.37ms] DUP_ACK ack_num=152 count=3
[180235.77ms] TIMEOUT sendBase=152 nextSeq=160
[180235.84ms] RETRANSMIT seq=152 len=512 [RETRANSMIT]
[180235.84ms] RETRANSMIT seq=153 len=512 [RETRANSMIT]
[180235.85ms] RETRANSMIT seq=154 len=512 [RETRANSMIT]
[180235.86ms] RETRANSMIT seq=155 len=512 [RETRANSMIT]
[180235.86ms] RETRANSMIT seq=156 len=512 [RETRANSMIT]
[180235.87ms] RETRANSMIT seq=157 len=512 [RETRANSMIT]
[180235.87ms] RETRANSMIT seq=158 len=512 [RETRANSMIT]
[180235.88ms] RETRANSMIT seq=159 len=512 [RETRANSMIT]
[180236.58ms] DUP_ACK ack_num=152 count=1
[180336.82ms] DUP_ACK ack_num=152 count=2
[180437.10ms] DUP_ACK ack_num=152 count=3
[180536.08ms] TIMEOUT sendBase=152 nextSeq=160
[180536.16ms] RETRANSMIT seq=152 len=512 [RETRANSMIT]
[180536.17ms] RETRANSMIT seq=153 len=512 [RETRANSMIT]
[180536.17ms] RETRANSMIT seq=154 len=512 [RETRANSMIT]
[180536.18ms] RETRANSMIT seq=155 len=512 [RETRANSMIT]
[180536.18ms] RETRANSMIT seq=156 len=512 [RETRANSMIT]
[180536.19ms] RETRANSMIT seq=157 len=512 [RETRANSMIT]
[180536.19ms] RETRANSMIT seq=158 len=512 [RETRANSMIT]
[180536.20ms] RETRANSMIT seq=159 len=512 [RETRANSMIT]
[180537.32ms] DUP_ACK ack_num=152 count=1
[180637.59ms] DUP_ACK ack_num=152 count=2
[180737.77ms] DUP_ACK ack_num=152 count=3
[180836.40ms] TIMEOUT sendBase=152 nextSeq=160
[180836.47ms] RETRANSMIT seq=152 len=512 [RETRANSMIT]
[180836.47ms] RETRANSMIT seq=153 len=512 [RETRANSMIT]
[180836.48ms] RETRANSMIT seq=154 len=512 [RETRANSMIT]
[180836.48ms] RETRANSMIT seq=155 len=512 [RETRANSMIT]
[180836.49ms] RETRANSMIT seq=156 len=512 [RETRANSMIT]
[180836.49ms] RETRANSMIT seq=157 len=512 [RETRANSMIT]
[180836.50ms] RETRANSMIT seq=158 len=512 [RETRANSMIT]
[180836.50ms] RETRANSMIT seq=159 len=512 [RETRANSMIT]
[180838.04ms] DUP_ACK ack_num=152 count=1
[180938.32ms] DUP_ACK ack_num=152 count=2
[181038.60ms] DUP_ACK ack_num=152 count=3
[181136.68ms] TIMEOUT sendBase=152 nextSeq=160
[181136.76ms] RETRANSMIT seq=152 len=512 [RETRANSMIT]
[181136.76ms] RETRANSMIT seq=153 len=512 [RETRANSMIT]
[181136.77ms] RETRANSMIT seq=154 len=512 [RETRANSMIT]
[181136.77ms] RETRANSMIT seq=155 len=512 [RETRANSMIT]
[181136.78ms] RETRANSMIT seq=156 len=512 [RETRANSMIT]
[181136.78ms] RETRANSMIT seq=157 len=512 [RETRANSMIT]
[181136.79ms] RETRANSMIT seq=158 len=512 [RETRANSMIT]
[181136.79ms] RETRANSMIT seq=159 len=512 [RETRANSMIT]
[181138.74ms] DUP_ACK ack_num=152 count=1
[181238.97ms] DUP_ACK ack_num=152 count=2
[181339.25ms] DUP_ACK ack_num=152 count=3
[181437.02ms] TIMEOUT sendBase=152 nextSeq=160
[181437.18ms] RETRANSMIT seq=152 len=512 [RETRANSMIT]
[181437.20ms] RETRANSMIT seq=153 len=512 [RETRANSMIT]
[181437.20ms] RETRANSMIT seq=154 len=512 [RETRANSMIT]
[181437.21ms] RETRANSMIT seq=155 len=512 [RETRANSMIT]
[181437.21ms] RETRANSMIT seq=156 len=512 [RETRANSMIT]
[181437.22ms] RETRANSMIT seq=157 len=512 [RETRANSMIT]
[181437.22ms] RETRANSMIT seq=158 len=512 [RETRANSMIT]
[181437.23ms] RETRANSMIT seq=159 len=512 [RETRANSMIT]
[181439.46ms] DUP_ACK ack_num=152 count=1
[181539.77ms] DUP_ACK ack_num=152 count=2
[181666.55ms] DUP_ACK ack_num=152 count=3
[181737.42ms] TIMEOUT sendBase=152 nextSeq=160
[181737.48ms] RETRANSMIT seq=152 len=512 [RETRANSMIT]
[181737.49ms] RETRANSMIT seq=153 len=512 [RETRANSMIT]
[181737.49ms] RETRANSMIT seq=154 len=512 [RETRANSMIT]
[181737.50ms] RETRANSMIT seq=155 len=512 [RETRANSMIT]
[181737.50ms] RETRANSMIT seq=156 len=512 [RETRANSMIT]
[181737.51ms] RETRANSMIT seq=157 len=512 [RETRANSMIT]
[181737.51ms] RETRANSMIT seq=158 len=512 [RETRANSMIT]
[181737.51ms] RETRANSMIT seq=159 len=512 [RETRANSMIT]
[181740.22ms] DUP_ACK ack_num=152 count=1
[181840.47ms] DUP_ACK ack_num=152 count=2
[181940.72ms] DUP_ACK ack_num=152 count=3
[182037.71ms] TIMEOUT sendBase=152 nextSeq=160
[182037.78ms] RETRANSMIT seq=152 len=512 [RETRANSMIT]
[182037.78ms] RETRANSMIT seq=153 len=512 [RETRANSMIT]
[182037.79ms] RETRANSMIT seq=154 len=512 [RETRANSMIT]
[182037.79ms] RETRANSMIT seq=155 len=512 [RETRANSMIT]
[182037.80ms] RETRANSMIT seq=156 len=512 [RETRANSMIT]
[182037.80ms] RETRANSMIT seq=157 len=512 [RETRANSMIT]
[182037.80ms] RETRANSMIT seq=158 len=512 [RETRANSMIT]
[182037.81ms] RETRANSMIT seq=159 len=512 [RETRANSMIT]
[182041.05ms] DUP_ACK ack_num=152 count=1
[182141.19ms] DUP_ACK ack_num=152 count=2
[182241.59ms] DUP_ACK ack_num=152 count=3
[182338.04ms] TIMEOUT sendBase=152 nextSeq=160
[182338.10ms] RETRANSMIT seq=152 len=512 [RETRANSMIT]
[182338.11ms] RETRANSMIT seq=153 len=512 [RETRANSMIT]
[182338.11ms] RETRANSMIT seq=154 len=512 [RETRANSMIT]
[182338.12ms] RETRANSMIT seq=155 len=512 [RETRANSMIT]
[182338.12ms] RETRANSMIT seq=156 len=512 [RETRANSMIT]
[182338.12ms] RETRANSMIT seq=157 len=512 [RETRANSMIT]
[182338.13ms] RETRANSMIT seq=158 len=512 [RETRANSMIT]
[182338.13ms] RETRANSMIT seq=159 len=512 [RETRANSMIT]
[182341.82ms] DUP_ACK ack_num=152 count=1
[182442.30ms] ACK ack_num=153 cwnd=1.000000 ssthresh=16.000000
[182442.33ms] SEND seq=160 len=512
[182542.54ms] DUP_ACK ack_num=153 count=1
[182642.82ms] DUP_ACK ack_num=153 count=2
[182742.52ms] TIMEOUT sendBase=153 nextSeq=161
[182742.58ms] RETRANSMIT seq=153 len=512 [RETRANSMIT]
[182742.59ms] RETRANSMIT seq=154 len=512 [RETRANSMIT]
[182742.59ms] RETRANSMIT seq=155 len=512 [RETRANSMIT]
[182742.60ms] RETRANSMIT seq=156 len=512 [RETRANSMIT]
[182742.60ms] RETRANSMIT seq=157 len=512 [RETRANSMIT]
[182742.61ms] RETRANSMIT seq=158 len=512 [RETRANSMIT]
[182742.61ms] RETRANSMIT seq=159 len=512 [RETRANSMIT]
[182742.61ms] RETRANSMIT seq=160 len=512 [RETRANSMIT]
[182743.00ms] DUP_ACK ack_num=153 count=1
[182843.31ms] DUP_ACK ack_num=153 count=2
[182943.51ms] DUP_ACK ack_num=153 count=3
[183042.86ms] TIMEOUT sendBase=153 nextSeq=161
[183042.97ms] RETRANSMIT seq=153 len=512 [RETRANSMIT]
[183042.98ms] RETRANSMIT seq=154 len=512 [RETRANSMIT]
[183042.98ms] RETRANSMIT seq=155 len=512 [RETRANSMIT]
[183042.99ms] RETRANSMIT seq=156 len=512 [RETRANSMIT]
[183042.99ms] RETRANSMIT seq=157 len=512 [RETRANSMIT]
[183042.99ms] RETRANSMIT seq=158 len=512 [RETRANSMIT]
[183043.00ms] RETRANSMIT seq=159 len=512 [RETRANSMIT]
[183043.00ms] RETRANSMIT seq=160 len=512 [RETRANSMIT]
[183043.74ms] DUP_ACK ack_num=153 count=1
[183144.10ms] DUP_ACK ack_num=153 count=2
[183244.36ms] ACK ack_num=154 cwnd=1.000000 ssthresh=16.000000
[183244.40ms] SEND seq=161 len=512
[183344.61ms] DUP_ACK ack_num=154 count=1
[183444.86ms] DUP_ACK ack_num=154 count=2
[183544.59ms] TIMEOUT sendBase=154 nextSeq=162
[183544.65ms] RETRANSMIT seq=154 len=512 [RETRANSMIT]
[183544.66ms] RETRANSMIT seq=155 len=512 [RETRANSMIT]
[183544.66ms] RETRANSMIT seq=156 len=512 [RETRANSMIT]
[183544.67ms] RETRANSMIT seq=157 len=512 [RETRANSMIT]
[183544.67ms] RETRANSMIT seq=158 len=512 [RETRANSMIT]
[183544.68ms] RETRANSMIT seq=159 len=512 [RETRANSMIT]
[183544.68ms] RETRANSMIT seq=160 len=512 [RETRANSMIT]
[183544.69ms] RETRANSMIT seq=161 len=512 [RETRANSMIT]
[183545.17ms] DUP_ACK ack_num=154 count=1
[183645.37ms] DUP_ACK ack_num=154 count=2
[183745.61ms] DUP_ACK ack_num=154 count=3
[183844.92ms] TIMEOUT sendBase=154 nextSeq=162
[183844.98ms] RETRANSMIT seq=154 len=512 [RETRANSMIT]
[183844.99ms] RETRANSMIT seq=155 len=512 [RETRANSMIT]
[183844.99ms] RETRANSMIT seq=156 len=512 [RETRANSMIT]
[183845.00ms] RETRANSMIT seq=157 len=512 [RETRANSMIT]
[183845.00ms] RETRANSMIT seq=158 len=512 [RETRANSMIT]
[183845.01ms] RETRANSMIT seq=159 len=512 [RETRANSMIT]
[183845.01ms] RETRANSMIT seq=160 len=512 [RETRANSMIT]
[183845.01ms] RETRANSMIT seq=161 len=512 [RETRANSMIT]
[183845.80ms] DUP_ACK ack_num=154 count=1
[183946.10ms] DUP_ACK ack_num=154 count=2
[184046.27ms] DUP_ACK ack_num=154 count=3
[184145.25ms] TIMEOUT sendBase=154 nextSeq=162
[184145.32ms] RETRANSMIT seq=154 len=512 [RETRANSMIT]
[184145.33ms] RETRANSMIT seq=155 len=512 [RETRANSMIT]
[184145.33ms] RETRANSMIT seq=156 len=512 [RETRANSMIT]
[184145.34ms] RETRANSMIT seq=157 len=512 [RETRANSMIT]
[184145.34ms] RETRANSMIT seq=158 len=512 [RETRANSMIT]
[184145.35ms] RETRANSMIT seq=159 len=512 [RETRANSMIT]
[184145.39ms] RETRANSMIT seq=160 len=512 [RETRANSMIT]
[184145.39ms] RETRANSMIT seq=161 len=512 [RETRANSMIT]
[184146.48ms] DUP_ACK ack_num=154 count=1
[184246.79ms] DUP_ACK ack_num=154 count=2
[184346.99ms] DUP_ACK ack_num=154 count=3
[184445.59ms] TIMEOUT sendBase=154 nextSeq=162
[184445.64ms] RETRANSMIT seq=154 len=512 [RETRANSMIT]
[184445.65ms] RETRANSMIT seq=155 len=512 [RETRANSMIT]
[184445.66ms] RETRANSMIT seq=156 len=512 [RETRANSMIT]
[184445.66ms] RETRANSMIT seq=157 len=512 [RETRANSMIT]
[184445.67ms] RETRANSMIT seq=158 len=512 [RETRANSMIT]
[184445.67ms] RETRANSMIT seq=159 len=512 [RETRANSMIT]
[184445.68ms] RETRANSMIT seq=160 len=512 [RETRANSMIT]
[184445.68ms] RETRANSMIT seq=161 len=512 [RETRANSMIT]
[184447.16ms] DUP_ACK ack_num=154 count=1
[184547.45ms] ACK ack_num=155 cwnd=1.000000 ssthresh=16.000000
[184547.48ms] SEND seq=162 len=512
[184647.67ms] ACK ack_num=156 cwnd=1.000000 ssthresh=16.000000
[184647.71ms] SEND seq=163 len=512
[184747.90ms] DUP_ACK ack_num=156 count=1
[184848.19ms] DUP_ACK ack_num=156 count=2
[184947.93ms] TIMEOUT sendBase=156 nextSeq=164
[184947.99ms] RETRANSMIT seq=156 len=512 [RETRANSMIT]
[184948.00ms] RETRANSMIT seq=157 len=512 [RETRANSMIT]
[184948.00ms] RETRANSMIT seq=158 len=512 [RETRANSMIT]
[184948.01ms] RETRANSMIT seq=159 len=512 [RETRANSMIT]
[184948.01ms] RETRANSMIT seq=160 len=512 [RETRANSMIT]
[184948.02ms] RETRANSMIT seq=161 len=512 [RETRANSMIT]
[184948.02ms] RETRANSMIT seq=162 len=512 [RETRANSMIT]
[184948.03ms] RETRANSMIT seq=163 len=512 [RETRANSMIT]
[184948.43ms] DUP_ACK ack_num=156 count=1
[185048.69ms] DUP_ACK ack_num=156 count=2
[185148.93ms] DUP_ACK ack_num=156 count=3
[185248.21ms] TIMEOUT sendBase=156 nextSeq=164
[185248.28ms] RETRANSMIT seq=156 len=512 [RETRANSMIT]
[185248.29ms] RETRANSMIT seq=157 len=512 [RETRANSMIT]
[185248.29ms] RETRANSMIT seq=158 len=512 [RETRANSMIT]
[185248.30ms] RETRANSMIT seq=159 len=512 [RETRANSMIT]
[185248.30ms] RETRANSMIT seq=160 len=512 [RETRANSMIT]
[185248.31ms] RETRANSMIT seq=161 len=512 [RETRANSMIT]
[185248.31ms] RETRANSMIT seq=162 len=512 [RETRANSMIT]
[185248.31ms] RETRANSMIT seq=163 len=512 [RETRANSMIT]
[185249.17ms] DUP_ACK ack_num=156 count=1
[185349.41ms] DUP_ACK ack_num=156 count=2
[185449.69ms] DUP_ACK ack_num=156 count=3
[185548.53ms] TIMEOUT sendBase=156 nextSeq=164
[185548.59ms] RETRANSMIT seq=156 len=512 [RETRANSMIT]
[185548.60ms] RETRANSMIT seq=157 len=512 [RETRANSMIT]
[185548.60ms] RETRANSMIT seq=158 len=512 [RETRANSMIT]
[185548.61ms] RETRANSMIT seq=159 len=512 [RETRANSMIT]
[185548.61ms] RETRANSMIT seq=160 len=512 [RETRANSMIT]
[185548.61ms] RETRANSMIT seq=161 len=512 [RETRANSMIT]
[185548.62ms] RETRANSMIT seq=162 len=512 [RETRANSMIT]
[185548.62ms] RETRANSMIT seq=163 len=512 [RETRANSMIT]
[185549.91ms] DUP_ACK ack_num=156 count=1
[185650.21ms] DUP_ACK ack_num=156 count=2
[185760.71ms] DUP_ACK ack_num=156 count=3
[185848.83ms] TIMEOUT sendBase=156 nextSeq=164
[185848.89ms] RETRANSMIT seq=156 len=512 [RETRANSMIT]
[185848.89ms] RETRANSMIT seq=157 len=512 [RETRANSMIT]
[185848.90ms] RETRANSMIT seq=158 len=512 [RETRANSMIT]
[185848.91ms] RETRANSMIT seq=159 len=512 [RETRANSMIT]
[185848.91ms] RETRANSMIT seq=160 len=512 [RETRANSMIT]
[185848.92ms] RETRANSMIT seq=161 len=512 [RETRANSMIT]
[185848.92ms] RETRANSMIT seq=162 len=512 [RETRANSMIT]
[185848.93ms] RETRANSMIT seq=163 len=512 [RETRANSMIT]
[185860.92ms] DUP_ACK ack_num=156 count=1
[185961.23ms] DUP_ACK ack_num=156 count=2
[186061.50ms] DUP_ACK ack_num=156 count=3
[186149.17ms] TIMEOUT sendBase=156 nextSeq=164
[186149.23ms] RETRANSMIT seq=156 len=512 [RETRANSMIT]
[186149.24ms] RETRANSMIT seq=157 len=512 [RETRANSMIT]
[186149.24ms] RETRANSMIT seq=158 len=512 [RETRANSMIT]
[186149.25ms] RETRANSMIT seq=159 len=512 [RETRANSMIT]
[186149.25ms] RETRANSMIT seq=160 len=512 [RETRANSMIT]
[186149.25ms] RETRANSMIT seq=161 len=512 [RETRANSMIT]
[186149.26ms] RETRANSMIT seq=162 len=512 [RETRANSMIT]
[186149.26ms] RETRANSMIT seq=163 len=512 [RETRANSMIT]
[186161.73ms] DUP_ACK ack_num=156 count=1
[186261.96ms] DUP_ACK ack_num=156 count=2
[186362.18ms] DUP_ACK ack_num=156 count=3
[186449.48ms] TIMEOUT sendBase=156 nextSeq=164
[186449.54ms] RETRANSMIT seq=156 len=512 [RETRANSMIT]
[186449.54ms] RETRANSMIT seq=157 len=512 [RETRANSMIT]
[186449.55ms] RETRANSMIT seq=158 len=512 [RETRANSMIT]
[186449.55ms] RETRANSMIT seq=159 len=512 [RETRANSMIT]
[186449.56ms] RETRANSMIT seq=160 len=512 [RETRANSMIT]
[186449.56ms] RETRANSMIT seq=161 len=512 [RETRANSMIT]
[186449.56ms] RETRANSMIT seq=162 len=512 [RETRANSMIT]
[186449.57ms] RETRANSMIT seq=163 len=512 [RETRANSMIT]
[186462.45ms] ACK ack_num=157 cwnd=1.000000 ssthresh=16.000000
[186462.48ms] SEND seq=164 len=512
[186562.57ms] DUP_ACK ack_num=157 count=1
[186662.88ms] DUP_ACK ack_num=157 count=2
[186762.67ms] TIMEOUT sendBase=157 nextSeq=165
[186762.74ms] RETRANSMIT seq=157 len=512 [RETRANSMIT]
[186762.75ms] RETRANSMIT seq=158 len=512 [RETRANSMIT]
[186762.75ms] RETRANSMIT seq=159 len=512 [RETRANSMIT]
[186762.76ms] RETRANSMIT seq=160 len=512 [RETRANSMIT]
[186762.76ms] RETRANSMIT seq=161 len=512 [RETRANSMIT]
[186762.77ms] RETRANSMIT seq=162 len=512 [RETRANSMIT]
[186762.77ms] RETRANSMIT seq=163 len=512 [RETRANSMIT]
[186762.78ms] RETRANSMIT seq=164 len=512 [RETRANSMIT]
[186763.18ms] DUP_ACK ack_num=157 count=1
[186863.37ms] DUP_ACK ack_num=157 count=2
[186963.67ms] ACK ack_num=158 cwnd=1.000000 ssthresh=16.000000
[186963.71ms] SEND seq=165 len=512
[187063.87ms] DUP_ACK ack_num=158 count=1
[187164.20ms] DUP_ACK ack_num=158 count=2
[187263.89ms] TIMEOUT sendBase=158 nextSeq=166
[187263.97ms] RETRANSMIT seq=158 len=512 [RETRANSMIT]
[187263.97ms] RETRANSMIT seq=159 len=512 [RETRANSMIT]
[187263.98ms] RETRANSMIT seq=160 len=512 [RETRANSMIT]
[187263.98ms] RETRANSMIT seq=161 len=512 [RETRANSMIT]
[187263.99ms] RETRANSMIT seq=162 len=512 [RETRANSMIT]
[187263.99ms] RETRANSMIT seq=163 len=512 [RETRANSMIT]
[187264.00ms] RETRANSMIT seq=164 len=512 [RETRANSMIT]
[187264.01ms] RETRANSMIT seq=165 len=512 [RETRANSMIT]
[187264.45ms] DUP_ACK ack_num=158 count=1
[187364.76ms] DUP_ACK ack_num=158 count=2
[187465.06ms] DUP_ACK ack_num=158 count=3
[187564.23ms] TIMEOUT sendBase=158 nextSeq=166
[187564.29ms] RETRANSMIT seq=158 len=512 [RETRANSMIT]
[187564.30ms] RETRANSMIT seq=159 len=512 [RETRANSMIT]
[187564.30ms] RETRANSMIT seq=160 len=512 [RETRANSMIT]
[187564.31ms] RETRANSMIT seq=161 len=512 [RETRANSMIT]
[187564.31ms] RETRANSMIT seq=162 len=512 [RETRANSMIT]
[187564.31ms] RETRANSMIT seq=163 len=512 [RETRANSMIT]
[187564.32ms] RETRANSMIT seq=164 len=512 [RETRANSMIT]
[187564.33ms] RETRANSMIT seq=165 len=512 [RETRANSMIT]
[187565.27ms] ACK ack_num=159 cwnd=1.000000 ssthresh=16.000000
[187565.28ms] SEND seq=166 len=512
[187665.52ms] DUP_ACK ack_num=159 count=1
[187765.84ms] DUP_ACK ack_num=159 count=2
[187865.48ms] TIMEOUT sendBase=159 nextSeq=167
[187865.54ms] RETRANSMIT seq=159 len=512 [RETRANSMIT]
[187865.58ms] RETRANSMIT seq=160 len=512 [RETRANSMIT]
[187865.59ms] RETRANSMIT seq=161 len=512 [RETRANSMIT]
[187865.60ms] RETRANSMIT seq=162 len=512 [RETRANSMIT]
[187865.60ms] RETRANSMIT seq=163 len=512 [RETRANSMIT]
[187865.61ms] RETRANSMIT seq=164 len=512 [RETRANSMIT]
[187865.61ms] RETRANSMIT seq=165 len=512 [RETRANSMIT]
[187865.62ms] RETRANSMIT seq=166 len=512 [RETRANSMIT]
[187865.97ms] DUP_ACK ack_num=159 count=1
[187966.26ms] DUP_ACK ack_num=159 count=2
[188066.50ms] DUP_ACK ack_num=159 count=3
[188165.87ms] TIMEOUT sendBase=159 nextSeq=167
[188165.93ms] RETRANSMIT seq=159 len=512 [RETRANSMIT]
[188165.93ms] RETRANSMIT seq=160 len=512 [RETRANSMIT]
[188165.94ms] RETRANSMIT seq=161 len=512 [RETRANSMIT]
[188165.94ms] RETRANSMIT seq=162 len=512 [RETRANSMIT]
[188165.95ms] RETRANSMIT seq=163 len=512 [RETRANSMIT]
[188165.95ms] RETRANSMIT seq=164 len=512 [RETRANSMIT]
[188165.96ms] RETRANSMIT seq=165 len=512 [RETRANSMIT]
[188165.96ms] RETRANSMIT seq=166 len=512 [RETRANSMIT]
[188166.75ms] DUP_ACK ack_num=159 count=1
[188267.00ms] DUP_ACK ack_num=159 count=2
[188367.23ms] DUP_ACK ack_num=159 count=3
[188466.18ms] TIMEOUT sendBase=159 nextSeq=167
[188466.24ms] RETRANSMIT seq=159 len=512 [RETRANSMIT]
[188466.25ms] RETRANSMIT seq=160 len=512 [RETRANSMIT]
[188466.26ms] RETRANSMIT seq=161 len=512 [RETRANSMIT]
[188466.26ms] RETRANSMIT seq=162 len=512 [RETRANSMIT]
[188466.30ms] RETRANSMIT seq=163 len=512 [RETRANSMIT]
[188466.31ms] RETRANSMIT seq=164 len=512 [RETRANSMIT]
[188466.31ms] RETRANSMIT seq=165 len=512 [RETRANSMIT]
[188466.31ms] RETRANSMIT seq=166 len=512 [RETRANSMIT]
[188467.42ms] DUP_ACK ack_num=159 count=1
[188567.72ms] DUP_ACK ack_num=159 count=2
[188667.88ms] DUP_ACK ack_num=159 count=3
[188766.54ms] TIMEOUT sendBase=159 nextSeq=167
[188766.59ms] RETRANSMIT seq=159 len=512 [RETRANSMIT]
[188766.60ms] RETRANSMIT seq=160 len=512 [RETRANSMIT]
[188766.60ms] RETRANSMIT seq=161 len=512 [RETRANSMIT]
[188766.61ms] RETRANSMIT seq=162 len=512 [RETRANSMIT]
[188766.61ms] RETRANSMIT seq=163 len=512 [RETRANSMIT]
[188766.62ms] RETRANSMIT seq=164 len=512 [RETRANSMIT]
[188766.62ms] RETRANSMIT seq=165 len=512 [RETRANSMIT]
[188766.63ms] RETRANSMIT seq=166 len=512 [RETRANSMIT]
[188768.10ms] DUP_ACK ack_num=159 count=1
[188868.36ms] DUP_ACK ack_num=159 count=2
[188968.62ms] DUP_ACK ack_num=159 count=3
[189066.84ms] TIMEOUT sendBase=159 nextSeq=167
[189066.90ms] RETRANSMIT seq=159 len=512 [RETRANSMIT]
[189066.91ms] RETRANSMIT seq=160 len=512 [RETRANSMIT]
[189066.91ms] RETRANSMIT seq=161 len=512 [RETRANSMIT]
[189066.91ms] RETRANSMIT seq=162 len=512 [RETRANSMIT]
[189066.92ms] RETRANSMIT seq=163 len=512 [RETRANSMIT]
[189066.92ms] RETRANSMIT seq=164 len=512 [RETRANSMIT]
[189066.93ms] RETRANSMIT seq=165 len=512 [RETRANSMIT]
[189066.93ms] RETRANSMIT seq=166 len=512 [RETRANSMIT]
[189068.83ms] DUP_ACK ack_num=159 count=1
[189169.17ms] DUP_ACK ack_num=159 count=2
[189269.29ms] DUP_ACK ack_num=159 count=3
[189367.20ms] TIMEOUT sendBase=159 nextSeq=167
[189367.27ms] RETRANSMIT seq=159 len=512 [RETRANSMIT]
[189367.28ms] RETRANSMIT seq=160 len=512 [RETRANSMIT]
[189367.29ms] RETRANSMIT seq=161 len=512 [RETRANSMIT]
[189367.30ms] RETRANSMIT seq=162 len=512 [RETRANSMIT]
[189367.30ms] RETRANSMIT seq=163 len=512 [RETRANSMIT]
[189367.31ms] RETRANSMIT seq=164 len=512 [RETRANSMIT]
[189367.31ms] RETRANSMIT seq=165 len=512 [RETRANSMIT]
[189367.32ms] RETRANSMIT seq=166 len=512 [RETRANSMIT]
[189369.55ms] DUP_ACK ack_num=159 count=1
[189469.83ms] DUP_ACK ack_num=159 count=2
[189570.12ms] DUP_ACK ack_num=159 count=3
[189667.54ms] TIMEOUT sendBase=159 nextSeq=167
[189667.61ms] RETRANSMIT seq=159 len=512 [RETRANSMIT]
[189667.62ms] RETRANSMIT seq=160 len=512 [RETRANSMIT]
[189667.63ms] RETRANSMIT seq=161 len=512 [RETRANSMIT]
[189667.64ms] RETRANSMIT seq=162 len=512 [RETRANSMIT]
[189667.64ms] RETRANSMIT seq=163 len=512 [RETRANSMIT]
[189667.65ms] RETRANSMIT seq=164 len=512 [RETRANSMIT]
[189667.66ms] RETRANSMIT seq=165 len=512 [RETRANSMIT]
[189667.67ms] RETRANSMIT seq=166 len=512 [RETRANSMIT]
[189670.35ms] DUP_ACK ack_num=159 count=1
[189770.71ms] DUP_ACK ack_num=159 count=2
[189870.87ms] DUP_ACK ack_num=159 count=3
[189967.85ms] TIMEOUT sendBase=159 nextSeq=167
[189967.91ms] RETRANSMIT seq=159 len=512 [RETRANSMIT]
[189967.92ms] RETRANSMIT seq=160 len=512 [RETRANSMIT]
[189967.92ms] RETRANSMIT seq=161 len=512 [RETRANSMIT]
[189967.93ms] RETRANSMIT seq=162 len=512 [RETRANSMIT]
[189967.93ms] RETRANSMIT seq=163 len=512 [RETRANSMIT]
[189967.93ms] RETRANSMIT seq=164 len=512 [RETRANSMIT]
[189967.94ms] RETRANSMIT seq=165 len=512 [RETRANSMIT]
[189967.94ms] RETRANSMIT seq=166 len=512 [RETRANSMIT]
[189971.07ms] DUP_ACK ack_num=159 count=1
[190071.30ms] DUP_ACK ack_num=159 count=2
[190171.61ms] ACK ack_num=160 cwnd=1.000000 ssthresh=16.000000
[190171.64ms] SEND seq=167 len=512
[190271.79ms] DUP_ACK ack_num=160 count=1
[190372.10ms] DUP_ACK ack_num=160 count=2
[190471.82ms] TIMEOUT sendBase=160 nextSeq=168
[190471.89ms] RETRANSMIT seq=160 len=512 [RETRANSMIT]
[190471.89ms] RETRANSMIT seq=161 len=512 [RETRANSMIT]
[190471.90ms] RETRANSMIT seq=162 len=512 [RETRANSMIT]
[190471.90ms] RETRANSMIT seq=163 len=512 [RETRANSMIT]
[190471.91ms] RETRANSMIT seq=164 len=512 [RETRANSMIT]
[190471.91ms] RETRANSMIT seq=165 len=512 [RETRANSMIT]
[190471.92ms] RETRANSMIT seq=166 len=512 [RETRANSMIT]
[190471.92ms] RETRANSMIT seq=167 len=512 [RETRANSMIT]
[190472.27ms] DUP_ACK ack_num=160 count=1
[190572.54ms] DUP_ACK ack_num=160 count=2
[190672.76ms] DUP_ACK ack_num=160 count=3
[190772.15ms] TIMEOUT sendBase=160 nextSeq=168
[190772.21ms] RETRANSMIT seq=160 len=512 [RETRANSMIT]
[190772.22ms] RETRANSMIT seq=161 len=512 [RETRANSMIT]
[190772.22ms] RETRANSMIT seq=162 len=512 [RETRANSMIT]
[190772.23ms] RETRANSMIT seq=163 len=512 [RETRANSMIT]
[190772.23ms] RETRANSMIT seq=164 len=512 [RETRANSMIT]
[190772.24ms] RETRANSMIT seq=165 len=512 [RETRANSMIT]
[190772.24ms] RETRANSMIT seq=166 len=512 [RETRANSMIT]
[190772.25ms] RETRANSMIT seq=167 len=512 [RETRANSMIT]
[190772.96ms] DUP_ACK ack_num=160 count=1
[190873.23ms] DUP_ACK ack_num=160 count=2
[190973.52ms] DUP_ACK ack_num=160 count=3
[191072.47ms] TIMEOUT sendBase=160 nextSeq=168
[191072.53ms] RETRANSMIT seq=160 len=512 [RETRANSMIT]
[191072.53ms] RETRANSMIT seq=161 len=512 [RETRANSMIT]
[191072.54ms] RETRANSMIT seq=162 len=512 [RETRANSMIT]
[191072.54ms] RETRANSMIT seq=163 len=512 [RETRANSMIT]
[191072.55ms] RETRANSMIT seq=164 len=512 [RETRANSMIT]
[191072.55ms] RETRANSMIT seq=165 len=512 [RETRANSMIT]
[191072.56ms] RETRANSMIT seq=166 len=512 [RETRANSMIT]
[191072.56ms] RETRANSMIT seq=167 len=512 [RETRANSMIT]
[191073.74ms] DUP_ACK ack_num=160 count=1
[191173.98ms] DUP_ACK ack_num=160 count=2
[191274.16ms] DUP_ACK ack_num=160 count=3
[191372.78ms] TIMEOUT sendBase=160 nextSeq=168
[191372.84ms] RETRANSMIT seq=160 len=512 [RETRANSMIT]
[191372.85ms] RETRANSMIT seq=161 len=512 [RETRANSMIT]
[191372.86ms] RETRANSMIT seq=162 len=512 [RETRANSMIT]
[191372.86ms] RETRANSMIT seq=163 len=512 [RETRANSMIT]
[191372.86ms] RETRANSMIT seq=164 len=512 [RETRANSMIT]
[191372.87ms] RETRANSMIT seq=165 len=512 [RETRANSMIT]
[191372.87ms] RETRANSMIT seq=166 len=512 [RETRANSMIT]
[191372.88ms] RETRANSMIT seq=167 len=512 [RETRANSMIT]
[191374.38ms] DUP_ACK ack_num=160 count=1
[191474.65ms] DUP_ACK ack_num=160 count=2
[191574.91ms] DUP_ACK ack_num=160 count=3
[191673.15ms] TIMEOUT sendBase=160 nextSeq=168
[191673.21ms] RETRANSMIT seq=160 len=512 [RETRANSMIT]
[191673.21ms] RETRANSMIT seq=161 len=512 [RETRANSMIT]
[191673.22ms] RETRANSMIT seq=162 len=512 [RETRANSMIT]
[191673.22ms] RETRANSMIT seq=163 len=512 [RETRANSMIT]
[191673.22ms] RETRANSMIT seq=164 len=512 [RETRANSMIT]
[191673.23ms] RETRANSMIT seq=165 len=512 [RETRANSMIT]
[191673.23ms] RETRANSMIT seq=166 len=512 [RETRANSMIT]
[191673.24ms] RETRANSMIT seq=167 len=512 [RETRANSMIT]
[191675.10ms] DUP_ACK ack_num=160 count=1
[191775.24ms] DUP_ACK ack_num=160 count=2
[191875.65ms] DUP_ACK ack_num=160 count=3
[191973.49ms] TIMEOUT sendBase=160 nextSeq=168
[191973.56ms] RETRANSMIT seq=160 len=512 [RETRANSMIT]
[191973.56ms] RETRANSMIT seq=161 len=512 [RETRANSMIT]
[191973.57ms] RETRANSMIT seq=162 len=512 [RETRANSMIT]
[191973.57ms] RETRANSMIT seq=163 len=512 [RETRANSMIT]
[191973.58ms] RETRANSMIT seq=164 len=512 [RETRANSMIT]
[191973.58ms] RETRANSMIT seq=165 len=512 [RETRANSMIT]
[191973.59ms] RETRANSMIT seq=166 len=512 [RETRANSMIT]
[191973.59ms] RETRANSMIT seq=167 len=512 [RETRANSMIT]
[191975.88ms] DUP_ACK ack_num=160 count=1
[192076.14ms] DUP_ACK ack_num=160 count=2
[192176.49ms] DUP_ACK ack_num=160 count=3
[192273.88ms] TIMEOUT sendBase=160 nextSeq=168
[192273.96ms] RETRANSMIT seq=160 len=512 [RETRANSMIT]
[192273.97ms] RETRANSMIT seq=161 len=512 [RETRANSMIT]
[192273.97ms] RETRANSMIT seq=162 len=512 [RETRANSMIT]
[192273.98ms] RETRANSMIT seq=163 len=512 [RETRANSMIT]
[192273.99ms] RETRANSMIT seq=164 len=512 [RETRANSMIT]
[192273.99ms] RETRANSMIT seq=165 len=512 [RETRANSMIT]
[192274.00ms] RETRANSMIT seq=166 len=512 [RETRANSMIT]
[192274.00ms] RETRANSMIT seq=167 len=512 [RETRANSMIT]
[192276.94ms] DUP_ACK ack_num=160 count=1
[192377.25ms] DUP_ACK ack_num=160 count=2
[192477.45ms] DUP_ACK ack_num=160 count=3
[192574.26ms] TIMEOUT sendBase=160 nextSeq=168
[192574.33ms] RETRANSMIT seq=160 len=512 [RETRANSMIT]
[192574.33ms] RETRANSMIT seq=161 len=512 [RETRANSMIT]
[192574.34ms] RETRANSMIT seq=162 len=512 [RETRANSMIT]
[192574.34ms] RETRANSMIT seq=163 len=512 [RETRANSMIT]
[192574.35ms] RETRANSMIT seq=164 len=512 [RETRANSMIT]
[192574.35ms] RETRANSMIT seq=165 len=512 [RETRANSMIT]
[192574.35ms] RETRANSMIT seq=166 len=512 [RETRANSMIT]
[192574.36ms] RETRANSMIT seq=167 len=512 [RETRANSMIT]
[192577.72ms] DUP_ACK ack_num=160 count=1
[192678.06ms] DUP_ACK ack_num=160 count=2
[192778.12ms] DUP_ACK ack_num=160 count=3
[192874.67ms] TIMEOUT sendBase=160 nextSeq=168
[192874.74ms] RETRANSMIT seq=160 len=512 [RETRANSMIT]
[192874.74ms] RETRANSMIT seq=161 len=512 [RETRANSMIT]
[192874.75ms] RETRANSMIT seq=162 len=512 [RETRANSMIT]
[192874.75ms] RETRANSMIT seq=163 len=512 [RETRANSMIT]
[192874.76ms] RETRANSMIT seq=164 len=512 [RETRANSMIT]
[192874.76ms] RETRANSMIT seq=165 len=512 [RETRANSMIT]
[192874.76ms] RETRANSMIT seq=166 len=512 [RETRANSMIT]
[192874.77ms] RETRANSMIT seq=167 len=512 [RETRANSMIT]
[192878.39ms] DUP_ACK ack_num=160 count=1
[192978.70ms] DUP_ACK ack_num=160 count=2
[193078.92ms] DUP_ACK ack_num=160 count=3
[193174.95ms] TIMEOUT sendBase=160 nextSeq=168
[193175.01ms] RETRANSMIT seq=160 len=512 [RETRANSMIT]
[193175.02ms] RETRANSMIT seq=161 len=512 [RETRANSMIT]
[193175.02ms] RETRANSMIT seq=162 len=512 [RETRANSMIT]
[193175.03ms] RETRANSMIT seq=163 len=512 [RETRANSMIT]
[193175.03ms] RETRANSMIT seq=164 len=512 [RETRANSMIT]
[193175.04ms] RETRANSMIT seq=165 len=512 [RETRANSMIT]
[193175.04ms] RETRANSMIT seq=166 len=512 [RETRANSMIT]
[193175.05ms] RETRANSMIT seq=167 len=512 [RETRANSMIT]
[193179.13ms] DUP_ACK ack_num=160 count=1
[193280.55ms] DUP_ACK ack_num=160 count=2
[193380.78ms] DUP_ACK ack_num=160 count=3
[193475.21ms] TIMEOUT sendBase=160 nextSeq=168
[193475.26ms] RETRANSMIT seq=160 len=512 [RETRANSMIT]
[193475.27ms] RETRANSMIT seq=161 len=512 [RETRANSMIT]
[193475.28ms] RETRANSMIT seq=162 len=512 [RETRANSMIT]
[193475.28ms] RETRANSMIT seq=163 len=512 [RETRANSMIT]
[193475.29ms] RETRANSMIT seq=164 len=512 [RETRANSMIT]
[193475.29ms] RETRANSMIT seq=165 len=512 [RETRANSMIT]
[193475.29ms] RETRANSMIT seq=166 len=512 [RETRANSMIT]
[193475.30ms] RETRANSMIT seq=167 len=512 [RETRANSMIT]
[193480.96ms] DUP_ACK ack_num=160 count=1
[193581.34ms] DUP_ACK ack_num=160 count=2
[193681.59ms] ACK ack_num=161 cwnd=1.000000 ssthresh=16.000000
[193681.63ms] SEND seq=168 len=512
[193781.79ms] ACK ack_num=162 cwnd=1.000000 ssthresh=16.000000
[193781.82ms] SEND seq=169 len=512
[193882.03ms] DUP_ACK ack_num=162 count=1
[193982.29ms] DUP_ACK ack_num=162 count=2
[194082.00ms] TIMEOUT sendBase=162 nextSeq=170
[194082.06ms] RETRANSMIT seq=162 len=512 [RETRANSMIT]
[194082.07ms] RETRANSMIT seq=163 len=512 [RETRANSMIT]
[194082.10ms] RETRANSMIT seq=164 len=512 [RETRANSMIT]
[194082.11ms] RETRANSMIT seq=165 len=512 [RETRANSMIT]
[194082.12ms] RETRANSMIT seq=166 len=512 [RETRANSMIT]
[194082.13ms] RETRANSMIT seq=167 len=512 [RETRANSMIT]
[194082.13ms] RETRANSMIT seq=168 len=512 [RETRANSMIT]
[194082.14ms] RETRANSMIT seq=169 len=512 [RETRANSMIT]
[194082.48ms] DUP_ACK ack_num=162 count=1
[194182.79ms] DUP_ACK ack_num=162 count=2
[194282.92ms] DUP_ACK ack_num=162 count=3
[194382.35ms] TIMEOUT sendBase=162 nextSeq=170
[194382.41ms] RETRANSMIT seq=162 len=512 [RETRANSMIT]
[194382.42ms] RETRANSMIT seq=163 len=512 [RETRANSMIT]
[194382.42ms] RETRANSMIT seq=164 len=512 [RETRANSMIT]
[194382.43ms] RETRANSMIT seq=165 len=512 [RETRANSMIT]
[194382.43ms] RETRANSMIT seq=166 len=512 [RETRANSMIT]
[194382.44ms] RETRANSMIT seq=167 len=512 [RETRANSMIT]
[194382.44ms] RETRANSMIT seq=168 len=512 [RETRANSMIT]
[194382.45ms] RETRANSMIT seq=169 len=512 [RETRANSMIT]
[194383.18ms] DUP_ACK ack_num=162 count=1
[194508.20ms] DUP_ACK ack_num=162 count=2
[194605.95ms] DUP_ACK ack_num=162 count=3
[194682.65ms] TIMEOUT sendBase=162 nextSeq=170
[194682.72ms] RETRANSMIT seq=162 len=512 [RETRANSMIT]
[194682.73ms] RETRANSMIT seq=163 len=512 [RETRANSMIT]
[194682.73ms] RETRANSMIT seq=164 len=512 [RETRANSMIT]
[194682.74ms] RETRANSMIT seq=165 len=512 [RETRANSMIT]
[194682.74ms] RETRANSMIT seq=166 len=512 [RETRANSMIT]
[194682.75ms] RETRANSMIT seq=167 len=512 [RETRANSMIT]
[194682.76ms] RETRANSMIT seq=168 len=512 [RETRANSMIT]
[194682.76ms] RETRANSMIT seq=169 len=512 [RETRANSMIT]
[194706.21ms] DUP_ACK ack_num=162 count=1
[194806.46ms] DUP_ACK ack_num=162 count=2
[194906.68ms] DUP_ACK ack_num=162 count=3
[194982.96ms] TIMEOUT sendBase=162 nextSeq=170
[194983.07ms] RETRANSMIT seq=162 len=512 [RETRANSMIT]
[194983.08ms] RETRANSMIT seq=163 len=512 [RETRANSMIT]
[194983.08ms] RETRANSMIT seq=164 len=512 [RETRANSMIT]
[194983.09ms] RETRANSMIT seq=165 len=512 [RETRANSMIT]
[194983.09ms] RETRANSMIT seq=166 len=512 [RETRANSMIT]
[194983.09ms] RETRANSMIT seq=167 len=512 [RETRANSMIT]
[194983.10ms] RETRANSMIT seq=168 len=512 [RETRANSMIT]
[194983.10ms] RETRANSMIT seq=169 len=512 [RETRANSMIT]
[195006.94ms] DUP_ACK ack_num=162 count=1
[195107.19ms] DUP_ACK ack_num=162 count=2
[195207.43ms] DUP_ACK ack_num=162 count=3
[195283.26ms] TIMEOUT sendBase=162 nextSeq=170
[195283.32ms] RETRANSMIT seq=162 len=512 [RETRANSMIT]
[195283.33ms] RETRANSMIT seq=163 len=512 [RETRANSMIT]
[195283.33ms] RETRANSMIT seq=164 len=512 [RETRANSMIT]
[195283.33ms] RETRANSMIT seq=165 len=512 [RETRANSMIT]
[195283.34ms] RETRANSMIT seq=166 len=512 [RETRANSMIT]
[195283.34ms] RETRANSMIT seq=167 len=512 [RETRANSMIT]
[195283.35ms] RETRANSMIT seq=168 len=512 [RETRANSMIT]
[195283.35ms] RETRANSMIT seq=169 len=512 [RETRANSMIT]
[195307.64ms] DUP_ACK ack_num=162 count=1
[195407.92ms] DUP_ACK ack_num=162 count=2
[195580.19ms] DUP_ACK ack_num=162 count=3
[195583.50ms] TIMEOUT sendBase=162 nextSeq=170
[195583.56ms] RETRANSMIT seq=162 len=512 [RETRANSMIT]
[195583.57ms] RETRANSMIT seq=163 len=512 [RETRANSMIT]
[195583.57ms] RETRANSMIT seq=164 len=512 [RETRANSMIT]
[195583.58ms] RETRANSMIT seq=165 len=512 [RETRANSMIT]
[195583.58ms] RETRANSMIT seq=166 len=512 [RETRANSMIT]
[195583.58ms] RETRANSMIT seq=167 len=512 [RETRANSMIT]
[195583.59ms] RETRANSMIT seq=168 len=512 [RETRANSMIT]
[195583.59ms] RETRANSMIT seq=169 len=512 [RETRANSMIT]
[195608.40ms] DUP_ACK ack_num=162 count=1
[195715.24ms] DUP_ACK ack_num=162 count=2
[195815.47ms] DUP_ACK ack_num=162 count=3
[195883.75ms] TIMEOUT sendBase=162 nextSeq=170
[195883.81ms] RETRANSMIT seq=162 len=512 [RETRANSMIT]
[195883.82ms] RETRANSMIT seq=163 len=512 [RETRANSMIT]
[195883.82ms] RETRANSMIT seq=164 len=512 [RETRANSMIT]
[195883.83ms] RETRANSMIT seq=165 len=512 [RETRANSMIT]
[195883.83ms] RETRANSMIT seq=166 len=512 [RETRANSMIT]
[195883.83ms] RETRANSMIT seq=167 len=512 [RETRANSMIT]
[195883.84ms] RETRANSMIT seq=168 len=512 [RETRANSMIT]
[195883.84ms] RETRANSMIT seq=169 len=512 [RETRANSMIT]
[195915.75ms] DUP_ACK ack_num=162 count=1
[196016.00ms] DUP_ACK ack_num=162 count=2
[196116.24ms] ACK ack_num=163 cwnd=1.000000 ssthresh=16.000000
[196116.28ms] SEND seq=170 len=512
[196216.48ms] ACK ack_num=164 cwnd=1.000000 ssthresh=16.000000
[196216.52ms] SEND seq=171 len=512
[196316.72ms] DUP_ACK ack_num=164 count=1
[196416.93ms] DUP_ACK ack_num=164 count=2
[196516.70ms] TIMEOUT sendBase=164 nextSeq=172
[196516.76ms] RETRANSMIT seq=164 len=512 [RETRANSMIT]
[196516.77ms] RETRANSMIT seq=165 len=512 [RETRANSMIT]
[196516.77ms] RETRANSMIT seq=166 len=512 [RETRANSMIT]
[196516.78ms] RETRANSMIT seq=167 len=512 [RETRANSMIT]
[196516.78ms] RETRANSMIT seq=168 len=512 [RETRANSMIT]
[196516.78ms] RETRANSMIT seq=169 len=512 [RETRANSMIT]
[196516.79ms] RETRANSMIT seq=170 len=512 [RETRANSMIT]
[196516.79ms] RETRANSMIT seq=171 len=512 [RETRANSMIT]
[196517.19ms] DUP_ACK ack_num=164 count=1
[196617.49ms] DUP_ACK ack_num=164 count=2
[196717.76ms] DUP_ACK ack_num=164 count=3
[196817.01ms] TIMEOUT sendBase=164 nextSeq=172
[196817.07ms] RETRANSMIT seq=164 len=512 [RETRANSMIT]
[196817.07ms] RETRANSMIT seq=165 len=512 [RETRANSMIT]
[196817.08ms] RETRANSMIT seq=166 len=512 [RETRANSMIT]
[196817.08ms] RETRANSMIT seq=167 len=512 [RETRANSMIT]
[196817.08ms] RETRANSMIT seq=168 len=512 [RETRANSMIT]
[196817.09ms] RETRANSMIT seq=169 len=512 [RETRANSMIT]
[196817.09ms] RETRANSMIT seq=170 len=512 [RETRANSMIT]
[196817.10ms] RETRANSMIT seq=171 len=512 [RETRANSMIT]
[196818.00ms] DUP_ACK ack_num=164 count=1
[196918.30ms] DUP_ACK ack_num=164 count=2
[197018.55ms] DUP_ACK ack_num=164 count=3
[197117.30ms] TIMEOUT sendBase=164 nextSeq=172
[197117.36ms] RETRANSMIT seq=164 len=512 [RETRANSMIT]
[197117.36ms] RETRANSMIT seq=165 len=512 [RETRANSMIT]
[197117.37ms] RETRANSMIT seq=166 len=512 [RETRANSMIT]
[197117.37ms] RETRANSMIT seq=167 len=512 [RETRANSMIT]
[197117.38ms] RETRANSMIT seq=168 len=512 [RETRANSMIT]
[197117.38ms] RETRANSMIT seq=169 len=512 [RETRANSMIT]
[197117.43ms] RETRANSMIT seq=170 len=512 [RETRANSMIT]
[197117.44ms] RETRANSMIT seq=171 len=512 [RETRANSMIT]
[197118.73ms] DUP_ACK ack_num=164 count=1
[197219.18ms] DUP_ACK ack_num=164 count=2
[197319.41ms] DUP_ACK ack_num=164 count=3
[197417.63ms] TIMEOUT sendBase=164 nextSeq=172
[197417.70ms] RETRANSMIT seq=164 len=512 [RETRANSMIT]
[197417.70ms] RETRANSMIT seq=165 len=512 [RETRANSMIT]
[197417.71ms] RETRANSMIT seq=166 len=512 [RETRANSMIT]
[197417.71ms] RETRANSMIT seq=167 len=512 [RETRANSMIT]
[197417.72ms] RETRANSMIT seq=168 len=512 [RETRANSMIT]
[197417.73ms] RETRANSMIT seq=169 len=512 [RETRANSMIT]
[197417.73ms] RETRANSMIT seq=170 len=512 [RETRANSMIT]
[197417.74ms] RETRANSMIT seq=171 len=512 [RETRANSMIT]
[197419.58ms] DUP_ACK ack_num=164 count=1
[197519.88ms] ACK ack_num=165 cwnd=1.000000 ssthresh=16.000000
[197519.93ms] SEND seq=172 len=512
[197620.09ms] ACK ack_num=166 cwnd=1.000000 ssthresh=16.000000
[197620.16ms] SEND seq=173 len=512
[197720.35ms] DUP_ACK ack_num=166 count=1
[197820.62ms] DUP_ACK ack_num=166 count=2
[197920.35ms] TIMEOUT sendBase=166 nextSeq=174
[197920.42ms] RETRANSMIT seq=166 len=512 [RETRANSMIT]
[197920.42ms] RETRANSMIT seq=167 len=512 [RETRANSMIT]
[197920.43ms] RETRANSMIT seq=168 len=512 [RETRANSMIT]
[197920.43ms] RETRANSMIT seq=169 len=512 [RETRANSMIT]
[197920.44ms] RETRANSMIT seq=170 len=512 [RETRANSMIT]
[197920.44ms] RETRANSMIT seq=171 len=512 [RETRANSMIT]
[197920.45ms] RETRANSMIT seq=172 len=512 [RETRANSMIT]
[197920.45ms] RETRANSMIT seq=173 len=512 [RETRANSMIT]
[197920.84ms] DUP_ACK ack_num=166 count=1
[198021.22ms] DUP_ACK ack_num=166 count=2
[198121.72ms] DUP_ACK ack_num=166 count=3
[198220.67ms] TIMEOUT sendBase=166 nextSeq=174
[198220.73ms] RETRANSMIT seq=166 len=512 [RETRANSMIT]
[198220.74ms] RETRANSMIT seq=167 len=512 [RETRANSMIT]
[198220.74ms] RETRANSMIT seq=168 len=512 [RETRANSMIT]
[198220.75ms] RETRANSMIT seq=169 len=512 [RETRANSMIT]
[198220.75ms] RETRANSMIT seq=170 len=512 [RETRANSMIT]
[198220.76ms] RETRANSMIT seq=171 len=512 [RETRANSMIT]
[198220.79ms] RETRANSMIT seq=172 len=512 [RETRANSMIT]
[198220.79ms] RETRANSMIT seq=173 len=512 [RETRANSMIT]
[198221.94ms] DUP_ACK ack_num=166 count=1
[198322.24ms] DUP_ACK ack_num=166 count=2
[198422.49ms] DUP_ACK ack_num=166 count=3
[198521.01ms] TIMEOUT sendBase=166 nextSeq=174
[198521.08ms] RETRANSMIT seq=166 len=512 [RETRANSMIT]
[198521.09ms] RETRANSMIT seq=167 len=512 [RETRANSMIT]
[198521.09ms] RETRANSMIT seq=168 len=512 [RETRANSMIT]
[198521.10ms] RETRANSMIT seq=169 len=512 [RETRANSMIT]
[198521.18ms] RETRANSMIT seq=170 len=512 [RETRANSMIT]
[198521.19ms] RETRANSMIT seq=171 len=512 [RETRANSMIT]
[198521.20ms] RETRANSMIT seq=172 len=512 [RETRANSMIT]
[198521.20ms] RETRANSMIT seq=173 len=512 [RETRANSMIT]
[198522.67ms] DUP_ACK ack_num=166 count=1
[198622.96ms] DUP_ACK ack_num=166 count=2
[198723.21ms] DUP_ACK ack_num=166 count=3
[198821.52ms] TIMEOUT sendBase=166 nextSeq=174
[198821.59ms] RETRANSMIT seq=166 len=512 [RETRANSMIT]
[198821.60ms] RETRANSMIT seq=167 len=512 [RETRANSMIT]
[198821.60ms] RETRANSMIT seq=168 len=512 [RETRANSMIT]
[198821.61ms] RETRANSMIT seq=169 len=512 [RETRANSMIT]
[198821.61ms] RETRANSMIT seq=170 len=512 [RETRANSMIT]
[198821.62ms] RETRANSMIT seq=171 len=512 [RETRANSMIT]
[198821.62ms] RETRANSMIT seq=172 len=512 [RETRANSMIT]
[198821.62ms] RETRANSMIT seq=173 len=512 [RETRANSMIT]
[198823.55ms] DUP_ACK ack_num=166 count=1
[198923.94ms] ACK ack_num=167 cwnd=1.000000 ssthresh=16.000000
[198923.99ms] SEND seq=174 len=512
[199024.17ms] DUP_ACK ack_num=167 count=1
[199124.50ms] DUP_ACK ack_num=167 count=2
[199224.18ms] TIMEOUT sendBase=167 nextSeq=175
[199224.24ms] RETRANSMIT seq=167 len=512 [RETRANSMIT]
[199224.25ms] RETRANSMIT seq=168 len=512 [RETRANSMIT]
[199224.25ms] RETRANSMIT seq=169 len=512 [RETRANSMIT]
[199224.26ms] RETRANSMIT seq=170 len=512 [RETRANSMIT]
[199224.26ms] RETRANSMIT seq=171 len=512 [RETRANSMIT]
[199224.26ms] RETRANSMIT seq=172 len=512 [RETRANSMIT]
[199224.27ms] RETRANSMIT seq=173 len=512 [RETRANSMIT]
[199224.27ms] RETRANSMIT seq=174 len=512 [RETRANSMIT]
[199224.63ms] DUP_ACK ack_num=167 count=1
[199324.91ms] DUP_ACK ack_num=167 count=2
[199425.22ms] DUP_ACK ack_num=167 count=3
[199524.49ms] TIMEOUT sendBase=167 nextSeq=175
[199524.56ms] RETRANSMIT seq=167 len=512 [RETRANSMIT]
[199524.57ms] RETRANSMIT seq=168 len=512 [RETRANSMIT]
[199524.57ms] RETRANSMIT seq=169 len=512 [RETRANSMIT]
[199524.58ms] RETRANSMIT seq=170 len=512 [RETRANSMIT]
[199524.58ms] RETRANSMIT seq=171 len=512 [RETRANSMIT]
[199524.59ms] RETRANSMIT seq=172 len=512 [RETRANSMIT]
[199524.59ms] RETRANSMIT seq=173 len=512 [RETRANSMIT]
[199524.59ms] RETRANSMIT seq=174 len=512 [RETRANSMIT]
[199525.47ms] DUP_ACK ack_num=167 count=1
[199625.87ms] DUP_ACK ack_num=167 count=2
[199726.20ms] DUP_ACK ack_num=167 count=3
[199824.84ms] TIMEOUT sendBase=167 nextSeq=175
[199824.92ms] RETRANSMIT seq=167 len=512 [RETRANSMIT]
[199824.94ms] RETRANSMIT seq=168 len=512 [RETRANSMIT]
[199824.94ms] RETRANSMIT seq=169 len=512 [RETRANSMIT]
[199824.95ms] RETRANSMIT seq=170 len=512 [RETRANSMIT]
[199824.96ms] RETRANSMIT seq=171 len=512 [RETRANSMIT]
[199824.96ms] RETRANSMIT seq=172 len=512 [RETRANSMIT]
[199824.97ms] RETRANSMIT seq=173 len=512 [RETRANSMIT]
[199824.98ms] RETRANSMIT seq=174 len=512 [RETRANSMIT]
[199826.40ms] DUP_ACK ack_num=167 count=1
[199926.81ms] DUP_ACK ack_num=167 count=2
[200027.05ms] DUP_ACK ack_num=167 count=3
[200125.15ms] TIMEOUT sendBase=167 nextSeq=175
[200125.22ms] RETRANSMIT seq=167 len=512 [RETRANSMIT]
[200125.23ms] RETRANSMIT seq=168 len=512 [RETRANSMIT]
[200125.23ms] RETRANSMIT seq=169 len=512 [RETRANSMIT]
[200125.24ms] RETRANSMIT seq=170 len=512 [RETRANSMIT]
[200125.24ms] RETRANSMIT seq=171 len=512 [RETRANSMIT]
[200125.25ms] RETRANSMIT seq=172 len=512 [RETRANSMIT]
[200125.25ms] RETRANSMIT seq=173 len=512 [RETRANSMIT]
[200125.25ms] RETRANSMIT seq=174 len=512 [RETRANSMIT]
[200127.19ms] DUP_ACK ack_num=167 count=1
[200227.78ms] DUP_ACK ack_num=167 count=2
[200327.82ms] DUP_ACK ack_num=167 count=3
[200425.52ms] TIMEOUT sendBase=167 nextSeq=175
[200425.62ms] RETRANSMIT seq=167 len=512 [RETRANSMIT]
[200425.63ms] RETRANSMIT seq=168 len=512 [RETRANSMIT]
[200425.64ms] RETRANSMIT seq=169 len=512 [RETRANSMIT]
[200425.64ms] RETRANSMIT seq=170 len=512 [RETRANSMIT]
[200425.65ms] RETRANSMIT seq=171 len=512 [RETRANSMIT]
[200425.65ms] RETRANSMIT seq=172 len=512 [RETRANSMIT]
[200425.66ms] RETRANSMIT seq=173 len=512 [RETRANSMIT]
[200425.66ms] RETRANSMIT seq=174 len=512 [RETRANSMIT]
[200428.10ms] DUP_ACK ack_num=167 count=1
[200528.42ms] DUP_ACK ack_num=167 count=2
[200628.79ms] DUP_ACK ack_num=167 count=3
[200725.84ms] TIMEOUT sendBase=167 nextSeq=175
[200725.90ms] RETRANSMIT seq=167 len=512 [RETRANSMIT]
[200725.91ms] RETRANSMIT seq=168 len=512 [RETRANSMIT]
[200725.91ms] RETRANSMIT seq=169 len=512 [RETRANSMIT]
[200725.92ms] RETRANSMIT seq=170 len=512 [RETRANSMIT]
[200725.92ms] RETRANSMIT seq=171 len=512 [RETRANSMIT]
[200725.93ms] RETRANSMIT seq=172 len=512 [RETRANSMIT]
[200725.93ms] RETRANSMIT seq=173 len=512 [RETRANSMIT]
[200725.94ms] RETRANSMIT seq=174 len=512 [RETRANSMIT]
[200728.98ms] DUP_ACK ack_num=167 count=1
[200829.16ms] DUP_ACK ack_num=167 count=2
[200929.55ms] DUP_ACK ack_num=167 count=3
[201026.14ms] TIMEOUT sendBase=167 nextSeq=175
[201026.21ms] RETRANSMIT seq=167 len=512 [RETRANSMIT]
[201026.22ms] RETRANSMIT seq=168 len=512 [RETRANSMIT]
[201026.22ms] RETRANSMIT seq=169 len=512 [RETRANSMIT]
[201026.23ms] RETRANSMIT seq=170 len=512 [RETRANSMIT]
[201026.23ms] RETRANSMIT seq=171 len=512 [RETRANSMIT]
[201026.23ms] RETRANSMIT seq=172 len=512 [RETRANSMIT]
[201026.24ms] RETRANSMIT seq=173 len=512 [RETRANSMIT]
[201026.24ms] RETRANSMIT seq=174 len=512 [RETRANSMIT]
[201029.72ms] DUP_ACK ack_num=167 count=1
[201129.95ms] DUP_ACK ack_num=167 count=2
[201230.14ms] DUP_ACK ack_num=167 count=3
[201326.50ms] TIMEOUT sendBase=167 nextSeq=175
[201326.58ms] RETRANSMIT seq=167 len=512 [RETRANSMIT]
[201326.59ms] RETRANSMIT seq=168 len=512 [RETRANSMIT]
[201326.60ms] RETRANSMIT seq=169 len=512 [RETRANSMIT]
[201326.60ms] RETRANSMIT seq=170 len=512 [RETRANSMIT]
[201326.61ms] RETRANSMIT seq=171 len=512 [RETRANSMIT]
[201326.61ms] RETRANSMIT seq=172 len=512 [RETRANSMIT]
[201326.61ms] RETRANSMIT seq=173 len=512 [RETRANSMIT]
[201326.68ms] RETRANSMIT seq=174 len=512 [RETRANSMIT]
[201330.32ms] DUP_ACK ack_num=167 count=1
[201430.61ms] ACK ack_num=168 cwnd=1.000000 ssthresh=16.000000
[201430.64ms] SEND seq=175 len=512
[201530.85ms] DUP_ACK ack_num=168 count=1
[201631.11ms] DUP_ACK ack_num=168 count=2
[201730.82ms] TIMEOUT sendBase=168 nextSeq=176
[201730.88ms] RETRANSMIT seq=168 len=512 [RETRANSMIT]
[201730.89ms] RETRANSMIT seq=169 len=512 [RETRANSMIT]
[201730.89ms] RETRANSMIT seq=170 len=512 [RETRANSMIT]
[201730.90ms] RETRANSMIT seq=171 len=512 [RETRANSMIT]
[201730.90ms] RETRANSMIT seq=172 len=512 [RETRANSMIT]
[201730.91ms] RETRANSMIT seq=173 len=512 [RETRANSMIT]
[201730.92ms] RETRANSMIT seq=174 len=512 [RETRANSMIT]
[201730.92ms] RETRANSMIT seq=175 len=512 [RETRANSMIT]
[201731.27ms] DUP_ACK ack_num=168 count=1
[201831.59ms] DUP_ACK ack_num=168 count=2
[201931.86ms] DUP_ACK ack_num=168 count=3
[202031.19ms] TIMEOUT sendBase=168 nextSeq=176
[202031.26ms] RETRANSMIT seq=168 len=512 [RETRANSMIT]
[202031.26ms] RETRANSMIT seq=169 len=512 [RETRANSMIT]
[202031.27ms] RETRANSMIT seq=170 len=512 [RETRANSMIT]
[202031.27ms] RETRANSMIT seq=171 len=512 [RETRANSMIT]
[202031.28ms] RETRANSMIT seq=172 len=512 [RETRANSMIT]
[202031.28ms] RETRANSMIT seq=173 len=512 [RETRANSMIT]
[202031.28ms] RETRANSMIT seq=174 len=512 [RETRANSMIT]
[202031.29ms] RETRANSMIT seq=175 len=512 [RETRANSMIT]
[202032.03ms] DUP_ACK ack_num=168 count=1
[202132.35ms] DUP_ACK ack_num=168 count=2
[202232.56ms] DUP_ACK ack_num=168 count=3
[202331.55ms] TIMEOUT sendBase=168 nextSeq=176
[202331.61ms] RETRANSMIT seq=168 len=512 [RETRANSMIT]
[202331.62ms] RETRANSMIT seq=169 len=512 [RETRANSMIT]
[202331.62ms] RETRANSMIT seq=170 len=512 [RETRANSMIT]
[202331.63ms] RETRANSMIT seq=171 len=512 [RETRANSMIT]
[202331.63ms] RETRANSMIT seq=172 len=512 [RETRANSMIT]
[202331.63ms] RETRANSMIT seq=173 len=512 [RETRANSMIT]
[202331.64ms] RETRANSMIT seq=174 len=512 [RETRANSMIT]
[202331.64ms] RETRANSMIT seq=175 len=512 [RETRANSMIT]
[202332.80ms] DUP_ACK ack_num=168 count=1
[202433.10ms] DUP_ACK ack_num=168 count=2
[202533.50ms] DUP_ACK ack_num=168 count=3
[202631.88ms] TIMEOUT sendBase=168 nextSeq=176
[202631.94ms] RETRANSMIT seq=168 len=512 [RETRANSMIT]
[202631.95ms] RETRANSMIT seq=169 len=512 [RETRANSMIT]
[202631.96ms] RETRANSMIT seq=170 len=512 [RETRANSMIT]
[202631.99ms] RETRANSMIT seq=171 len=512 [RETRANSMIT]
[202631.99ms] RETRANSMIT seq=172 len=512 [RETRANSMIT]
[202632.00ms] RETRANSMIT seq=173 len=512 [RETRANSMIT]
[202632.00ms] RETRANSMIT seq=174 len=512 [RETRANSMIT]
[202632.00ms] RETRANSMIT seq=175 len=512 [RETRANSMIT]
[202633.60ms] DUP_ACK ack_num=168 count=1
[202763.10ms] DUP_ACK ack_num=168 count=2
[202897.22ms] DUP_ACK ack_num=168 count=3
[202932.20ms] TIMEOUT sendBase=168 nextSeq=176
[202932.26ms] RETRANSMIT seq=168 len=512 [RETRANSMIT]
[202932.27ms] RETRANSMIT seq=169 len=512 [RETRANSMIT]
[202932.27ms] RETRANSMIT seq=170 len=512 [RETRANSMIT]
[202932.28ms] RETRANSMIT seq=171 len=512 [RETRANSMIT]
[202932.28ms] RETRANSMIT seq=172 len=512 [RETRANSMIT]
[202932.28ms] RETRANSMIT seq=173 len=512 [RETRANSMIT]
[202932.29ms] RETRANSMIT seq=174 len=512 [RETRANSMIT]
[202932.29ms] RETRANSMIT seq=175 len=512 [RETRANSMIT]
[202997.19ms] DUP_ACK ack_num=168 count=1
[203097.35ms] DUP_ACK ack_num=168 count=2
[203197.83ms] DUP_ACK ack_num=168 count=3
[203232.56ms] TIMEOUT sendBase=168 nextSeq=176
[203232.63ms] RETRANSMIT seq=168 len=512 [RETRANSMIT]
[203232.63ms] RETRANSMIT seq=169 len=512 [RETRANSMIT]
[203232.64ms] RETRANSMIT seq=170 len=512 [RETRANSMIT]
[203232.64ms] RETRANSMIT seq=171 len=512 [RETRANSMIT]
[203232.65ms] RETRANSMIT seq=172 len=512 [RETRANSMIT]
[203232.65ms] RETRANSMIT seq=173 len=512 [RETRANSMIT]
[203232.65ms] RETRANSMIT seq=174 len=512 [RETRANSMIT]
[203232.66ms] RETRANSMIT seq=175 len=512 [RETRANSMIT]
[203298.08ms] DUP_ACK ack_num=168 count=1
[203398.42ms] DUP_ACK ack_num=168 count=2
[203498.62ms] DUP_ACK ack_num=168 count=3
[203532.86ms] TIMEOUT sendBase=168 nextSeq=176
[203532.93ms] RETRANSMIT seq=168 len=512 [RETRANSMIT]
[203532.93ms] RETRANSMIT seq=169 len=512 [RETRANSMIT]
[203532.94ms] RETRANSMIT seq=170 len=512 [RETRANSMIT]
[203532.94ms] RETRANSMIT seq=171 len=512 [RETRANSMIT]
[203532.95ms] RETRANSMIT seq=172 len=512 [RETRANSMIT]
[203532.95ms] RETRANSMIT seq=173 len=512 [RETRANSMIT]
[203532.96ms] RETRANSMIT seq=174 len=512 [RETRANSMIT]
[203532.97ms] RETRANSMIT seq=175 len=512 [RETRANSMIT]
[203598.84ms] DUP_ACK ack_num=168 count=1
[203699.04ms] DUP_ACK ack_num=168 count=2
[203799.23ms] DUP_ACK ack_num=168 count=3
[203833.19ms] TIMEOUT sendBase=168 nextSeq=176
[203833.25ms] RETRANSMIT seq=168 len=512 [RETRANSMIT]
[203833.26ms] RETRANSMIT seq=169 len=512 [RETRANSMIT]
[203833.26ms] RETRANSMIT seq=170 len=512 [RETRANSMIT]
[203833.27ms] RETRANSMIT seq=171 len=512 [RETRANSMIT]
[203833.27ms] RETRANSMIT seq=172 len=512 [RETRANSMIT]
[203833.28ms] RETRANSMIT seq=173 len=512 [RETRANSMIT]
[203833.28ms] RETRANSMIT seq=174 len=512 [RETRANSMIT]
[203833.29ms] RETRANSMIT seq=175 len=512 [RETRANSMIT]
[203899.54ms] DUP_ACK ack_num=168 count=1
[203999.78ms] DUP_ACK ack_num=168 count=2
[204100.21ms] DUP_ACK ack_num=168 count=3
[204133.54ms] TIMEOUT sendBase=168 nextSeq=176
[204133.62ms] RETRANSMIT seq=168 len=512 [RETRANSMIT]
[204133.63ms] RETRANSMIT seq=169 len=512 [RETRANSMIT]
[204133.64ms] RETRANSMIT seq=170 len=512 [RETRANSMIT]
[204133.64ms] RETRANSMIT seq=171 len=512 [RETRANSMIT]
[204133.64ms] RETRANSMIT seq=172 len=512 [RETRANSMIT]
[204133.65ms] RETRANSMIT seq=173 len=512 [RETRANSMIT]
[204133.65ms] RETRANSMIT seq=174 len=512 [RETRANSMIT]
[204133.66ms] RETRANSMIT seq=175 len=512 [RETRANSMIT]
[204200.59ms] DUP_ACK ack_num=168 count=1
[204300.85ms] DUP_ACK ack_num=168 count=2
[204401.18ms] DUP_ACK ack_num=168 count=3
[204433.82ms] TIMEOUT sendBase=168 nextSeq=176
[204433.88ms] RETRANSMIT seq=168 len=512 [RETRANSMIT]
[204433.88ms] RETRANSMIT seq=169 len=512 [RETRANSMIT]
[204433.89ms] RETRANSMIT seq=170 len=512 [RETRANSMIT]
[204433.89ms] RETRANSMIT seq=171 len=512 [RETRANSMIT]
[204433.90ms] RETRANSMIT seq=172 len=512 [RETRANSMIT]
[204433.90ms] RETRANSMIT seq=173 len=512 [RETRANSMIT]
[204433.91ms] RETRANSMIT seq=174 len=512 [RETRANSMIT]
[204433.91ms] RETRANSMIT seq=175 len=512 [RETRANSMIT]
[204501.42ms] DUP_ACK ack_num=168 count=1
[204601.66ms] DUP_ACK ack_num=168 count=2
[204701.95ms] DUP_ACK ack_num=168 count=3
[204734.09ms] TIMEOUT sendBase=168 nextSeq=176
[204734.15ms] RETRANSMIT seq=168 len=512 [RETRANSMIT]
[204734.16ms] RETRANSMIT seq=169 len=512 [RETRANSMIT]
[204734.16ms] RETRANSMIT seq=170 len=512 [RETRANSMIT]
[204734.17ms] RETRANSMIT seq=171 len=512 [RETRANSMIT]
[204734.17ms] RETRANSMIT seq=172 len=512 [RETRANSMIT]
[204734.18ms] RETRANSMIT seq=173 len=512 [RETRANSMIT]
[204734.18ms] RETRANSMIT seq=174 len=512 [RETRANSMIT]
[204734.19ms] RETRANSMIT seq=175 len=512 [RETRANSMIT]
[204802.11ms] DUP_ACK ack_num=168 count=1
[204902.50ms] DUP_ACK ack_num=168 count=2
[205002.72ms] DUP_ACK ack_num=168 count=3
[205034.34ms] TIMEOUT sendBase=168 nextSeq=176
[205034.40ms] RETRANSMIT seq=168 len=512 [RETRANSMIT]
[205034.41ms] RETRANSMIT seq=169 len=512 [RETRANSMIT]
[205034.41ms] RETRANSMIT seq=170 len=512 [RETRANSMIT]
[205034.42ms] RETRANSMIT seq=171 len=512 [RETRANSMIT]
[205034.43ms] RETRANSMIT seq=172 len=512 [RETRANSMIT]
[205034.43ms] RETRANSMIT seq=173 len=512 [RETRANSMIT]
[205034.44ms] RETRANSMIT seq=174 len=512 [RETRANSMIT]
[205034.45ms] RETRANSMIT seq=175 len=512 [RETRANSMIT]
[205102.93ms] DUP_ACK ack_num=168 count=1
[205203.16ms] DUP_ACK ack_num=168 count=2
[205303.40ms] DUP_ACK ack_num=168 count=3
[205334.60ms] TIMEOUT sendBase=168 nextSeq=176
[205334.65ms] RETRANSMIT seq=168 len=512 [RETRANSMIT]
[205334.66ms] RETRANSMIT seq=169 len=512 [RETRANSMIT]
[205334.67ms] RETRANSMIT seq=170 len=512 [RETRANSMIT]
[205334.67ms] RETRANSMIT seq=171 len=512 [RETRANSMIT]
[205334.68ms] RETRANSMIT seq=172 len=512 [RETRANSMIT]
[205334.68ms] RETRANSMIT seq=173 len=512 [RETRANSMIT]
[205334.68ms] RETRANSMIT seq=174 len=512 [RETRANSMIT]
[205334.69ms] RETRANSMIT seq=175 len=512 [RETRANSMIT]
[205403.82ms] ACK ack_num=169 cwnd=1.000000 ssthresh=16.000000
[205403.86ms] SEND seq=176 len=512
[205504.12ms] ACK ack_num=170 cwnd=1.000000 ssthresh=16.000000
[205504.16ms] SEND seq=177 len=512
[205604.52ms] DUP_ACK ack_num=170 count=1
[205704.88ms] DUP_ACK ack_num=170 count=2
[205804.35ms] TIMEOUT sendBase=170 nextSeq=178
[205804.41ms] RETRANSMIT seq=170 len=512 [RETRANSMIT]
[205804.42ms] RETRANSMIT seq=171 len=512 [RETRANSMIT]
[205804.42ms] RETRANSMIT seq=172 len=512 [RETRANSMIT]
[205804.43ms] RETRANSMIT seq=173 len=512 [RETRANSMIT]
[205804.43ms] RETRANSMIT seq=174 len=512 [RETRANSMIT]
[205804.43ms] RETRANSMIT seq=175 len=512 [RETRANSMIT]
[205804.44ms] RETRANSMIT seq=176 len=512 [RETRANSMIT]
[205804.44ms] RETRANSMIT seq=177 len=512 [RETRANSMIT]
[205805.24ms] DUP_ACK ack_num=170 count=1
[205905.47ms] DUP_ACK ack_num=170 count=2
[206005.74ms] DUP_ACK ack_num=170 count=3
[206104.74ms] TIMEOUT sendBase=170 nextSeq=178
[206104.82ms] RETRANSMIT seq=170 len=512 [RETRANSMIT]
[206104.82ms] RETRANSMIT seq=171 len=512 [RETRANSMIT]
[206104.83ms] RETRANSMIT seq=172 len=512 [RETRANSMIT]
[206104.83ms] RETRANSMIT seq=173 len=512 [RETRANSMIT]
[206104.84ms] RETRANSMIT seq=174 len=512 [RETRANSMIT]
[206104.84ms] RETRANSMIT seq=175 len=512 [RETRANSMIT]
[206104.84ms] RETRANSMIT seq=176 len=512 [RETRANSMIT]
[206104.85ms] RETRANSMIT seq=177 len=512 [RETRANSMIT]
[206106.00ms] DUP_ACK ack_num=170 count=1
[206206.34ms] DUP_ACK ack_num=170 count=2
[206306.50ms] DUP_ACK ack_num=170 count=3
[206405.06ms] TIMEOUT sendBase=170 nextSeq=178
[206405.19ms] RETRANSMIT seq=170 len=512 [RETRANSMIT]
[206405.20ms] RETRANSMIT seq=171 len=512 [RETRANSMIT]
[206405.21ms] RETRANSMIT seq=172 len=512 [RETRANSMIT]
[206405.21ms] RETRANSMIT seq=173 len=512 [RETRANSMIT]
[206405.22ms] RETRANSMIT seq=174 len=512 [RETRANSMIT]
[206405.22ms] RETRANSMIT seq=175 len=512 [RETRANSMIT]
[206405.22ms] RETRANSMIT seq=176 len=512 [RETRANSMIT]
[206405.23ms] RETRANSMIT seq=177 len=512 [RETRANSMIT]
[206406.69ms] DUP_ACK ack_num=170 count=1
[206509.73ms] DUP_ACK ack_num=170 count=2
[206609.74ms] DUP_ACK ack_num=170 count=3
[206705.45ms] TIMEOUT sendBase=170 nextSeq=178
[206705.52ms] RETRANSMIT seq=170 len=512 [RETRANSMIT]
[206705.53ms] RETRANSMIT seq=171 len=512 [RETRANSMIT]
[206705.55ms] RETRANSMIT seq=172 len=512 [RETRANSMIT]
[206705.55ms] RETRANSMIT seq=173 len=512 [RETRANSMIT]
[206705.56ms] RETRANSMIT seq=174 len=512 [RETRANSMIT]
[206705.56ms] RETRANSMIT seq=175 len=512 [RETRANSMIT]
[206705.57ms] RETRANSMIT seq=176 len=512 [RETRANSMIT]
[206705.57ms] RETRANSMIT seq=177 len=512 [RETRANSMIT]
[206710.09ms] DUP_ACK ack_num=170 count=1
[206810.28ms] DUP_ACK ack_num=170 count=2
[206910.55ms] DUP_ACK ack_num=170 count=3
[207005.77ms] TIMEOUT sendBase=170 nextSeq=178
[207005.84ms] RETRANSMIT seq=170 len=512 [RETRANSMIT]
[207005.84ms] RETRANSMIT seq=171 len=512 [RETRANSMIT]
[207005.85ms] RETRANSMIT seq=172 len=512 [RETRANSMIT]
[207005.85ms] RETRANSMIT seq=173 len=512 [RETRANSMIT]
[207005.86ms] RETRANSMIT seq=174 len=512 [RETRANSMIT]
[207005.86ms] RETRANSMIT seq=175 len=512 [RETRANSMIT]
[207005.86ms] RETRANSMIT seq=176 len=512 [RETRANSMIT]
[207005.87ms] RETRANSMIT seq=177 len=512 [RETRANSMIT]
[207010.78ms] DUP_ACK ack_num=170 count=1
[207111.06ms] DUP_ACK ack_num=170 count=2
[207211.24ms] DUP_ACK ack_num=170 count=3
[207306.04ms] TIMEOUT sendBase=170 nextSeq=178
[207306.12ms] RETRANSMIT seq=170 len=512 [RETRANSMIT]
[207306.13ms] RETRANSMIT seq=171 len=512 [RETRANSMIT]
[207306.13ms] RETRANSMIT seq=172 len=512 [RETRANSMIT]
[207306.14ms] RETRANSMIT seq=173 len=512 [RETRANSMIT]
[207306.14ms] RETRANSMIT seq=174 len=512 [RETRANSMIT]
[207306.15ms] RETRANSMIT seq=175 len=512 [RETRANSMIT]
[207306.15ms] RETRANSMIT seq=176 len=512 [RETRANSMIT]
[207306.16ms] RETRANSMIT seq=177 len=512 [RETRANSMIT]
[207311.39ms] DUP_ACK ack_num=170 count=1
[207411.69ms] DUP_ACK ack_num=170 count=2
[207512.00ms] DUP_ACK ack_num=170 count=3
[207606.36ms] TIMEOUT sendBase=170 nextSeq=178
[207606.45ms] RETRANSMIT seq=170 len=512 [RETRANSMIT]
[207606.46ms] RETRANSMIT seq=171 len=512 [RETRANSMIT]
[207606.47ms] RETRANSMIT seq=172 len=512 [RETRANSMIT]
[207606.47ms] RETRANSMIT seq=173 len=512 [RETRANSMIT]
[207606.48ms] RETRANSMIT seq=174 len=512 [RETRANSMIT]
[207606.49ms] RETRANSMIT seq=175 len=512 [RETRANSMIT]
[207606.49ms] RETRANSMIT seq=176 len=512 [RETRANSMIT]
[207606.52ms] RETRANSMIT seq=177 len=512 [RETRANSMIT]
[207612.25ms] DUP_ACK ack_num=170 count=1
[207712.50ms] DUP_ACK ack_num=170 count=2
[207812.75ms] DUP_ACK ack_num=170 count=3
[207906.70ms] TIMEOUT sendBase=170 nextSeq=178
[207906.76ms] RETRANSMIT seq=170 len=512 [RETRANSMIT]
[207906.77ms] RETRANSMIT seq=171 len=512 [RETRANSMIT]
[207906.77ms] RETRANSMIT seq=172 len=512 [RETRANSMIT]
[207906.78ms] RETRANSMIT seq=173 len=512 [RETRANSMIT]
[207906.78ms] RETRANSMIT seq=174 len=512 [RETRANSMIT]
[207906.79ms] RETRANSMIT seq=175 len=512 [RETRANSMIT]
[207906.79ms] RETRANSMIT seq=176 len=512 [RETRANSMIT]
[207906.80ms] RETRANSMIT seq=177 len=512 [RETRANSMIT]
[207912.97ms] DUP_ACK ack_num=170 count=1
[208013.34ms] DUP_ACK ack_num=170 count=2
[208113.55ms] DUP_ACK ack_num=170 count=3
[208207.04ms] TIMEOUT sendBase=170 nextSeq=178
[208207.11ms] RETRANSMIT seq=170 len=512 [RETRANSMIT]
[208207.12ms] RETRANSMIT seq=171 len=512 [RETRANSMIT]
[208207.12ms] RETRANSMIT seq=172 len=512 [RETRANSMIT]
[208207.13ms] RETRANSMIT seq=173 len=512 [RETRANSMIT]
[208207.13ms] RETRANSMIT seq=174 len=512 [RETRANSMIT]
[208207.14ms] RETRANSMIT seq=175 len=512 [RETRANSMIT]
[208207.14ms] RETRANSMIT seq=176 len=512 [RETRANSMIT]
[208207.14ms] RETRANSMIT seq=177 len=512 [RETRANSMIT]
[208213.77ms] DUP_ACK ack_num=170 count=1
[208314.15ms] ACK ack_num=171 cwnd=1.000000 ssthresh=16.000000
[208314.19ms] SEND seq=178 len=512
[208414.36ms] DUP_ACK ack_num=171 count=1
[208514.64ms] DUP_ACK ack_num=171 count=2
[208614.42ms] TIMEOUT sendBase=171 nextSeq=179
[208614.50ms] RETRANSMIT seq=171 len=512 [RETRANSMIT]
[208614.51ms] RETRANSMIT seq=172 len=512 [RETRANSMIT]
[208614.52ms] RETRANSMIT seq=173 len=512 [RETRANSMIT]
[208614.52ms] RETRANSMIT seq=174 len=512 [RETRANSMIT]
[208614.53ms] RETRANSMIT seq=175 len=512 [RETRANSMIT]
[208614.55ms] RETRANSMIT seq=176 len=512 [RETRANSMIT]
[208614.56ms] RETRANSMIT seq=177 len=512 [RETRANSMIT]
[208614.56ms] RETRANSMIT seq=178 len=512 [RETRANSMIT]
[208614.83ms] DUP_ACK ack_num=171 count=1
[208715.14ms] DUP_ACK ack_num=171 count=2
[208815.35ms] DUP_ACK ack_num=171 count=3
[208914.81ms] TIMEOUT sendBase=171 nextSeq=179
[208914.88ms] RETRANSMIT seq=171 len=512 [RETRANSMIT]
[208914.88ms] RETRANSMIT seq=172 len=512 [RETRANSMIT]
[208914.89ms] RETRANSMIT seq=173 len=512 [RETRANSMIT]
[208914.89ms] RETRANSMIT seq=174 len=512 [RETRANSMIT]
[208914.90ms] RETRANSMIT seq=175 len=512 [RETRANSMIT]
[208914.90ms] RETRANSMIT seq=176 len=512 [RETRANSMIT]
[208914.90ms] RETRANSMIT seq=177 len=512 [RETRANSMIT]
[208914.91ms] RETRANSMIT seq=178 len=512 [RETRANSMIT]
[208915.55ms] ACK ack_num=172 cwnd=1.000000 ssthresh=16.000000
[208915.60ms] SEND seq=179 len=512
[209015.78ms] ACK ack_num=173 cwnd=1.000000 ssthresh=16.000000
[209015.82ms] SEND seq=180 len=512
[209116.13ms] DUP_ACK ack_num=173 count=1
[209216.36ms] DUP_ACK ack_num=173 count=2
[209316.03ms] TIMEOUT sendBase=173 nextSeq=181
[209316.10ms] RETRANSMIT seq=173 len=512 [RETRANSMIT]
[209316.10ms] RETRANSMIT seq=174 len=512 [RETRANSMIT]
[209316.11ms] RETRANSMIT seq=175 len=512 [RETRANSMIT]
[209316.11ms] RETRANSMIT seq=176 len=512 [RETRANSMIT]
[209316.11ms] RETRANSMIT seq=177 len=512 [RETRANSMIT]
[209316.12ms] RETRANSMIT seq=178 len=512 [RETRANSMIT]
[209316.12ms] RETRANSMIT seq=179 len=512 [RETRANSMIT]
[209316.12ms] RETRANSMIT seq=180 len=512 [RETRANSMIT]
[209316.56ms] DUP_ACK ack_num=173 count=1
[209416.87ms] DUP_ACK ack_num=173 count=2
[209517.16ms] DUP_ACK ack_num=173 count=3
[209616.34ms] TIMEOUT sendBase=173 nextSeq=181
[209616.42ms] RETRANSMIT seq=173 len=512 [RETRANSMIT]
[209616.43ms] RETRANSMIT seq=174 len=512 [RETRANSMIT]
[209616.43ms] RETRANSMIT seq=175 len=512 [RETRANSMIT]
[209616.43ms] RETRANSMIT seq=176 len=512 [RETRANSMIT]
[209616.44ms] RETRANSMIT seq=177 len=512 [RETRANSMIT]
[209616.44ms] RETRANSMIT seq=178 len=512 [RETRANSMIT]
[209616.45ms] RETRANSMIT seq=179 len=512 [RETRANSMIT]
[209616.46ms] RETRANSMIT seq=180 len=512 [RETRANSMIT]
[209617.31ms] DUP_ACK ack_num=173 count=1
[209717.62ms] DUP_ACK ack_num=173 count=2
[209817.75ms] ACK ack_num=174 cwnd=1.000000 ssthresh=16.000000
[209817.82ms] SEND seq=181 len=512
[209917.98ms] DUP_ACK ack_num=174 count=1
[210018.30ms] DUP_ACK ack_num=174 count=2
[210118.01ms] TIMEOUT sendBase=174 nextSeq=182
[210118.08ms] RETRANSMIT seq=174 len=512 [RETRANSMIT]
[210118.09ms] RETRANSMIT seq=175 len=512 [RETRANSMIT]
[210118.09ms] RETRANSMIT seq=176 len=512 [RETRANSMIT]
[210118.09ms] RETRANSMIT seq=177 len=512 [RETRANSMIT]
[210118.10ms] RETRANSMIT seq=178 len=512 [RETRANSMIT]
[210118.10ms] RETRANSMIT seq=179 len=512 [RETRANSMIT]
[210118.11ms] RETRANSMIT seq=180 len=512 [RETRANSMIT]
[210118.12ms] RETRANSMIT seq=181 len=512 [RETRANSMIT]
[210118.49ms] DUP_ACK ack_num=174 count=1
[210218.70ms] DUP_ACK ack_num=174 count=2
[210318.94ms] DUP_ACK ack_num=174 count=3
[210418.33ms] TIMEOUT sendBase=174 nextSeq=182
[210418.39ms] RETRANSMIT seq=174 len=512 [RETRANSMIT]
[210418.40ms] RETRANSMIT seq=175 len=512 [RETRANSMIT]
[210418.40ms] RETRANSMIT seq=176 len=512 [RETRANSMIT]
[210418.40ms] RETRANSMIT seq=177 len=512 [RETRANSMIT]
[210418.41ms] RETRANSMIT seq=178 len=512 [RETRANSMIT]
[210418.42ms] RETRANSMIT seq=179 len=512 [RETRANSMIT]
[210418.42ms] RETRANSMIT seq=180 len=512 [RETRANSMIT]
[210418.43ms] RETRANSMIT seq=181 len=512 [RETRANSMIT]
[210419.20ms] DUP_ACK ack_num=174 count=1
[210519.48ms] DUP_ACK ack_num=174 count=2
[210619.74ms] DUP_ACK ack_num=174 count=3
[210718.70ms] TIMEOUT sendBase=174 nextSeq=182
[210718.77ms] RETRANSMIT seq=174 len=512 [RETRANSMIT]
[210718.78ms] RETRANSMIT seq=175 len=512 [RETRANSMIT]
[210718.78ms] RETRANSMIT seq=176 len=512 [RETRANSMIT]
[210718.79ms] RETRANSMIT seq=177 len=512 [RETRANSMIT]
[210718.79ms] RETRANSMIT seq=178 len=512 [RETRANSMIT]
[210718.80ms] RETRANSMIT seq=179 len=512 [RETRANSMIT]
[210718.80ms] RETRANSMIT seq=180 len=512 [RETRANSMIT]
[210718.83ms] RETRANSMIT seq=181 len=512 [RETRANSMIT]
[210719.94ms] DUP_ACK ack_num=174 count=1
[210820.26ms] DUP_ACK ack_num=174 count=2
[210922.23ms] DUP_ACK ack_num=174 count=3
[211019.04ms] TIMEOUT sendBase=174 nextSeq=182
[211019.10ms] RETRANSMIT seq=174 len=512 [RETRANSMIT]
[211019.11ms] RETRANSMIT seq=175 len=512 [RETRANSMIT]
[211019.11ms] RETRANSMIT seq=176 len=512 [RETRANSMIT]
[211019.12ms] RETRANSMIT seq=177 len=512 [RETRANSMIT]
[211019.12ms] RETRANSMIT seq=178 len=512 [RETRANSMIT]
[211019.13ms] RETRANSMIT seq=179 len=512 [RETRANSMIT]
[211019.14ms] RETRANSMIT seq=180 len=512 [RETRANSMIT]
[211019.14ms] RETRANSMIT seq=181 len=512 [RETRANSMIT]
[211022.43ms] DUP_ACK ack_num=174 count=1
[211122.77ms] ACK ack_num=175 cwnd=1.000000 ssthresh=16.000000
[211122.85ms] SEND seq=182 len=512
[211223.01ms] DUP_ACK ack_num=175 count=1
[211323.27ms] DUP_ACK ack_num=175 count=2
[211423.02ms] TIMEOUT sendBase=175 nextSeq=183
[211423.08ms] RETRANSMIT seq=175 len=512 [RETRANSMIT]
[211423.09ms] RETRANSMIT seq=176 len=512 [RETRANSMIT]
[211423.09ms] RETRANSMIT seq=177 len=512 [RETRANSMIT]
[211423.09ms] RETRANSMIT seq=178 len=512 [RETRANSMIT]
[211423.10ms] RETRANSMIT seq=179 len=512 [RETRANSMIT]
[211423.10ms] RETRANSMIT seq=180 len=512 [RETRANSMIT]
[211423.11ms] RETRANSMIT seq=181 len=512 [RETRANSMIT]
[211423.11ms] RETRANSMIT seq=182 len=512 [RETRANSMIT]
[211423.48ms] DUP_ACK ack_num=175 count=1
[211523.85ms] DUP_ACK ack_num=175 count=2
[211623.93ms] DUP_ACK ack_num=175 count=3
[211723.28ms] TIMEOUT sendBase=175 nextSeq=183
[211723.33ms] RETRANSMIT seq=175 len=512 [RETRANSMIT]
[211723.34ms] RETRANSMIT seq=176 len=512 [RETRANSMIT]
[211723.34ms] RETRANSMIT seq=177 len=512 [RETRANSMIT]
[211723.35ms] RETRANSMIT seq=178 len=512 [RETRANSMIT]
[211723.35ms] RETRANSMIT seq=179 len=512 [RETRANSMIT]
[211723.35ms] RETRANSMIT seq=180 len=512 [RETRANSMIT]
[211723.36ms] RETRANSMIT seq=181 len=512 [RETRANSMIT]
[211723.36ms] RETRANSMIT seq=182 len=512 [RETRANSMIT]
[211724.08ms] DUP_ACK ack_num=175 count=1
[211824.30ms] DUP_ACK ack_num=175 count=2
[211924.69ms] DUP_ACK ack_num=175 count=3
[212023.53ms] TIMEOUT sendBase=175 nextSeq=183
[212023.59ms] RETRANSMIT seq=175 len=512 [RETRANSMIT]
[212023.59ms] RETRANSMIT seq=176 len=512 [RETRANSMIT]
[212023.60ms] RETRANSMIT seq=177 len=512 [RETRANSMIT]
[212023.60ms] RETRANSMIT seq=178 len=512 [RETRANSMIT]
[212023.61ms] RETRANSMIT seq=179 len=512 [RETRANSMIT]
[212023.61ms] RETRANSMIT seq=180 len=512 [RETRANSMIT]
[212023.62ms] RETRANSMIT seq=181 len=512 [RETRANSMIT]
[212023.62ms] RETRANSMIT seq=182 len=512 [RETRANSMIT]
[212024.91ms] DUP_ACK ack_num=175 count=1
[212125.21ms] DUP_ACK ack_num=175 count=2
[212225.42ms] DUP_ACK ack_num=175 count=3
[212323.81ms] TIMEOUT sendBase=175 nextSeq=183
[212323.87ms] RETRANSMIT seq=175 len=512 [RETRANSMIT]
[212323.88ms] RETRANSMIT seq=176 len=512 [RETRANSMIT]
[212323.89ms] RETRANSMIT seq=177 len=512 [RETRANSMIT]
[212323.89ms] RETRANSMIT seq=178 len=512 [RETRANSMIT]
[212323.90ms] RETRANSMIT seq=179 len=512 [RETRANSMIT]
[212323.90ms] RETRANSMIT seq=180 len=512 [RETRANSMIT]
[212323.90ms] RETRANSMIT seq=181 len=512 [RETRANSMIT]
[212323.91ms] RETRANSMIT seq=182 len=512 [RETRANSMIT]
[212325.64ms] DUP_ACK ack_num=175 count=1
[212425.89ms] DUP_ACK ack_num=175 count=2
[212526.20ms] DUP_ACK ack_num=175 count=3
[212624.10ms] TIMEOUT sendBase=175 nextSeq=183
[212624.16ms] RETRANSMIT seq=175 len=512 [RETRANSMIT]
[212624.17ms] RETRANSMIT seq=176 len=512 [RETRANSMIT]
[212624.17ms] RETRANSMIT seq=177 len=512 [RETRANSMIT]
[212624.18ms] RETRANSMIT seq=178 len=512 [RETRANSMIT]
[212624.18ms] RETRANSMIT seq=179 len=512 [RETRANSMIT]
[212624.18ms] RETRANSMIT seq=180 len=512 [RETRANSMIT]
[212624.19ms] RETRANSMIT seq=181 len=512 [RETRANSMIT]
[212624.19ms] RETRANSMIT seq=182 len=512 [RETRANSMIT]
[212626.35ms] DUP_ACK ack_num=175 count=1
[212726.72ms] DUP_ACK ack_num=175 count=2
[212826.86ms] DUP_ACK ack_num=175 count=3
[212924.39ms] TIMEOUT sendBase=175 nextSeq=183
[212924.45ms] RETRANSMIT seq=175 len=512 [RETRANSMIT]
[212924.46ms] RETRANSMIT seq=176 len=512 [RETRANSMIT]
[212924.46ms] RETRANSMIT seq=177 len=512 [RETRANSMIT]
[212924.47ms] RETRANSMIT seq=178 len=512 [RETRANSMIT]
[212924.47ms] RETRANSMIT seq=179 len=512 [RETRANSMIT]
[212924.48ms] RETRANSMIT seq=180 len=512 [RETRANSMIT]
[212924.48ms] RETRANSMIT seq=181 len=512 [RETRANSMIT]
[212924.48ms] RETRANSMIT seq=182 len=512 [RETRANSMIT]
[212927.10ms] DUP_ACK ack_num=175 count=1
[213027.44ms] DUP_ACK ack_num=175 count=2
[213127.85ms] DUP_ACK ack_num=175 count=3
[213224.72ms] TIMEOUT sendBase=175 nextSeq=183
[213224.78ms] RETRANSMIT seq=175 len=512 [RETRANSMIT]
[213224.79ms] RETRANSMIT seq=176 len=512 [RETRANSMIT]
[213224.79ms] RETRANSMIT seq=177 len=512 [RETRANSMIT]
[213224.80ms] RETRANSMIT seq=178 len=512 [RETRANSMIT]
[213224.80ms] RETRANSMIT seq=179 len=512 [RETRANSMIT]
[213224.81ms] RETRANSMIT seq=180 len=512 [RETRANSMIT]
[213224.81ms] RETRANSMIT seq=181 len=512 [RETRANSMIT]
[213224.82ms] RETRANSMIT seq=182 len=512 [RETRANSMIT]
[213228.18ms] ACK ack_num=176 cwnd=1.000000 ssthresh=16.000000
[213228.20ms] SEND seq=183 len=512
[213328.47ms] DUP_ACK ack_num=176 count=1
[213428.72ms] DUP_ACK ack_num=176 count=2
[213528.40ms] TIMEOUT sendBase=176 nextSeq=184
[213528.47ms] RETRANSMIT seq=176 len=512 [RETRANSMIT]
[213528.48ms] RETRANSMIT seq=177 len=512 [RETRANSMIT]
[213528.48ms] RETRANSMIT seq=178 len=512 [RETRANSMIT]
[213528.49ms] RETRANSMIT seq=179 len=512 [RETRANSMIT]
[213528.49ms] RETRANSMIT seq=180 len=512 [RETRANSMIT]
[213528.49ms] RETRANSMIT seq=181 len=512 [RETRANSMIT]
[213528.50ms] RETRANSMIT seq=182 len=512 [RETRANSMIT]
[213528.50ms] RETRANSMIT seq=183 len=512 [RETRANSMIT]
[213528.97ms] DUP_ACK ack_num=176 count=1
[213629.34ms] DUP_ACK ack_num=176 count=2
[213729.63ms] DUP_ACK ack_num=176 count=3
[213828.70ms] TIMEOUT sendBase=176 nextSeq=184
[213828.77ms] RETRANSMIT seq=176 len=512 [RETRANSMIT]
[213828.77ms] RETRANSMIT seq=177 len=512 [RETRANSMIT]
[213828.78ms] RETRANSMIT seq=178 len=512 [RETRANSMIT]
[213828.78ms] RETRANSMIT seq=179 len=512 [RETRANSMIT]
[213828.78ms] RETRANSMIT seq=180 len=512 [RETRANSMIT]
[213828.79ms] RETRANSMIT seq=181 len=512 [RETRANSMIT]
[213828.79ms] RETRANSMIT seq=182 len=512 [RETRANSMIT]
[213828.80ms] RETRANSMIT seq=183 len=512 [RETRANSMIT]
[213829.76ms] DUP_ACK ack_num=176 count=1
[213930.04ms] DUP_ACK ack_num=176 count=2
[214030.30ms] DUP_ACK ack_num=176 count=3
[214129.00ms] TIMEOUT sendBase=176 nextSeq=184
[214129.06ms] RETRANSMIT seq=176 len=512 [RETRANSMIT]
[214129.15ms] RETRANSMIT seq=177 len=512 [RETRANSMIT]
[214129.15ms] RETRANSMIT seq=178 len=512 [RETRANSMIT]
[214129.16ms] RETRANSMIT seq=179 len=512 [RETRANSMIT]
[214129.16ms] RETRANSMIT seq=180 len=512 [RETRANSMIT]
[214129.17ms] RETRANSMIT seq=181 len=512 [RETRANSMIT]
[214129.17ms] RETRANSMIT seq=182 len=512 [RETRANSMIT]
[214129.18ms] RETRANSMIT seq=183 len=512 [RETRANSMIT]
[214130.43ms] DUP_ACK ack_num=176 count=1
[214230.87ms] DUP_ACK ack_num=176 count=2
[214331.12ms] DUP_ACK ack_num=176 count=3
[214429.41ms] TIMEOUT sendBase=176 nextSeq=184
[214429.50ms] RETRANSMIT seq=176 len=512 [RETRANSMIT]
[214429.51ms] RETRANSMIT seq=177 len=512 [RETRANSMIT]
[214429.51ms] RETRANSMIT seq=178 len=512 [RETRANSMIT]
[214429.52ms] RETRANSMIT seq=179 len=512 [RETRANSMIT]
[214429.52ms] RETRANSMIT seq=180 len=512 [RETRANSMIT]
[214429.57ms] RETRANSMIT seq=181 len=512 [RETRANSMIT]
[214429.58ms] RETRANSMIT seq=182 len=512 [RETRANSMIT]
[214429.59ms] RETRANSMIT seq=183 len=512 [RETRANSMIT]
[214431.40ms] DUP_ACK ack_num=176 count=1
[214531.74ms] DUP_ACK ack_num=176 count=2
[214632.02ms] DUP_ACK ack_num=176 count=3
[214729.81ms] TIMEOUT sendBase=176 nextSeq=184
[214729.88ms] RETRANSMIT seq=176 len=512 [RETRANSMIT]
[214729.88ms] RETRANSMIT seq=177 len=512 [RETRANSMIT]
[214729.89ms] RETRANSMIT seq=178 len=512 [RETRANSMIT]
[214729.89ms] RETRANSMIT seq=179 len=512 [RETRANSMIT]
[214729.90ms] RETRANSMIT seq=180 len=512 [RETRANSMIT]
[214729.90ms] RETRANSMIT seq=181 len=512 [RETRANSMIT]
[214729.91ms] RETRANSMIT seq=182 len=512 [RETRANSMIT]
[214729.92ms] RETRANSMIT seq=183 len=512 [RETRANSMIT]
[214732.22ms] DUP_ACK ack_num=176 count=1
[214832.48ms] DUP_ACK ack_num=176 count=2
[214932.84ms] DUP_ACK ack_num=176 count=3
[215030.12ms] TIMEOUT sendBase=176 nextSeq=184
[215030.18ms] RETRANSMIT seq=176 len=512 [RETRANSMIT]
[215030.19ms] RETRANSMIT seq=177 len=512 [RETRANSMIT]
[215030.19ms] RETRANSMIT seq=178 len=512 [RETRANSMIT]
[215030.20ms] RETRANSMIT seq=179 len=512 [RETRANSMIT]
[215030.20ms] RETRANSMIT seq=180 len=512 [RETRANSMIT]
[215030.20ms] RETRANSMIT seq=181 len=512 [RETRANSMIT]
[215030.22ms] RETRANSMIT seq=182 len=512 [RETRANSMIT]
[215030.22ms] RETRANSMIT seq=183 len=512 [RETRANSMIT]
[215033.04ms] DUP_ACK ack_num=176 count=1
[215133.28ms] DUP_ACK ack_num=176 count=2
[215233.67ms] DUP_ACK ack_num=176 count=3
[215330.42ms] TIMEOUT sendBase=176 nextSeq=184
[215330.52ms] RETRANSMIT seq=176 len=512 [RETRANSMIT]
[215330.53ms] RETRANSMIT seq=177 len=512 [RETRANSMIT]
[215330.53ms] RETRANSMIT seq=178 len=512 [RETRANSMIT]
[215330.54ms] RETRANSMIT seq=179 len=512 [RETRANSMIT]
[215330.54ms] RETRANSMIT seq=180 len=512 [RETRANSMIT]
[215330.55ms] RETRANSMIT seq=181 len=512 [RETRANSMIT]
[215330.55ms] RETRANSMIT seq=182 len=512 [RETRANSMIT]
[215330.55ms] RETRANSMIT seq=183 len=512 [RETRANSMIT]
[215333.84ms] DUP_ACK ack_num=176 count=1
[215434.19ms] DUP_ACK ack_num=176 count=2
[215534.57ms] DUP_ACK ack_num=176 count=3
[215630.84ms] TIMEOUT sendBase=176 nextSeq=184
[215630.94ms] RETRANSMIT seq=176 len=512 [RETRANSMIT]
[215630.96ms] RETRANSMIT seq=177 len=512 [RETRANSMIT]
[215630.97ms] RETRANSMIT seq=178 len=512 [RETRANSMIT]
[215630.98ms] RETRANSMIT seq=179 len=512 [RETRANSMIT]
[215630.98ms] RETRANSMIT seq=180 len=512 [RETRANSMIT]
[215630.99ms] RETRANSMIT seq=181 len=512 [RETRANSMIT]
[215630.99ms] RETRANSMIT seq=182 len=512 [RETRANSMIT]
[215631.00ms] RETRANSMIT seq=183 len=512 [RETRANSMIT]
[215634.78ms] DUP_ACK ack_num=176 count=1
[215735.11ms] DUP_ACK ack_num=176 count=2
[215835.32ms] DUP_ACK ack_num=176 count=3
[215931.15ms] TIMEOUT sendBase=176 nextSeq=184
[215931.20ms] RETRANSMIT seq=176 len=512 [RETRANSMIT]
[215931.21ms] RETRANSMIT seq=177 len=512 [RETRANSMIT]
[215931.21ms] RETRANSMIT seq=178 len=512 [RETRANSMIT]
[215931.22ms] RETRANSMIT seq=179 len=512 [RETRANSMIT]
[215931.23ms] RETRANSMIT seq=180 len=512 [RETRANSMIT]
[215931.23ms] RETRANSMIT seq=181 len=512 [RETRANSMIT]
[215931.24ms] RETRANSMIT seq=182 len=512 [RETRANSMIT]
[215931.24ms] RETRANSMIT seq=183 len=512 [RETRANSMIT]
[215935.60ms] DUP_ACK ack_num=176 count=1
[216035.83ms] DUP_ACK ack_num=176 count=2
[216136.05ms] DUP_ACK ack_num=176 count=3
[216231.43ms] TIMEOUT sendBase=176 nextSeq=184
[216231.49ms] RETRANSMIT seq=176 len=512 [RETRANSMIT]
[216231.50ms] RETRANSMIT seq=177 len=512 [RETRANSMIT]
[216231.50ms] RETRANSMIT seq=178 len=512 [RETRANSMIT]
[216231.50ms] RETRANSMIT seq=179 len=512 [RETRANSMIT]
[216231.51ms] RETRANSMIT seq=180 len=512 [RETRANSMIT]
[216231.51ms] RETRANSMIT seq=181 len=512 [RETRANSMIT]
[216231.52ms] RETRANSMIT seq=182 len=512 [RETRANSMIT]
[216231.52ms] RETRANSMIT seq=183 len=512 [RETRANSMIT]
[216236.21ms] DUP_ACK ack_num=176 count=1
[216336.51ms] DUP_ACK ack_num=176 count=2
[216436.67ms] DUP_ACK ack_num=176 count=3
[216531.75ms] TIMEOUT sendBase=176 nextSeq=184
[216531.82ms] RETRANSMIT seq=176 len=512 [RETRANSMIT]
[216531.83ms] RETRANSMIT seq=177 len=512 [RETRANSMIT]
[216531.84ms] RETRANSMIT seq=178 len=512 [RETRANSMIT]
[216531.84ms] RETRANSMIT seq=179 len=512 [RETRANSMIT]
[216531.85ms] RETRANSMIT seq=180 len=512 [RETRANSMIT]
[216531.85ms] RETRANSMIT seq=181 len=512 [RETRANSMIT]
[216531.86ms] RETRANSMIT seq=182 len=512 [RETRANSMIT]
[216531.86ms] RETRANSMIT seq=183 len=512 [RETRANSMIT]
[216536.96ms] DUP_ACK ack_num=176 count=1
[216637.26ms] DUP_ACK ack_num=176 count=2
[216737.67ms] DUP_ACK ack_num=176 count=3
[216832.02ms] TIMEOUT sendBase=176 nextSeq=184
[216832.09ms] RETRANSMIT seq=176 len=512 [RETRANSMIT]
[216832.09ms] RETRANSMIT seq=177 len=512 [RETRANSMIT]
[216832.10ms] RETRANSMIT seq=178 len=512 [RETRANSMIT]
[216832.10ms] RETRANSMIT seq=179 len=512 [RETRANSMIT]
[216832.11ms] RETRANSMIT seq=180 len=512 [RETRANSMIT]
[216832.11ms] RETRANSMIT seq=181 len=512 [RETRANSMIT]
[216832.11ms] RETRANSMIT seq=182 len=512 [RETRANSMIT]
[216832.12ms] RETRANSMIT seq=183 len=512 [RETRANSMIT]
[216837.90ms] DUP_ACK ack_num=176 count=1
[216938.28ms] DUP_ACK ack_num=176 count=2
[217038.56ms] DUP_ACK ack_num=176 count=3
[217132.35ms] TIMEOUT sendBase=176 nextSeq=184
[217132.41ms] RETRANSMIT seq=176 len=512 [RETRANSMIT]
[217132.42ms] RETRANSMIT seq=177 len=512 [RETRANSMIT]
[217132.43ms] RETRANSMIT seq=178 len=512 [RETRANSMIT]
[217132.43ms] RETRANSMIT seq=179 len=512 [RETRANSMIT]
[217132.43ms] RETRANSMIT seq=180 len=512 [RETRANSMIT]
[217132.44ms] RETRANSMIT seq=181 len=512 [RETRANSMIT]
[217132.44ms] RETRANSMIT seq=182 len=512 [RETRANSMIT]
[217132.45ms] RETRANSMIT seq=183 len=512 [RETRANSMIT]
[217138.78ms] DUP_ACK ack_num=176 count=1
[217239.01ms] DUP_ACK ack_num=176 count=2
[217339.48ms] DUP_ACK ack_num=176 count=3
[217432.62ms] TIMEOUT sendBase=176 nextSeq=184
[217432.68ms] RETRANSMIT seq=176 len=512 [RETRANSMIT]
[217432.69ms] RETRANSMIT seq=177 len=512 [RETRANSMIT]
[217432.69ms] RETRANSMIT seq=178 len=512 [RETRANSMIT]
[217432.70ms] RETRANSMIT seq=179 len=512 [RETRANSMIT]
[217432.70ms] RETRANSMIT seq=180 len=512 [RETRANSMIT]
[217432.71ms] RETRANSMIT seq=181 len=512 [RETRANSMIT]
[217432.71ms] RETRANSMIT seq=182 len=512 [RETRANSMIT]
[217432.72ms] RETRANSMIT seq=183 len=512 [RETRANSMIT]
[217439.67ms] DUP_ACK ack_num=176 count=1
[217539.97ms] DUP_ACK ack_num=176 count=2
[217640.34ms] DUP_ACK ack_num=176 count=3
[217732.90ms] TIMEOUT sendBase=176 nextSeq=184
[217732.96ms] RETRANSMIT seq=176 len=512 [RETRANSMIT]
[217732.97ms] RETRANSMIT seq=177 len=512 [RETRANSMIT]
[217732.97ms] RETRANSMIT seq=178 len=512 [RETRANSMIT]
[217732.98ms] RETRANSMIT seq=179 len=512 [RETRANSMIT]
[217732.98ms] RETRANSMIT seq=180 len=512 [RETRANSMIT]
[217732.99ms] RETRANSMIT seq=181 len=512 [RETRANSMIT]
[217732.99ms] RETRANSMIT seq=182 len=512 [RETRANSMIT]
[217733.00ms] RETRANSMIT seq=183 len=512 [RETRANSMIT]
[217740.50ms] ACK ack_num=177 cwnd=1.000000 ssthresh=16.000000
[217740.52ms] SEND seq=184 len=512
[217840.73ms] ACK ack_num=178 cwnd=1.000000 ssthresh=16.000000
[217840.77ms] SEND seq=185 len=512
[217941.01ms] DUP_ACK ack_num=178 count=1
[218041.27ms] DUP_ACK ack_num=178 count=2
[218140.95ms] TIMEOUT sendBase=178 nextSeq=186
[218141.01ms] RETRANSMIT seq=178 len=512 [RETRANSMIT]
[218141.02ms] RETRANSMIT seq=179 len=512 [RETRANSMIT]
[218141.02ms] RETRANSMIT seq=180 len=512 [RETRANSMIT]
[218141.03ms] RETRANSMIT seq=181 len=512 [RETRANSMIT]
[218141.03ms] RETRANSMIT seq=182 len=512 [RETRANSMIT]
[218141.08ms] RETRANSMIT seq=183 len=512 [RETRANSMIT]
[218141.08ms] RETRANSMIT seq=184 len=512 [RETRANSMIT]
[218141.09ms] RETRANSMIT seq=185 len=512 [RETRANSMIT]
[218141.47ms] DUP_ACK ack_num=178 count=1
[218241.73ms] DUP_ACK ack_num=178 count=2
[218341.99ms] DUP_ACK ack_num=178 count=3
[218441.33ms] TIMEOUT sendBase=178 nextSeq=186
[218441.41ms] RETRANSMIT seq=178 len=512 [RETRANSMIT]
[218441.42ms] RETRANSMIT seq=179 len=512 [RETRANSMIT]
[218441.42ms] RETRANSMIT seq=180 len=512 [RETRANSMIT]
[218441.43ms] RETRANSMIT seq=181 len=512 [RETRANSMIT]
[218441.44ms] RETRANSMIT seq=182 len=512 [RETRANSMIT]
[218441.44ms] RETRANSMIT seq=183 len=512 [RETRANSMIT]
[218441.45ms] RETRANSMIT seq=184 len=512 [RETRANSMIT]
[218441.46ms] RETRANSMIT seq=185 len=512 [RETRANSMIT]
[218442.19ms] DUP_ACK ack_num=178 count=1
[218542.68ms] DUP_ACK ack_num=178 count=2
[218642.90ms] DUP_ACK ack_num=178 count=3
[218741.73ms] TIMEOUT sendBase=178 nextSeq=186
[218741.79ms] RETRANSMIT seq=178 len=512 [RETRANSMIT]
[218741.80ms] RETRANSMIT seq=179 len=512 [RETRANSMIT]
[218741.80ms] RETRANSMIT seq=180 len=512 [RETRANSMIT]
[218741.81ms] RETRANSMIT seq=181 len=512 [RETRANSMIT]
[218741.81ms] RETRANSMIT seq=182 len=512 [RETRANSMIT]
[218741.82ms] RETRANSMIT seq=183 len=512 [RETRANSMIT]
[218741.82ms] RETRANSMIT seq=184 len=512 [RETRANSMIT]
[218741.83ms] RETRANSMIT seq=185 len=512 [RETRANSMIT]
[218743.07ms] DUP_ACK ack_num=178 count=1
[218843.43ms] DUP_ACK ack_num=178 count=2
[218943.79ms] DUP_ACK ack_num=178 count=3
[219042.08ms] TIMEOUT sendBase=178 nextSeq=186
[219042.14ms] RETRANSMIT seq=178 len=512 [RETRANSMIT]
[219042.15ms] RETRANSMIT seq=179 len=512 [RETRANSMIT]
[219042.15ms] RETRANSMIT seq=180 len=512 [RETRANSMIT]
[219042.16ms] RETRANSMIT seq=181 len=512 [RETRANSMIT]
[219042.16ms] RETRANSMIT seq=182 len=512 [RETRANSMIT]
[219042.17ms] RETRANSMIT seq=183 len=512 [RETRANSMIT]
[219042.17ms] RETRANSMIT seq=184 len=512 [RETRANSMIT]
[219042.22ms] RETRANSMIT seq=185 len=512 [RETRANSMIT]
[219043.97ms] DUP_ACK ack_num=178 count=1
[219144.28ms] DUP_ACK ack_num=178 count=2
[219244.76ms] DUP_ACK ack_num=178 count=3
[219342.54ms] TIMEOUT sendBase=178 nextSeq=186
[219342.60ms] RETRANSMIT seq=178 len=512 [RETRANSMIT]
[219342.60ms] RETRANSMIT seq=179 len=512 [RETRANSMIT]
[219342.61ms] RETRANSMIT seq=180 len=512 [RETRANSMIT]
[219342.61ms] RETRANSMIT seq=181 len=512 [RETRANSMIT]
[219342.62ms] RETRANSMIT seq=182 len=512 [RETRANSMIT]
[219342.62ms] RETRANSMIT seq=183 len=512 [RETRANSMIT]
[219342.62ms] RETRANSMIT seq=184 len=512 [RETRANSMIT]
[219342.63ms] RETRANSMIT seq=185 len=512 [RETRANSMIT]
[219345.05ms] DUP_ACK ack_num=178 count=1
[219445.23ms] DUP_ACK ack_num=178 count=2
[219545.47ms] DUP_ACK ack_num=178 count=3
[219642.89ms] TIMEOUT sendBase=178 nextSeq=186
[219642.99ms] RETRANSMIT seq=178 len=512 [RETRANSMIT]
[219643.01ms] RETRANSMIT seq=179 len=512 [RETRANSMIT]
[219643.02ms] RETRANSMIT seq=180 len=512 [RETRANSMIT]
[219643.03ms] RETRANSMIT seq=181 len=512 [RETRANSMIT]
[219643.04ms] RETRANSMIT seq=182 len=512 [RETRANSMIT]
[219643.05ms] RETRANSMIT seq=183 len=512 [RETRANSMIT]
[219643.06ms] RETRANSMIT seq=184 len=512 [RETRANSMIT]
[219643.06ms] RETRANSMIT seq=185 len=512 [RETRANSMIT]
[219645.69ms] DUP_ACK ack_num=178 count=1
[219746.25ms] DUP_ACK ack_num=178 count=2
[219846.30ms] DUP_ACK ack_num=178 count=3
[219943.30ms] TIMEOUT sendBase=178 nextSeq=186
[219943.37ms] RETRANSMIT seq=178 len=512 [RETRANSMIT]
[219943.38ms] RETRANSMIT seq=179 len=512 [RETRANSMIT]
[219943.39ms] RETRANSMIT seq=180 len=512 [RETRANSMIT]
[219943.40ms] RETRANSMIT seq=181 len=512 [RETRANSMIT]
[219943.40ms] RETRANSMIT seq=182 len=512 [RETRANSMIT]
[219943.41ms] RETRANSMIT seq=183 len=512 [RETRANSMIT]
[219943.41ms] RETRANSMIT seq=184 len=512 [RETRANSMIT]
[219943.42ms] RETRANSMIT seq=185 len=512 [RETRANSMIT]
[219946.49ms] DUP_ACK ack_num=178 count=1
[220046.83ms] DUP_ACK ack_num=178 count=2
[220147.13ms] DUP_ACK ack_num=178 count=3
[220243.86ms] TIMEOUT sendBase=178 nextSeq=186
[220243.93ms] RETRANSMIT seq=178 len=512 [RETRANSMIT]
[220243.93ms] RETRANSMIT seq=179 len=512 [RETRANSMIT]
[220243.94ms] RETRANSMIT seq=180 len=512 [RETRANSMIT]
[220243.94ms] RETRANSMIT seq=181 len=512 [RETRANSMIT]
[220243.94ms] RETRANSMIT seq=182 len=512 [RETRANSMIT]
[220243.95ms] RETRANSMIT seq=183 len=512 [RETRANSMIT]
[220243.95ms] RETRANSMIT seq=184 len=512 [RETRANSMIT]
[220243.96ms] RETRANSMIT seq=185 len=512 [RETRANSMIT]
[220247.39ms] DUP_ACK ack_num=178 count=1
[220347.64ms] DUP_ACK ack_num=178 count=2
[220447.92ms] DUP_ACK ack_num=178 count=3
[220544.41ms] TIMEOUT sendBase=178 nextSeq=186
[220544.47ms] RETRANSMIT seq=178 len=512 [RETRANSMIT]
[220544.48ms] RETRANSMIT seq=179 len=512 [RETRANSMIT]
[220544.48ms] RETRANSMIT seq=180 len=512 [RETRANSMIT]
[220544.49ms] RETRANSMIT seq=181 len=512 [RETRANSMIT]
[220544.49ms] RETRANSMIT seq=182 len=512 [RETRANSMIT]
[220544.50ms] RETRANSMIT seq=183 len=512 [RETRANSMIT]
[220544.51ms] RETRANSMIT seq=184 len=512 [RETRANSMIT]
[220544.51ms] RETRANSMIT seq=185 len=512 [RETRANSMIT]
[220548.14ms] DUP_ACK ack_num=178 count=1
[220648.55ms] ACK ack_num=179 cwnd=1.000000 ssthresh=16.000000
[220648.58ms] SEND seq=186 len=512
[220748.92ms] DUP_ACK ack_num=179 count=1
[220849.03ms] DUP_ACK ack_num=179 count=2
[220948.91ms] TIMEOUT sendBase=179 nextSeq=187
[220948.99ms] RETRANSMIT seq=179 len=512 [RETRANSMIT]
[220949.00ms] RETRANSMIT seq=180 len=512 [RETRANSMIT]
[220949.01ms] RETRANSMIT seq=181 len=512 [RETRANSMIT]
[220949.01ms] RETRANSMIT seq=182 len=512 [RETRANSMIT]
[220949.02ms] RETRANSMIT seq=183 len=512 [RETRANSMIT]
[220949.02ms] RETRANSMIT seq=184 len=512 [RETRANSMIT]
[220949.07ms] RETRANSMIT seq=185 len=512 [RETRANSMIT]
[220949.08ms] RETRANSMIT seq=186 len=512 [RETRANSMIT]
[220949.24ms] DUP_ACK ack_num=179 count=1
[221049.54ms] DUP_ACK ack_num=179 count=2
[221149.76ms] DUP_ACK ack_num=179 count=3
[221249.36ms] TIMEOUT sendBase=179 nextSeq=187
[221249.45ms] RETRANSMIT seq=179 len=512 [RETRANSMIT]
[221249.46ms] RETRANSMIT seq=180 len=512 [RETRANSMIT]
[221249.47ms] RETRANSMIT seq=181 len=512 [RETRANSMIT]
[221249.47ms] RETRANSMIT seq=182 len=512 [RETRANSMIT]
[221249.48ms] RETRANSMIT seq=183 len=512 [RETRANSMIT]
[221249.49ms] RETRANSMIT seq=184 len=512 [RETRANSMIT]
[221249.50ms] RETRANSMIT seq=185 len=512 [RETRANSMIT]
[221249.51ms] RETRANSMIT seq=186 len=512 [RETRANSMIT]
[221249.92ms] DUP_ACK ack_num=179 count=1
[221350.50ms] ACK ack_num=180 cwnd=1.000000 ssthresh=16.000000
[221350.54ms] SEND seq=187 len=512
[221450.56ms] ACK ack_num=181 cwnd=1.000000 ssthresh=16.000000
[221450.59ms] SEND seq=188 len=512
[221550.85ms] ACK ack_num=182 cwnd=1.000000 ssthresh=16.000000
[221550.90ms] SEND seq=189 len=512
[221651.46ms] ACK ack_num=183 cwnd=1.000000 ssthresh=16.000000
[221651.50ms] SEND seq=190 len=512
[221751.92ms] DUP_ACK ack_num=183 count=1
[221852.19ms] DUP_ACK ack_num=183 count=2
[221951.79ms] TIMEOUT sendBase=183 nextSeq=191
[221951.88ms] RETRANSMIT seq=183 len=512 [RETRANSMIT]
[221951.89ms] RETRANSMIT seq=184 len=512 [RETRANSMIT]
[221951.90ms] RETRANSMIT seq=185 len=512 [RETRANSMIT]
[221951.90ms] RETRANSMIT seq=186 len=512 [RETRANSMIT]
[221951.91ms] RETRANSMIT seq=187 len=512 [RETRANSMIT]
[221951.92ms] RETRANSMIT seq=188 len=512 [RETRANSMIT]
[221951.93ms] RETRANSMIT seq=189 len=512 [RETRANSMIT]
[221951.93ms] RETRANSMIT seq=190 len=512 [RETRANSMIT]
[221952.48ms] DUP_ACK ack_num=183 count=1
[222053.04ms] DUP_ACK ack_num=183 count=2
[222153.37ms] DUP_ACK ack_num=183 count=3
[222252.14ms] TIMEOUT sendBase=183 nextSeq=191
[222252.21ms] RETRANSMIT seq=183 len=512 [RETRANSMIT]
[222252.22ms] RETRANSMIT seq=184 len=512 [RETRANSMIT]
[222252.22ms] RETRANSMIT seq=185 len=512 [RETRANSMIT]
[222252.23ms] RETRANSMIT seq=186 len=512 [RETRANSMIT]
[222252.23ms] RETRANSMIT seq=187 len=512 [RETRANSMIT]
[222252.24ms] RETRANSMIT seq=188 len=512 [RETRANSMIT]
[222252.24ms] RETRANSMIT seq=189 len=512 [RETRANSMIT]
[222252.25ms] RETRANSMIT seq=190 len=512 [RETRANSMIT]
[222253.79ms] DUP_ACK ack_num=183 count=1
[222354.11ms] DUP_ACK ack_num=183 count=2
[222454.34ms] DUP_ACK ack_num=183 count=3
[222552.49ms] TIMEOUT sendBase=183 nextSeq=191
[222552.56ms] RETRANSMIT seq=183 len=512 [RETRANSMIT]
[222552.57ms] RETRANSMIT seq=184 len=512 [RETRANSMIT]
[222552.62ms] RETRANSMIT seq=185 len=512 [RETRANSMIT]
[222552.62ms] RETRANSMIT seq=186 len=512 [RETRANSMIT]
[222552.63ms] RETRANSMIT seq=187 len=512 [RETRANSMIT]
[222552.63ms] RETRANSMIT seq=188 len=512 [RETRANSMIT]
[222552.64ms] RETRANSMIT seq=189 len=512 [RETRANSMIT]
[222552.64ms] RETRANSMIT seq=190 len=512 [RETRANSMIT]
[222554.60ms] DUP_ACK ack_num=183 count=1
[222654.94ms] DUP_ACK ack_num=183 count=2
[222755.20ms] DUP_ACK ack_num=183 count=3
[222852.85ms] TIMEOUT sendBase=183 nextSeq=191
[222852.93ms] RETRANSMIT seq=183 len=512 [RETRANSMIT]
[222852.94ms] RETRANSMIT seq=184 len=512 [RETRANSMIT]
[222852.94ms] RETRANSMIT seq=185 len=512 [RETRANSMIT]
[222852.95ms] RETRANSMIT seq=186 len=512 [RETRANSMIT]
[222852.95ms] RETRANSMIT seq=187 len=512 [RETRANSMIT]
[222852.96ms] RETRANSMIT seq=188 len=512 [RETRANSMIT]
[222852.96ms] RETRANSMIT seq=189 len=512 [RETRANSMIT]
[222852.96ms] RETRANSMIT seq=190 len=512 [RETRANSMIT]
[222855.50ms] DUP_ACK ack_num=183 count=1
[222955.79ms] DUP_ACK ack_num=183 count=2
[223056.00ms] DUP_ACK ack_num=183 count=3
[223153.20ms] TIMEOUT sendBase=183 nextSeq=191
[223153.27ms] RETRANSMIT seq=183 len=512 [RETRANSMIT]
[223153.27ms] RETRANSMIT seq=184 len=512 [RETRANSMIT]
[223153.28ms] RETRANSMIT seq=185 len=512 [RETRANSMIT]
[223153.28ms] RETRANSMIT seq=186 len=512 [RETRANSMIT]
[223153.28ms] RETRANSMIT seq=187 len=512 [RETRANSMIT]
[223153.29ms] RETRANSMIT seq=188 len=512 [RETRANSMIT]
[223153.29ms] RETRANSMIT seq=189 len=512 [RETRANSMIT]
[223153.30ms] RETRANSMIT seq=190 len=512 [RETRANSMIT]
[223156.56ms] DUP_ACK ack_num=183 count=1
[223256.83ms] DUP_ACK ack_num=183 count=2
[223357.00ms] DUP_ACK ack_num=183 count=3
[223453.59ms] TIMEOUT sendBase=183 nextSeq=191
[223453.69ms] RETRANSMIT seq=183 len=512 [RETRANSMIT]
[223453.70ms] RETRANSMIT seq=184 len=512 [RETRANSMIT]
[223453.71ms] RETRANSMIT seq=185 len=512 [RETRANSMIT]
[223453.72ms] RETRANSMIT seq=186 len=512 [RETRANSMIT]
[223453.72ms] RETRANSMIT seq=187 len=512 [RETRANSMIT]
[223453.73ms] RETRANSMIT seq=188 len=512 [RETRANSMIT]
[223453.73ms] RETRANSMIT seq=189 len=512 [RETRANSMIT]
[223453.73ms] RETRANSMIT seq=190 len=512 [RETRANSMIT]
[223457.22ms] DUP_ACK ack_num=183 count=1
[223557.61ms] DUP_ACK ack_num=183 count=2
[223657.77ms] DUP_ACK ack_num=183 count=3
[223753.98ms] TIMEOUT sendBase=183 nextSeq=191
[223754.04ms] RETRANSMIT seq=183 len=512 [RETRANSMIT]
[223754.04ms] RETRANSMIT seq=184 len=512 [RETRANSMIT]
[223754.05ms] RETRANSMIT seq=185 len=512 [RETRANSMIT]
[223754.05ms] RETRANSMIT seq=186 len=512 [RETRANSMIT]
[223754.05ms] RETRANSMIT seq=187 len=512 [RETRANSMIT]
[223754.06ms] RETRANSMIT seq=188 len=512 [RETRANSMIT]
[223754.06ms] RETRANSMIT seq=189 len=512 [RETRANSMIT]
[223754.07ms] RETRANSMIT seq=190 len=512 [RETRANSMIT]
[223758.14ms] DUP_ACK ack_num=183 count=1
[223858.52ms] DUP_ACK ack_num=183 count=2
[223958.74ms] DUP_ACK ack_num=183 count=3
[224054.40ms] TIMEOUT sendBase=183 nextSeq=191
[224054.47ms] RETRANSMIT seq=183 len=512 [RETRANSMIT]
[224054.47ms] RETRANSMIT seq=184 len=512 [RETRANSMIT]
[224054.48ms] RETRANSMIT seq=185 len=512 [RETRANSMIT]
[224054.48ms] RETRANSMIT seq=186 len=512 [RETRANSMIT]
[224054.49ms] RETRANSMIT seq=187 len=512 [RETRANSMIT]
[224054.49ms] RETRANSMIT seq=188 len=512 [RETRANSMIT]
[224054.50ms] RETRANSMIT seq=189 len=512 [RETRANSMIT]
[224054.51ms] RETRANSMIT seq=190 len=512 [RETRANSMIT]
[224059.03ms] DUP_ACK ack_num=183 count=1
[224159.38ms] ACK ack_num=184 cwnd=1.000000 ssthresh=16.000000
[224159.43ms] SEND seq=191 len=512
[224259.71ms] DUP_ACK ack_num=184 count=1
[224360.03ms] DUP_ACK ack_num=184 count=2
[224459.69ms] TIMEOUT sendBase=184 nextSeq=192
[224459.80ms] RETRANSMIT seq=184 len=512 [RETRANSMIT]
[224459.81ms] RETRANSMIT seq=185 len=512 [RETRANSMIT]
[224459.82ms] RETRANSMIT seq=186 len=512 [RETRANSMIT]
[224459.83ms] RETRANSMIT seq=187 len=512 [RETRANSMIT]
[224459.83ms] RETRANSMIT seq=188 len=512 [RETRANSMIT]
[224459.84ms] RETRANSMIT seq=189 len=512 [RETRANSMIT]
[224459.85ms] RETRANSMIT seq=190 len=512 [RETRANSMIT]
[224459.85ms] RETRANSMIT seq=191 len=512 [RETRANSMIT]
[224460.27ms] DUP_ACK ack_num=184 count=1
[224560.55ms] DUP_ACK ack_num=184 count=2
[224660.96ms] DUP_ACK ack_num=184 count=3
[224760.09ms] TIMEOUT sendBase=184 nextSeq=192
[224760.15ms] RETRANSMIT seq=184 len=512 [RETRANSMIT]
[224760.16ms] RETRANSMIT seq=185 len=512 [RETRANSMIT]
[224760.17ms] RETRANSMIT seq=186 len=512 [RETRANSMIT]
[224760.17ms] RETRANSMIT seq=187 len=512 [RETRANSMIT]
[224760.17ms] RETRANSMIT seq=188 len=512 [RETRANSMIT]
[224760.18ms] RETRANSMIT seq=189 len=512 [RETRANSMIT]
[224760.19ms] RETRANSMIT seq=190 len=512 [RETRANSMIT]
[224760.19ms] RETRANSMIT seq=191 len=512 [RETRANSMIT]
[224761.06ms] DUP_ACK ack_num=184 count=1
[224861.39ms] DUP_ACK ack_num=184 count=2
[224962.21ms] DUP_ACK ack_num=184 count=3
[225060.43ms] TIMEOUT sendBase=184 nextSeq=192
[225060.50ms] RETRANSMIT seq=184 len=512 [RETRANSMIT]
[225060.50ms] RETRANSMIT seq=185 len=512 [RETRANSMIT]
[225060.51ms] RETRANSMIT seq=186 len=512 [RETRANSMIT]
[225060.51ms] RETRANSMIT seq=187 len=512 [RETRANSMIT]
[225060.52ms] RETRANSMIT seq=188 len=512 [RETRANSMIT]
[225060.52ms] RETRANSMIT seq=189 len=512 [RETRANSMIT]
[225060.53ms] RETRANSMIT seq=190 len=512 [RETRANSMIT]
[225060.53ms] RETRANSMIT seq=191 len=512 [RETRANSMIT]
[225062.35ms] DUP_ACK ack_num=184 count=1
[225162.66ms] DUP_ACK ack_num=184 count=2
[225263.00ms] DUP_ACK ack_num=184 count=3
[225360.76ms] TIMEOUT sendBase=184 nextSeq=192
[225360.84ms] RETRANSMIT seq=184 len=512 [RETRANSMIT]
[225360.84ms] RETRANSMIT seq=185 len=512 [RETRANSMIT]
[225360.85ms] RETRANSMIT seq=186 len=512 [RETRANSMIT]
[225360.85ms] RETRANSMIT seq=187 len=512 [RETRANSMIT]
[225360.86ms] RETRANSMIT seq=188 len=512 [RETRANSMIT]
[225360.86ms] RETRANSMIT seq=189 len=512 [RETRANSMIT]
[225360.87ms] RETRANSMIT seq=190 len=512 [RETRANSMIT]
[225360.87ms] RETRANSMIT seq=191 len=512 [RETRANSMIT]
[225363.10ms] DUP_ACK ack_num=184 count=1
[225463.40ms] DUP_ACK ack_num=184 count=2
[225563.66ms] DUP_ACK ack_num=184 count=3
[225661.09ms] TIMEOUT sendBase=184 nextSeq=192
[225661.21ms] RETRANSMIT seq=184 len=512 [RETRANSMIT]
[225661.21ms] RETRANSMIT seq=185 len=512 [RETRANSMIT]
[225661.22ms] RETRANSMIT seq=186 len=512 [RETRANSMIT]
[225661.22ms] RETRANSMIT seq=187 len=512 [RETRANSMIT]
[225661.23ms] RETRANSMIT seq=188 len=512 [RETRANSMIT]
[225661.23ms] RETRANSMIT seq=189 len=512 [RETRANSMIT]
[225661.23ms] RETRANSMIT seq=190 len=512 [RETRANSMIT]
[225661.24ms] RETRANSMIT seq=191 len=512 [RETRANSMIT]
[225663.91ms] DUP_ACK ack_num=184 count=1
[225764.21ms] DUP_ACK ack_num=184 count=2
[225864.47ms] DUP_ACK ack_num=184 count=3
[225961.49ms] TIMEOUT sendBase=184 nextSeq=192
[225961.56ms] RETRANSMIT seq=184 len=512 [RETRANSMIT]
[225961.56ms] RETRANSMIT seq=185 len=512 [RETRANSMIT]
[225961.57ms] RETRANSMIT seq=186 len=512 [RETRANSMIT]
[225961.57ms] RETRANSMIT seq=187 len=512 [RETRANSMIT]
[225961.58ms] RETRANSMIT seq=188 len=512 [RETRANSMIT]
[225961.58ms] RETRANSMIT seq=189 len=512 [RETRANSMIT]
[225961.58ms] RETRANSMIT seq=190 len=512 [RETRANSMIT]
[225961.59ms] RETRANSMIT seq=191 len=512 [RETRANSMIT]
[225964.77ms] DUP_ACK ack_num=184 count=1
[226065.05ms] DUP_ACK ack_num=184 count=2
[226165.34ms] DUP_ACK ack_num=184 count=3
[226261.88ms] TIMEOUT sendBase=184 nextSeq=192
[226261.94ms] RETRANSMIT seq=184 len=512 [RETRANSMIT]
[226261.95ms] RETRANSMIT seq=185 len=512 [RETRANSMIT]
[226261.95ms] RETRANSMIT seq=186 len=512 [RETRANSMIT]
[226261.96ms] RETRANSMIT seq=187 len=512 [RETRANSMIT]
[226261.96ms] RETRANSMIT seq=188 len=512 [RETRANSMIT]
[226261.97ms] RETRANSMIT seq=189 len=512 [RETRANSMIT]
[226261.97ms] RETRANSMIT seq=190 len=512 [RETRANSMIT]
[226261.97ms] RETRANSMIT seq=191 len=512 [RETRANSMIT]
[226265.52ms] DUP_ACK ack_num=184 count=1
[226365.82ms] DUP_ACK ack_num=184 count=2
[226466.06ms] DUP_ACK ack_num=184 count=3
[226562.23ms] TIMEOUT sendBase=184 nextSeq=192
[226562.30ms] RETRANSMIT seq=184 len=512 [RETRANSMIT]
[226562.31ms] RETRANSMIT seq=185 len=512 [RETRANSMIT]
[226562.31ms] RETRANSMIT seq=186 len=512 [RETRANSMIT]
[226562.31ms] RETRANSMIT seq=187 len=512 [RETRANSMIT]
[226562.32ms] RETRANSMIT seq=188 len=512 [RETRANSMIT]
[226562.32ms] RETRANSMIT seq=189 len=512 [RETRANSMIT]
[226562.33ms] RETRANSMIT seq=190 len=512 [RETRANSMIT]
[226562.37ms] RETRANSMIT seq=191 len=512 [RETRANSMIT]
[226566.34ms] DUP_ACK ack_num=184 count=1
[226666.46ms] DUP_ACK ack_num=184 count=2
[226766.80ms] DUP_ACK ack_num=184 count=3
[226862.52ms] TIMEOUT sendBase=184 nextSeq=192
[226862.61ms] RETRANSMIT seq=184 len=512 [RETRANSMIT]
[226862.62ms] RETRANSMIT seq=185 len=512 [RETRANSMIT]
[226862.62ms] RETRANSMIT seq=186 len=512 [RETRANSMIT]
[226862.63ms] RETRANSMIT seq=187 len=512 [RETRANSMIT]
[226862.63ms] RETRANSMIT seq=188 len=512 [RETRANSMIT]
[226862.64ms] RETRANSMIT seq=189 len=512 [RETRANSMIT]
[226862.64ms] RETRANSMIT seq=190 len=512 [RETRANSMIT]
[226862.64ms] RETRANSMIT seq=191 len=512 [RETRANSMIT]
[226866.99ms] DUP_ACK ack_num=184 count=1
[226967.24ms] DUP_ACK ack_num=184 count=2
[227067.51ms] DUP_ACK ack_num=184 count=3
[227162.82ms] TIMEOUT sendBase=184 nextSeq=192
[227162.88ms] RETRANSMIT seq=184 len=512 [RETRANSMIT]
[227162.89ms] RETRANSMIT seq=185 len=512 [RETRANSMIT]
[227162.89ms] RETRANSMIT seq=186 len=512 [RETRANSMIT]
[227162.90ms] RETRANSMIT seq=187 len=512 [RETRANSMIT]
[227162.90ms] RETRANSMIT seq=188 len=512 [RETRANSMIT]
[227162.91ms] RETRANSMIT seq=189 len=512 [RETRANSMIT]
[227162.91ms] RETRANSMIT seq=190 len=512 [RETRANSMIT]
[227162.91ms] RETRANSMIT seq=191 len=512 [RETRANSMIT]
[227167.74ms] DUP_ACK ack_num=184 count=1
[227267.89ms] DUP_ACK ack_num=184 count=2
[227368.08ms] DUP_ACK ack_num=184 count=3
[227463.10ms] TIMEOUT sendBase=184 nextSeq=192
[227463.17ms] RETRANSMIT seq=184 len=512 [RETRANSMIT]
[227463.18ms] RETRANSMIT seq=185 len=512 [RETRANSMIT]
[227463.18ms] RETRANSMIT seq=186 len=512 [RETRANSMIT]
[227463.19ms] RETRANSMIT seq=187 len=512 [RETRANSMIT]
[227463.19ms] RETRANSMIT seq=188 len=512 [RETRANSMIT]
[227463.19ms] RETRANSMIT seq=189 len=512 [RETRANSMIT]
[227463.20ms] RETRANSMIT seq=190 len=512 [RETRANSMIT]
[227463.21ms] RETRANSMIT seq=191 len=512 [RETRANSMIT]
[227468.29ms] DUP_ACK ack_num=184 count=1
[227568.55ms] DUP_ACK ack_num=184 count=2
[227668.76ms] DUP_ACK ack_num=184 count=3
[227763.61ms] TIMEOUT sendBase=184 nextSeq=192
[227763.67ms] RETRANSMIT seq=184 len=512 [RETRANSMIT]
[227763.68ms] RETRANSMIT seq=185 len=512 [RETRANSMIT]
[227763.68ms] RETRANSMIT seq=186 len=512 [RETRANSMIT]
[227763.69ms] RETRANSMIT seq=187 len=512 [RETRANSMIT]
[227763.69ms] RETRANSMIT seq=188 len=512 [RETRANSMIT]
[227763.70ms] RETRANSMIT seq=189 len=512 [RETRANSMIT]
[227763.70ms] RETRANSMIT seq=190 len=512 [RETRANSMIT]
[227763.71ms] RETRANSMIT seq=191 len=512 [RETRANSMIT]
[227768.97ms] DUP_ACK ack_num=184 count=1
[227869.19ms] DUP_ACK ack_num=184 count=2
[227969.43ms] DUP_ACK ack_num=184 count=3
[228063.87ms] TIMEOUT sendBase=184 nextSeq=192
[228063.92ms] RETRANSMIT seq=184 len=512 [RETRANSMIT]
[228063.93ms] RETRANSMIT seq=185 len=512 [RETRANSMIT]
[228063.93ms] RETRANSMIT seq=186 len=512 [RETRANSMIT]
[228063.94ms] RETRANSMIT seq=187 len=512 [RETRANSMIT]
[228063.94ms] RETRANSMIT seq=188 len=512 [RETRANSMIT]
[228063.95ms] RETRANSMIT seq=189 len=512 [RETRANSMIT]
[228063.95ms] RETRANSMIT seq=190 len=512 [RETRANSMIT]
[228063.96ms] RETRANSMIT seq=191 len=512 [RETRANSMIT]
[228069.67ms] DUP_ACK ack_num=184 count=1
[228169.87ms] DUP_ACK ack_num=184 count=2
[228270.28ms] DUP_ACK ack_num=184 count=3
[228364.20ms] TIMEOUT sendBase=184 nextSeq=192
[228364.27ms] RETRANSMIT seq=184 len=512 [RETRANSMIT]
[228364.27ms] RETRANSMIT seq=185 len=512 [RETRANSMIT]
[228364.28ms] RETRANSMIT seq=186 len=512 [RETRANSMIT]
[228364.28ms] RETRANSMIT seq=187 len=512 [RETRANSMIT]
[228364.29ms] RETRANSMIT seq=188 len=512 [RETRANSMIT]
[228364.29ms] RETRANSMIT seq=189 len=512 [RETRANSMIT]
[228364.30ms] RETRANSMIT seq=190 len=512 [RETRANSMIT]
[228364.31ms] RETRANSMIT seq=191 len=512 [RETRANSMIT]
[228370.62ms] DUP_ACK ack_num=184 count=1
[228470.85ms] DUP_ACK ack_num=184 count=2
[228571.20ms] DUP_ACK ack_num=184 count=3
[228664.52ms] TIMEOUT sendBase=184 nextSeq=192
[228664.61ms] RETRANSMIT seq=184 len=512 [RETRANSMIT]
[228664.62ms] RETRANSMIT seq=185 len=512 [RETRANSMIT]
[228664.63ms] RETRANSMIT seq=186 len=512 [RETRANSMIT]
[228664.63ms] RETRANSMIT seq=187 len=512 [RETRANSMIT]
[228664.64ms] RETRANSMIT seq=188 len=512 [RETRANSMIT]
[228664.64ms] RETRANSMIT seq=189 len=512 [RETRANSMIT]
[228664.65ms] RETRANSMIT seq=190 len=512 [RETRANSMIT]
[228664.65ms] RETRANSMIT seq=191 len=512 [RETRANSMIT]
[228671.52ms] DUP_ACK ack_num=184 count=1
[228771.85ms] DUP_ACK ack_num=184 count=2
[228872.09ms] DUP_ACK ack_num=184 count=3
[228964.86ms] TIMEOUT sendBase=184 nextSeq=192
[228964.92ms] RETRANSMIT seq=184 len=512 [RETRANSMIT]
[228964.92ms] RETRANSMIT seq=185 len=512 [RETRANSMIT]
[228964.93ms] RETRANSMIT seq=186 len=512 [RETRANSMIT]
[228964.93ms] RETRANSMIT seq=187 len=512 [RETRANSMIT]
[228964.94ms] RETRANSMIT seq=188 len=512 [RETRANSMIT]
[228964.94ms] RETRANSMIT seq=189 len=512 [RETRANSMIT]
[228964.95ms] RETRANSMIT seq=190 len=512 [RETRANSMIT]
[228964.95ms] RETRANSMIT seq=191 len=512 [RETRANSMIT]
[228972.34ms] DUP_ACK ack_num=184 count=1
[229072.56ms] DUP_ACK ack_num=184 count=2
[229172.92ms] DUP_ACK ack_num=184 count=3
[229265.23ms] TIMEOUT sendBase=184 nextSeq=192
[229265.29ms] RETRANSMIT seq=184 len=512 [RETRANSMIT]
[229265.30ms] RETRANSMIT seq=185 len=512 [RETRANSMIT]
[229265.30ms] RETRANSMIT seq=186 len=512 [RETRANSMIT]
[229265.31ms] RETRANSMIT seq=187 len=512 [RETRANSMIT]
[229265.32ms] RETRANSMIT seq=188 len=512 [RETRANSMIT]
[229265.32ms] RETRANSMIT seq=189 len=512 [RETRANSMIT]
[229265.33ms] RETRANSMIT seq=190 len=512 [RETRANSMIT]
[229265.33ms] RETRANSMIT seq=191 len=512 [RETRANSMIT]
[229273.19ms] DUP_ACK ack_num=184 count=1
[229373.45ms] DUP_ACK ack_num=184 count=2
[229473.72ms] DUP_ACK ack_num=184 count=3
[229565.61ms] TIMEOUT sendBase=184 nextSeq=192
[229565.67ms] RETRANSMIT seq=184 len=512 [RETRANSMIT]
[229565.68ms] RETRANSMIT seq=185 len=512 [RETRANSMIT]
[229565.68ms] RETRANSMIT seq=186 len=512 [RETRANSMIT]
[229565.69ms] RETRANSMIT seq=187 len=512 [RETRANSMIT]
[229565.69ms] RETRANSMIT seq=188 len=512 [RETRANSMIT]
[229565.69ms] RETRANSMIT seq=189 len=512 [RETRANSMIT]
[229565.70ms] RETRANSMIT seq=190 len=512 [RETRANSMIT]
[229565.70ms] RETRANSMIT seq=191 len=512 [RETRANSMIT]
[229574.01ms] DUP_ACK ack_num=184 count=1
[229674.28ms] DUP_ACK ack_num=184 count=2
[229774.63ms] ACK ack_num=185 cwnd=1.000000 ssthresh=16.000000
[229774.66ms] SEND seq=192 len=512
[229874.85ms] ACK ack_num=186 cwnd=1.000000 ssthresh=16.000000
[229874.89ms] SEND seq=193 len=512
[229975.47ms] DUP_ACK ack_num=186 count=1
[230075.67ms] DUP_ACK ack_num=186 count=2
[230175.15ms] TIMEOUT sendBase=186 nextSeq=194
[230175.22ms] RETRANSMIT seq=186 len=512 [RETRANSMIT]
[230175.23ms] RETRANSMIT seq=187 len=512 [RETRANSMIT]
[230175.24ms] RETRANSMIT seq=188 len=512 [RETRANSMIT]
[230175.24ms] RETRANSMIT seq=189 len=512 [RETRANSMIT]
[230175.24ms] RETRANSMIT seq=190 len=512 [RETRANSMIT]
[230175.25ms] RETRANSMIT seq=191 len=512 [RETRANSMIT]
[230175.25ms] RETRANSMIT seq=192 len=512 [RETRANSMIT]
[230175.25ms] RETRANSMIT seq=193 len=512 [RETRANSMIT]
[230175.83ms] DUP_ACK ack_num=186 count=1
[230276.10ms] DUP_ACK ack_num=186 count=2
[230376.37ms] DUP_ACK ack_num=186 count=3
[230475.46ms] TIMEOUT sendBase=186 nextSeq=194
[230475.53ms] RETRANSMIT seq=186 len=512 [RETRANSMIT]
[230475.54ms] RETRANSMIT seq=187 len=512 [RETRANSMIT]
[230475.55ms] RETRANSMIT seq=188 len=512 [RETRANSMIT]
[230475.55ms] RETRANSMIT seq=189 len=512 [RETRANSMIT]
[230475.56ms] RETRANSMIT seq=190 len=512 [RETRANSMIT]
[230475.57ms] RETRANSMIT seq=191 len=512 [RETRANSMIT]
[230475.57ms] RETRANSMIT seq=192 len=512 [RETRANSMIT]
[230475.58ms] RETRANSMIT seq=193 len=512 [RETRANSMIT]
[230476.73ms] DUP_ACK ack_num=186 count=1
[230576.98ms] DUP_ACK ack_num=186 count=2
[230677.22ms] DUP_ACK ack_num=186 count=3
[230781.27ms] DUP_ACK ack_num=186 count=4
[230782.42ms] TIMEOUT sendBase=186 nextSeq=194
[230782.46ms] RETRANSMIT seq=186 len=512 [RETRANSMIT]
[230782.47ms] RETRANSMIT seq=187 len=512 [RETRANSMIT]
[230782.47ms] RETRANSMIT seq=188 len=512 [RETRANSMIT]
[230782.47ms] RETRANSMIT seq=189 len=512 [RETRANSMIT]
[230782.48ms] RETRANSMIT seq=190 len=512 [RETRANSMIT]
[230782.48ms] RETRANSMIT seq=191 len=512 [RETRANSMIT]
[230782.49ms] RETRANSMIT seq=192 len=512 [RETRANSMIT]
[230782.49ms] RETRANSMIT seq=193 len=512 [RETRANSMIT]
[230881.52ms] DUP_ACK ack_num=186 count=1
[230981.82ms] DUP_ACK ack_num=186 count=2
[231082.03ms] DUP_ACK ack_num=186 count=3
[231083.18ms] TIMEOUT sendBase=186 nextSeq=194
[231083.22ms] RETRANSMIT seq=186 len=512 [RETRANSMIT]
[231083.23ms] RETRANSMIT seq=187 len=512 [RETRANSMIT]
[231083.24ms] RETRANSMIT seq=188 len=512 [RETRANSMIT]
[231083.24ms] RETRANSMIT seq=189 len=512 [RETRANSMIT]
[231083.25ms] RETRANSMIT seq=190 len=512 [RETRANSMIT]
[231083.29ms] RETRANSMIT seq=191 len=512 [RETRANSMIT]
[231083.30ms] RETRANSMIT seq=192 len=512 [RETRANSMIT]
[231083.31ms] RETRANSMIT seq=193 len=512 [RETRANSMIT]
[231182.21ms] DUP_ACK ack_num=186 count=1
[231282.50ms] DUP_ACK ack_num=186 count=2
[231382.74ms] DUP_ACK ack_num=186 count=3
[231383.87ms] TIMEOUT sendBase=186 nextSeq=194
[231383.91ms] RETRANSMIT seq=186 len=512 [RETRANSMIT]
[231383.92ms] RETRANSMIT seq=187 len=512 [RETRANSMIT]
[231383.92ms] RETRANSMIT seq=188 len=512 [RETRANSMIT]
[231383.93ms] RETRANSMIT seq=189 len=512 [RETRANSMIT]
[231383.93ms] RETRANSMIT seq=190 len=512 [RETRANSMIT]
[231383.94ms] RETRANSMIT seq=191 len=512 [RETRANSMIT]
[231383.94ms] RETRANSMIT seq=192 len=512 [RETRANSMIT]
[231383.95ms] RETRANSMIT seq=193 len=512 [RETRANSMIT]
[231483.00ms] DUP_ACK ack_num=186 count=1
[231583.44ms] DUP_ACK ack_num=186 count=2
[231683.62ms] DUP_ACK ack_num=186 count=3
[231684.79ms] TIMEOUT sendBase=186 nextSeq=194
[231684.83ms] RETRANSMIT seq=186 len=512 [RETRANSMIT]
[231684.84ms] RETRANSMIT seq=187 len=512 [RETRANSMIT]
[231684.85ms] RETRANSMIT seq=188 len=512 [RETRANSMIT]
[231684.85ms] RETRANSMIT seq=189 len=512 [RETRANSMIT]
[231684.86ms] RETRANSMIT seq=190 len=512 [RETRANSMIT]
[231684.87ms] RETRANSMIT seq=191 len=512 [RETRANSMIT]
[231684.87ms] RETRANSMIT seq=192 len=512 [RETRANSMIT]
[231684.88ms] RETRANSMIT seq=193 len=512 [RETRANSMIT]
[231783.92ms] DUP_ACK ack_num=186 count=1
[231884.13ms] ACK ack_num=187 cwnd=1.000000 ssthresh=16.000000
[231884.18ms] SEND seq=194 len=512
[231984.60ms] DUP_ACK ack_num=187 count=1
[232084.88ms] DUP_ACK ack_num=187 count=2
[232184.44ms] TIMEOUT sendBase=187 nextSeq=195
[232184.51ms] RETRANSMIT seq=187 len=512 [RETRANSMIT]
[232184.52ms] RETRANSMIT seq=188 len=512 [RETRANSMIT]
[232184.52ms] RETRANSMIT seq=189 len=512 [RETRANSMIT]
[232184.53ms] RETRANSMIT seq=190 len=512 [RETRANSMIT]
[232184.54ms] RETRANSMIT seq=191 len=512 [RETRANSMIT]
[232184.55ms] RETRANSMIT seq=192 len=512 [RETRANSMIT]
[232184.55ms] RETRANSMIT seq=193 len=512 [RETRANSMIT]
[232184.56ms] RETRANSMIT seq=194 len=512 [RETRANSMIT]
[232185.37ms] DUP_ACK ack_num=187 count=1
[232285.87ms] DUP_ACK ack_num=187 count=2
[232386.04ms] DUP_ACK ack_num=187 count=3
[232484.77ms] TIMEOUT sendBase=187 nextSeq=195
[232484.82ms] RETRANSMIT seq=187 len=512 [RETRANSMIT]
[232484.83ms] RETRANSMIT seq=188 len=512 [RETRANSMIT]
[232484.84ms] RETRANSMIT seq=189 len=512 [RETRANSMIT]
[232484.84ms] RETRANSMIT seq=190 len=512 [RETRANSMIT]
[232484.85ms] RETRANSMIT seq=191 len=512 [RETRANSMIT]
[232484.85ms] RETRANSMIT seq=192 len=512 [RETRANSMIT]
[232484.85ms] RETRANSMIT seq=193 len=512 [RETRANSMIT]
[232484.86ms] RETRANSMIT seq=194 len=512 [RETRANSMIT]
[232486.24ms] DUP_ACK ack_num=187 count=1
[232586.49ms] DUP_ACK ack_num=187 count=2
[232686.78ms] DUP_ACK ack_num=187 count=3
[232785.10ms] TIMEOUT sendBase=187 nextSeq=195
[232785.27ms] RETRANSMIT seq=187 len=512 [RETRANSMIT]
[232785.28ms] RETRANSMIT seq=188 len=512 [RETRANSMIT]
[232785.28ms] RETRANSMIT seq=189 len=512 [RETRANSMIT]
[232785.29ms] RETRANSMIT seq=190 len=512 [RETRANSMIT]
[232785.30ms] RETRANSMIT seq=191 len=512 [RETRANSMIT]
[232785.30ms] RETRANSMIT seq=192 len=512 [RETRANSMIT]
[232785.31ms] RETRANSMIT seq=193 len=512 [RETRANSMIT]
[232785.32ms] RETRANSMIT seq=194 len=512 [RETRANSMIT]
[232787.19ms] ACK ack_num=188 cwnd=1.000000 ssthresh=16.000000
[232787.23ms] SEND seq=195 len=512
[232887.43ms] ACK ack_num=189 cwnd=1.000000 ssthresh=16.000000
[232887.47ms] SEND seq=196 len=512
[232987.68ms] DUP_ACK ack_num=189 count=1
[233088.04ms] DUP_ACK ack_num=189 count=2
[233187.65ms] TIMEOUT sendBase=189 nextSeq=197
[233187.73ms] RETRANSMIT seq=189 len=512 [RETRANSMIT]
[233187.74ms] RETRANSMIT seq=190 len=512 [RETRANSMIT]
[233187.74ms] RETRANSMIT seq=191 len=512 [RETRANSMIT]
[233187.75ms] RETRANSMIT seq=192 len=512 [RETRANSMIT]
[233187.76ms] RETRANSMIT seq=193 len=512 [RETRANSMIT]
[233187.76ms] RETRANSMIT seq=194 len=512 [RETRANSMIT]
[233187.77ms] RETRANSMIT seq=195 len=512 [RETRANSMIT]
[233187.78ms] RETRANSMIT seq=196 len=512 [RETRANSMIT]
[233188.38ms] DUP_ACK ack_num=189 count=1
[233288.59ms] DUP_ACK ack_num=189 count=2
[233388.90ms] DUP_ACK ack_num=189 count=3
[233488.04ms] TIMEOUT sendBase=189 nextSeq=197
[233488.15ms] RETRANSMIT seq=189 len=512 [RETRANSMIT]
[233488.16ms] RETRANSMIT seq=190 len=512 [RETRANSMIT]
[233488.17ms] RETRANSMIT seq=191 len=512 [RETRANSMIT]
[233488.20ms] RETRANSMIT seq=192 len=512 [RETRANSMIT]
[233488.21ms] RETRANSMIT seq=193 len=512 [RETRANSMIT]
[233488.22ms] RETRANSMIT seq=194 len=512 [RETRANSMIT]
[233488.22ms] RETRANSMIT seq=195 len=512 [RETRANSMIT]
[233488.23ms] RETRANSMIT seq=196 len=512 [RETRANSMIT]
[233489.17ms] DUP_ACK ack_num=189 count=1
[233589.35ms] ACK ack_num=190 cwnd=1.000000 ssthresh=16.000000
[233589.38ms] SEND seq=197 len=512
[233689.56ms] ACK ack_num=191 cwnd=1.000000 ssthresh=16.000000
[233689.60ms] SEND seq=198 len=512
[233789.71ms] DUP_ACK ack_num=191 count=1
[233889.96ms] DUP_ACK ack_num=191 count=2
[233989.74ms] TIMEOUT sendBase=191 nextSeq=199
[233989.81ms] RETRANSMIT seq=191 len=512 [RETRANSMIT]
[233989.82ms] RETRANSMIT seq=192 len=512 [RETRANSMIT]
[233989.83ms] RETRANSMIT seq=193 len=512 [RETRANSMIT]
[233989.83ms] RETRANSMIT seq=194 len=512 [RETRANSMIT]
[233989.84ms] RETRANSMIT seq=195 len=512 [RETRANSMIT]
[233989.84ms] RETRANSMIT seq=196 len=512 [RETRANSMIT]
[233989.85ms] RETRANSMIT seq=197 len=512 [RETRANSMIT]
[233989.85ms] RETRANSMIT seq=198 len=512 [RETRANSMIT]
[233990.14ms] DUP_ACK ack_num=191 count=1
[234090.43ms] DUP_ACK ack_num=191 count=2
[234190.74ms] DUP_ACK ack_num=191 count=3
[234290.04ms] TIMEOUT sendBase=191 nextSeq=199
[234290.09ms] RETRANSMIT seq=191 len=512 [RETRANSMIT]
[234290.10ms] RETRANSMIT seq=192 len=512 [RETRANSMIT]
[234290.10ms] RETRANSMIT seq=193 len=512 [RETRANSMIT]
[234290.11ms] RETRANSMIT seq=194 len=512 [RETRANSMIT]
[234290.11ms] RETRANSMIT seq=195 len=512 [RETRANSMIT]
[234290.11ms] RETRANSMIT seq=196 len=512 [RETRANSMIT]
[234290.12ms] RETRANSMIT seq=197 len=512 [RETRANSMIT]
[234290.12ms] RETRANSMIT seq=198 len=512 [RETRANSMIT]
[234290.91ms] DUP_ACK ack_num=191 count=1
[234391.09ms] DUP_ACK ack_num=191 count=2
[234491.35ms] DUP_ACK ack_num=191 count=3
[234590.29ms] TIMEOUT sendBase=191 nextSeq=199
[234590.35ms] RETRANSMIT seq=191 len=512 [RETRANSMIT]
[234590.36ms] RETRANSMIT seq=192 len=512 [RETRANSMIT]
[234590.37ms] RETRANSMIT seq=193 len=512 [RETRANSMIT]
[234590.37ms] RETRANSMIT seq=194 len=512 [RETRANSMIT]
[234590.38ms] RETRANSMIT seq=195 len=512 [RETRANSMIT]
[234590.38ms] RETRANSMIT seq=196 len=512 [RETRANSMIT]
[234590.38ms] RETRANSMIT seq=197 len=512 [RETRANSMIT]
[234590.39ms] RETRANSMIT seq=198 len=512 [RETRANSMIT]
[234591.57ms] DUP_ACK ack_num=191 count=1
[234692.04ms] DUP_ACK ack_num=191 count=2
[234792.31ms] DUP_ACK ack_num=191 count=3
[234890.62ms] TIMEOUT sendBase=191 nextSeq=199
[234890.68ms] RETRANSMIT seq=191 len=512 [RETRANSMIT]
[234890.68ms] RETRANSMIT seq=192 len=512 [RETRANSMIT]
[234890.69ms] RETRANSMIT seq=193 len=512 [RETRANSMIT]
[234890.70ms] RETRANSMIT seq=194 len=512 [RETRANSMIT]
[234890.73ms] RETRANSMIT seq=195 len=512 [RETRANSMIT]
[234890.73ms] RETRANSMIT seq=196 len=512 [RETRANSMIT]
[234890.74ms] RETRANSMIT seq=197 len=512 [RETRANSMIT]
[234890.74ms] RETRANSMIT seq=198 len=512 [RETRANSMIT]
[234892.55ms] DUP_ACK ack_num=191 count=1
[234992.81ms] DUP_ACK ack_num=191 count=2
[235093.21ms] DUP_ACK ack_num=191 count=3
[235191.01ms] TIMEOUT sendBase=191 nextSeq=199
[235191.07ms] RETRANSMIT seq=191 len=512 [RETRANSMIT]
[235191.08ms] RETRANSMIT seq=192 len=512 [RETRANSMIT]
[235191.08ms] RETRANSMIT seq=193 len=512 [RETRANSMIT]
[235191.09ms] RETRANSMIT seq=194 len=512 [RETRANSMIT]
[235191.09ms] RETRANSMIT seq=195 len=512 [RETRANSMIT]
[235191.10ms] RETRANSMIT seq=196 len=512 [RETRANSMIT]
[235191.14ms] RETRANSMIT seq=197 len=512 [RETRANSMIT]
[235191.14ms] RETRANSMIT seq=198 len=512 [RETRANSMIT]
[235193.32ms] DUP_ACK ack_num=191 count=1
[235293.55ms] DUP_ACK ack_num=191 count=2
[235393.77ms] DUP_ACK ack_num=191 count=3
[235491.39ms] TIMEOUT sendBase=191 nextSeq=199
[235491.45ms] RETRANSMIT seq=191 len=512 [RETRANSMIT]
[235491.45ms] RETRANSMIT seq=192 len=512 [RETRANSMIT]
[235491.46ms] RETRANSMIT seq=193 len=512 [RETRANSMIT]
[235491.46ms] RETRANSMIT seq=194 len=512 [RETRANSMIT]
[235491.47ms] RETRANSMIT seq=195 len=512 [RETRANSMIT]
[235491.47ms] RETRANSMIT seq=196 len=512 [RETRANSMIT]
[235491.48ms] RETRANSMIT seq=197 len=512 [RETRANSMIT]
[235491.48ms] RETRANSMIT seq=198 len=512 [RETRANSMIT]
[235493.95ms] DUP_ACK ack_num=191 count=1
[235594.21ms] ACK ack_num=192 cwnd=1.000000 ssthresh=16.000000
[235594.24ms] SEND seq=199 len=512
[235694.49ms] DUP_ACK ack_num=192 count=1
[235794.72ms] DUP_ACK ack_num=192 count=2
[235894.43ms] TIMEOUT sendBase=192 nextSeq=200
[235894.49ms] RETRANSMIT seq=192 len=512 [RETRANSMIT]
[235894.50ms] RETRANSMIT seq=193 len=512 [RETRANSMIT]
[235894.51ms] RETRANSMIT seq=194 len=512 [RETRANSMIT]
[235894.51ms] RETRANSMIT seq=195 len=512 [RETRANSMIT]
[235894.51ms] RETRANSMIT seq=196 len=512 [RETRANSMIT]
[235894.52ms] RETRANSMIT seq=197 len=512 [RETRANSMIT]
[235894.52ms] RETRANSMIT seq=198 len=512 [RETRANSMIT]
[235894.53ms] RETRANSMIT seq=199 len=512 [RETRANSMIT]
[235894.87ms] DUP_ACK ack_num=192 count=1
[235995.13ms] DUP_ACK ack_num=192 count=2
[236095.39ms] DUP_ACK ack_num=192 count=3
[236194.75ms] TIMEOUT sendBase=192 nextSeq=200
[236194.80ms] RETRANSMIT seq=192 len=512 [RETRANSMIT]
[236194.81ms] RETRANSMIT seq=193 len=512 [RETRANSMIT]
[236194.81ms] RETRANSMIT seq=194 len=512 [RETRANSMIT]
[236194.82ms] RETRANSMIT seq=195 len=512 [RETRANSMIT]
[236194.82ms] RETRANSMIT seq=196 len=512 [RETRANSMIT]
[236194.83ms] RETRANSMIT seq=197 len=512 [RETRANSMIT]
[236194.83ms] RETRANSMIT seq=198 len=512 [RETRANSMIT]
[236194.83ms] RETRANSMIT seq=199 len=512 [RETRANSMIT]
[236195.56ms] DUP_ACK ack_num=192 count=1
[236295.75ms] DUP_ACK ack_num=192 count=2
[236396.04ms] DUP_ACK ack_num=192 count=3
[236525.54ms] TIMEOUT sendBase=192 nextSeq=200
[236525.62ms] RETRANSMIT seq=192 len=512 [RETRANSMIT]
[236525.63ms] RETRANSMIT seq=193 len=512 [RETRANSMIT]
[236525.64ms] RETRANSMIT seq=194 len=512 [RETRANSMIT]
[236525.64ms] RETRANSMIT seq=195 len=512 [RETRANSMIT]
[236525.65ms] RETRANSMIT seq=196 len=512 [RETRANSMIT]
[236525.65ms] RETRANSMIT seq=197 len=512 [RETRANSMIT]
[236525.66ms] RETRANSMIT seq=198 len=512 [RETRANSMIT]
[236525.67ms] RETRANSMIT seq=199 len=512 [RETRANSMIT]
[236525.69ms] DUP_ACK ack_num=192 count=1
[236626.06ms] DUP_ACK ack_num=192 count=2
[236726.33ms] DUP_ACK ack_num=192 count=3
[236825.91ms] TIMEOUT sendBase=192 nextSeq=200
[236825.97ms] RETRANSMIT seq=192 len=512 [RETRANSMIT]
[236825.98ms] RETRANSMIT seq=193 len=512 [RETRANSMIT]
[236825.98ms] RETRANSMIT seq=194 len=512 [RETRANSMIT]
[236825.99ms] RETRANSMIT seq=195 len=512 [RETRANSMIT]
[236826.00ms] RETRANSMIT seq=196 len=512 [RETRANSMIT]
[236826.00ms] RETRANSMIT seq=197 len=512 [RETRANSMIT]
[236826.00ms] RETRANSMIT seq=198 len=512 [RETRANSMIT]
[236826.01ms] RETRANSMIT seq=199 len=512 [RETRANSMIT]
[236826.65ms] DUP_ACK ack_num=192 count=1
[236926.95ms] DUP_ACK ack_num=192 count=2
[237027.28ms] DUP_ACK ack_num=192 count=3
[237126.20ms] TIMEOUT sendBase=192 nextSeq=200
[237126.27ms] RETRANSMIT seq=192 len=512 [RETRANSMIT]
[237126.28ms] RETRANSMIT seq=193 len=512 [RETRANSMIT]
[237126.29ms] RETRANSMIT seq=194 len=512 [RETRANSMIT]
[237126.29ms] RETRANSMIT seq=195 len=512 [RETRANSMIT]
[237126.29ms] RETRANSMIT seq=196 len=512 [RETRANSMIT]
[237126.30ms] RETRANSMIT seq=197 len=512 [RETRANSMIT]
[237126.30ms] RETRANSMIT seq=198 len=512 [RETRANSMIT]
[237126.31ms] RETRANSMIT seq=199 len=512 [RETRANSMIT]
[237127.42ms] DUP_ACK ack_num=192 count=1
[237227.65ms] DUP_ACK ack_num=192 count=2
[237328.02ms] DUP_ACK ack_num=192 count=3
[237426.48ms] TIMEOUT sendBase=192 nextSeq=200
[237426.55ms] RETRANSMIT seq=192 len=512 [RETRANSMIT]
[237426.56ms] RETRANSMIT seq=193 len=512 [RETRANSMIT]
[237426.57ms] RETRANSMIT seq=194 len=512 [RETRANSMIT]
[237426.57ms] RETRANSMIT seq=195 len=512 [RETRANSMIT]
[237426.58ms] RETRANSMIT seq=196 len=512 [RETRANSMIT]
[237426.58ms] RETRANSMIT seq=197 len=512 [RETRANSMIT]
[237426.58ms] RETRANSMIT seq=198 len=512 [RETRANSMIT]
[237426.59ms] RETRANSMIT seq=199 len=512 [RETRANSMIT]
[237428.29ms] DUP_ACK ack_num=192 count=1
[237557.60ms] DUP_ACK ack_num=192 count=2
[237657.83ms] DUP_ACK ack_num=192 count=3
[237726.89ms] TIMEOUT sendBase=192 nextSeq=200
[237726.95ms] RETRANSMIT seq=192 len=512 [RETRANSMIT]
[237726.96ms] RETRANSMIT seq=193 len=512 [RETRANSMIT]
[237726.96ms] RETRANSMIT seq=194 len=512 [RETRANSMIT]
[237726.97ms] RETRANSMIT seq=195 len=512 [RETRANSMIT]
[237726.97ms] RETRANSMIT seq=196 len=512 [RETRANSMIT]
[237726.98ms] RETRANSMIT seq=197 len=512 [RETRANSMIT]
[237726.98ms] RETRANSMIT seq=198 len=512 [RETRANSMIT]
[237726.99ms] RETRANSMIT seq=199 len=512 [RETRANSMIT]
[237757.97ms] DUP_ACK ack_num=192 count=1
[237858.78ms] DUP_ACK ack_num=192 count=2
[237959.03ms] DUP_ACK ack_num=192 count=3
[238027.21ms] TIMEOUT sendBase=192 nextSeq=200
[238027.27ms] RETRANSMIT seq=192 len=512 [RETRANSMIT]
[238027.28ms] RETRANSMIT seq=193 len=512 [RETRANSMIT]
[238027.28ms] RETRANSMIT seq=194 len=512 [RETRANSMIT]
[238027.29ms] RETRANSMIT seq=195 len=512 [RETRANSMIT]
[238027.29ms] RETRANSMIT seq=196 len=512 [RETRANSMIT]
[238027.30ms] RETRANSMIT seq=197 len=512 [RETRANSMIT]
[238027.30ms] RETRANSMIT seq=198 len=512 [RETRANSMIT]
[238027.30ms] RETRANSMIT seq=199 len=512 [RETRANSMIT]
[238059.27ms] DUP_ACK ack_num=192 count=1
[238159.60ms] DUP_ACK ack_num=192 count=2
[238260.01ms] DUP_ACK ack_num=192 count=3
[238327.47ms] TIMEOUT sendBase=192 nextSeq=200
[238327.53ms] RETRANSMIT seq=192 len=512 [RETRANSMIT]
[238327.54ms] RETRANSMIT seq=193 len=512 [RETRANSMIT]
[238327.55ms] RETRANSMIT seq=194 len=512 [RETRANSMIT]
[238327.55ms] RETRANSMIT seq=195 len=512 [RETRANSMIT]
[238327.56ms] RETRANSMIT seq=196 len=512 [RETRANSMIT]
[238327.56ms] RETRANSMIT seq=197 len=512 [RETRANSMIT]
[238327.57ms] RETRANSMIT seq=198 len=512 [RETRANSMIT]
[238327.57ms] RETRANSMIT seq=199 len=512 [RETRANSMIT]
[238360.30ms] DUP_ACK ack_num=192 count=1
[238460.68ms] DUP_ACK ack_num=192 count=2
[238560.89ms] DUP_ACK ack_num=192 count=3
[238627.85ms] TIMEOUT sendBase=192 nextSeq=200
[238627.92ms] RETRANSMIT seq=192 len=512 [RETRANSMIT]
[238627.92ms] RETRANSMIT seq=193 len=512 [RETRANSMIT]
[238627.93ms] RETRANSMIT seq=194 len=512 [RETRANSMIT]
[238627.93ms] RETRANSMIT seq=195 len=512 [RETRANSMIT]
[238627.94ms] RETRANSMIT seq=196 len=512 [RETRANSMIT]
[238627.94ms] RETRANSMIT seq=197 len=512 [RETRANSMIT]
[238627.95ms] RETRANSMIT seq=198 len=512 [RETRANSMIT]
[238627.95ms] RETRANSMIT seq=199 len=512 [RETRANSMIT]
[238661.27ms] DUP_ACK ack_num=192 count=1
[238761.60ms] DUP_ACK ack_num=192 count=2
[238861.91ms] DUP_ACK ack_num=192 count=3
[238928.11ms] TIMEOUT sendBase=192 nextSeq=200
[238928.17ms] RETRANSMIT seq=192 len=512 [RETRANSMIT]
[238928.18ms] RETRANSMIT seq=193 len=512 [RETRANSMIT]
[238928.18ms] RETRANSMIT seq=194 len=512 [RETRANSMIT]
[238928.19ms] RETRANSMIT seq=195 len=512 [RETRANSMIT]
[238928.19ms] RETRANSMIT seq=196 len=512 [RETRANSMIT]
[238928.20ms] RETRANSMIT seq=197 len=512 [RETRANSMIT]
[238928.20ms] RETRANSMIT seq=198 len=512 [RETRANSMIT]
[238928.21ms] RETRANSMIT seq=199 len=512 [RETRANSMIT]
[238962.06ms] DUP_ACK ack_num=192 count=1
[239062.39ms] DUP_ACK ack_num=192 count=2
[239162.60ms] DUP_ACK ack_num=192 count=3
[239228.39ms] TIMEOUT sendBase=192 nextSeq=200
[239228.47ms] RETRANSMIT seq=192 len=512 [RETRANSMIT]
[239228.48ms] RETRANSMIT seq=193 len=512 [RETRANSMIT]
[239228.49ms] RETRANSMIT seq=194 len=512 [RETRANSMIT]
[239228.49ms] RETRANSMIT seq=195 len=512 [RETRANSMIT]
[239228.50ms] RETRANSMIT seq=196 len=512 [RETRANSMIT]
[239228.51ms] RETRANSMIT seq=197 len=512 [RETRANSMIT]
[239228.51ms] RETRANSMIT seq=198 len=512 [RETRANSMIT]
[239228.52ms] RETRANSMIT seq=199 len=512 [RETRANSMIT]
[239262.92ms] DUP_ACK ack_num=192 count=1
[239363.18ms] DUP_ACK ack_num=192 count=2
[239463.53ms] DUP_ACK ack_num=192 count=3
[239528.76ms] TIMEOUT sendBase=192 nextSeq=200
[239528.82ms] RETRANSMIT seq=192 len=512 [RETRANSMIT]
[239528.83ms] RETRANSMIT seq=193 len=512 [RETRANSMIT]
[239528.83ms] RETRANSMIT seq=194 len=512 [RETRANSMIT]
[239528.83ms] RETRANSMIT seq=195 len=512 [RETRANSMIT]
[239528.84ms] RETRANSMIT seq=196 len=512 [RETRANSMIT]
[239528.84ms] RETRANSMIT seq=197 len=512 [RETRANSMIT]
[239528.85ms] RETRANSMIT seq=198 len=512 [RETRANSMIT]
[239528.85ms] RETRANSMIT seq=199 len=512 [RETRANSMIT]
[239563.83ms] DUP_ACK ack_num=192 count=1
[239664.07ms] DUP_ACK ack_num=192 count=2
[239764.26ms] DUP_ACK ack_num=192 count=3
[239829.04ms] TIMEOUT sendBase=192 nextSeq=200
[239829.16ms] RETRANSMIT seq=192 len=512 [RETRANSMIT]
[239829.17ms] RETRANSMIT seq=193 len=512 [RETRANSMIT]
[239829.18ms] RETRANSMIT seq=194 len=512 [RETRANSMIT]
[239829.18ms] RETRANSMIT seq=195 len=512 [RETRANSMIT]
[239829.19ms] RETRANSMIT seq=196 len=512 [RETRANSMIT]
[239829.19ms] RETRANSMIT seq=197 len=512 [RETRANSMIT]
[239829.19ms] RETRANSMIT seq=198 len=512 [RETRANSMIT]
[239829.20ms] RETRANSMIT seq=199 len=512 [RETRANSMIT]
[239864.52ms] DUP_ACK ack_num=192 count=1
[239964.81ms] DUP_ACK ack_num=192 count=2
[240065.10ms] DUP_ACK ack_num=192 count=3
[240129.38ms] TIMEOUT sendBase=192 nextSeq=200
[240129.45ms] RETRANSMIT seq=192 len=512 [RETRANSMIT]
[240129.45ms] RETRANSMIT seq=193 len=512 [RETRANSMIT]
[240129.46ms] RETRANSMIT seq=194 len=512 [RETRANSMIT]
[240129.46ms] RETRANSMIT seq=195 len=512 [RETRANSMIT]
[240129.46ms] RETRANSMIT seq=196 len=512 [RETRANSMIT]
[240129.47ms] RETRANSMIT seq=197 len=512 [RETRANSMIT]
[240129.47ms] RETRANSMIT seq=198 len=512 [RETRANSMIT]
[240129.48ms] RETRANSMIT seq=199 len=512 [RETRANSMIT]
[240165.36ms] DUP_ACK ack_num=192 count=1
[240265.67ms] DUP_ACK ack_num=192 count=2
[240365.93ms] DUP_ACK ack_num=192 count=3
[240429.70ms] TIMEOUT sendBase=192 nextSeq=200
[240429.76ms] RETRANSMIT seq=192 len=512 [RETRANSMIT]
[240429.77ms] RETRANSMIT seq=193 len=512 [RETRANSMIT]
[240429.77ms] RETRANSMIT seq=194 len=512 [RETRANSMIT]
[240429.78ms] RETRANSMIT seq=195 len=512 [RETRANSMIT]
[240429.78ms] RETRANSMIT seq=196 len=512 [RETRANSMIT]
[240429.78ms] RETRANSMIT seq=197 len=512 [RETRANSMIT]
[240429.79ms] RETRANSMIT seq=198 len=512 [RETRANSMIT]
[240429.79ms] RETRANSMIT seq=199 len=512 [RETRANSMIT]
[240469.28ms] DUP_ACK ack_num=192 count=1
[240569.61ms] DUP_ACK ack_num=192 count=2
[240669.90ms] DUP_ACK ack_num=192 count=3
[240730.03ms] TIMEOUT sendBase=192 nextSeq=200
[240730.13ms] RETRANSMIT seq=192 len=512 [RETRANSMIT]
[240730.13ms] RETRANSMIT seq=193 len=512 [RETRANSMIT]
[240730.14ms] RETRANSMIT seq=194 len=512 [RETRANSMIT]
[240730.15ms] RETRANSMIT seq=195 len=512 [RETRANSMIT]
[240730.15ms] RETRANSMIT seq=196 len=512 [RETRANSMIT]
[240730.16ms] RETRANSMIT seq=197 len=512 [RETRANSMIT]
[240730.16ms] RETRANSMIT seq=198 len=512 [RETRANSMIT]
[240730.17ms] RETRANSMIT seq=199 len=512 [RETRANSMIT]
[240770.24ms] DUP_ACK ack_num=192 count=1
[240870.41ms] DUP_ACK ack_num=192 count=2
[240970.62ms] DUP_ACK ack_num=192 count=3
[241030.36ms] TIMEOUT sendBase=192 nextSeq=200
[241030.42ms] RETRANSMIT seq=192 len=512 [RETRANSMIT]
[241030.43ms] RETRANSMIT seq=193 len=512 [RETRANSMIT]
[241030.43ms] RETRANSMIT seq=194 len=512 [RETRANSMIT]
[241030.44ms] RETRANSMIT seq=195 len=512 [RETRANSMIT]
[241030.44ms] RETRANSMIT seq=196 len=512 [RETRANSMIT]
[241030.44ms] RETRANSMIT seq=197 len=512 [RETRANSMIT]
[241030.45ms] RETRANSMIT seq=198 len=512 [RETRANSMIT]
[241030.45ms] RETRANSMIT seq=199 len=512 [RETRANSMIT]
[241071.07ms] DUP_ACK ack_num=192 count=1
[241171.32ms] DUP_ACK ack_num=192 count=2
[241271.67ms] DUP_ACK ack_num=192 count=3
[241330.61ms] TIMEOUT sendBase=192 nextSeq=200
[241330.68ms] RETRANSMIT seq=192 len=512 [RETRANSMIT]
[241330.68ms] RETRANSMIT seq=193 len=512 [RETRANSMIT]
[241330.69ms] RETRANSMIT seq=194 len=512 [RETRANSMIT]
[241330.69ms] RETRANSMIT seq=195 len=512 [RETRANSMIT]
[241330.70ms] RETRANSMIT seq=196 len=512 [RETRANSMIT]
[241330.70ms] RETRANSMIT seq=197 len=512 [RETRANSMIT]
[241330.71ms] RETRANSMIT seq=198 len=512 [RETRANSMIT]
[241330.71ms] RETRANSMIT seq=199 len=512 [RETRANSMIT]
[241371.92ms] DUP_ACK ack_num=192 count=1
[241472.14ms] DUP_ACK ack_num=192 count=2
[241572.46ms] DUP_ACK ack_num=192 count=3
[241630.90ms] TIMEOUT sendBase=192 nextSeq=200
[241630.97ms] RETRANSMIT seq=192 len=512 [RETRANSMIT]
[241630.97ms] RETRANSMIT seq=193 len=512 [RETRANSMIT]
[241630.98ms] RETRANSMIT seq=194 len=512 [RETRANSMIT]
[241630.98ms] RETRANSMIT seq=195 len=512 [RETRANSMIT]
[241630.99ms] RETRANSMIT seq=196 len=512 [RETRANSMIT]
[241630.99ms] RETRANSMIT seq=197 len=512 [RETRANSMIT]
[241631.00ms] RETRANSMIT seq=198 len=512 [RETRANSMIT]
[241631.00ms] RETRANSMIT seq=199 len=512 [RETRANSMIT]
[241672.74ms] DUP_ACK ack_num=192 count=1
[241772.99ms] ACK ack_num=193 cwnd=1.000000 ssthresh=16.000000
[241773.03ms] SEND seq=200 len=512
[241873.20ms] DUP_ACK ack_num=193 count=1
[241973.60ms] DUP_ACK ack_num=193 count=2
[242073.26ms] TIMEOUT sendBase=193 nextSeq=201
[242073.33ms] RETRANSMIT seq=193 len=512 [RETRANSMIT]
[242073.33ms] RETRANSMIT seq=194 len=512 [RETRANSMIT]
[242073.34ms] RETRANSMIT seq=195 len=512 [RETRANSMIT]
[242073.35ms] RETRANSMIT seq=196 len=512 [RETRANSMIT]
[242073.35ms] RETRANSMIT seq=197 len=512 [RETRANSMIT]
[242073.36ms] RETRANSMIT seq=198 len=512 [RETRANSMIT]
[242073.36ms] RETRANSMIT seq=199 len=512 [RETRANSMIT]
[242073.37ms] RETRANSMIT seq=200 len=512 [RETRANSMIT]
[242073.81ms] DUP_ACK ack_num=193 count=1
[242174.11ms] DUP_ACK ack_num=193 count=2
[242274.50ms] DUP_ACK ack_num=193 count=3
[242389.10ms] DUP_ACK ack_num=193 count=4
[242390.34ms] TIMEOUT sendBase=193 nextSeq=201
[242390.39ms] RETRANSMIT seq=193 len=512 [RETRANSMIT]
[242390.43ms] RETRANSMIT seq=194 len=512 [RETRANSMIT]
[242390.44ms] RETRANSMIT seq=195 len=512 [RETRANSMIT]
[242390.45ms] RETRANSMIT seq=196 len=512 [RETRANSMIT]
[242390.45ms] RETRANSMIT seq=197 len=512 [RETRANSMIT]
[242390.46ms] RETRANSMIT seq=198 len=512 [RETRANSMIT]
[242390.46ms] RETRANSMIT seq=199 len=512 [RETRANSMIT]
[242390.47ms] RETRANSMIT seq=200 len=512 [RETRANSMIT]
[242474.87ms] DUP_ACK ack_num=193 count=1
[242575.08ms] ACK ack_num=194 cwnd=1.000000 ssthresh=16.000000
[242575.11ms] SEND seq=201 len=512
[242675.34ms] DUP_ACK ack_num=194 count=1
[242775.60ms] DUP_ACK ack_num=194 count=2
[242875.32ms] TIMEOUT sendBase=194 nextSeq=202
[242875.42ms] RETRANSMIT seq=194 len=512 [RETRANSMIT]
[242875.42ms] RETRANSMIT seq=195 len=512 [RETRANSMIT]
[242875.43ms] RETRANSMIT seq=196 len=512 [RETRANSMIT]
[242875.43ms] RETRANSMIT seq=197 len=512 [RETRANSMIT]
[242875.44ms] RETRANSMIT seq=198 len=512 [RETRANSMIT]
[242875.44ms] RETRANSMIT seq=199 len=512 [RETRANSMIT]
[242875.45ms] RETRANSMIT seq=200 len=512 [RETRANSMIT]
[242875.45ms] RETRANSMIT seq=201 len=512 [RETRANSMIT]
[242875.79ms] DUP_ACK ack_num=194 count=1
[242976.15ms] DUP_ACK ack_num=194 count=2
[243076.70ms] DUP_ACK ack_num=194 count=3
[243175.67ms] TIMEOUT sendBase=194 nextSeq=202
[243175.74ms] RETRANSMIT seq=194 len=512 [RETRANSMIT]
[243175.74ms] RETRANSMIT seq=195 len=512 [RETRANSMIT]
[243175.75ms] RETRANSMIT seq=196 len=512 [RETRANSMIT]
[243175.75ms] RETRANSMIT seq=197 len=512 [RETRANSMIT]
[243175.75ms] RETRANSMIT seq=198 len=512 [RETRANSMIT]
[243175.76ms] RETRANSMIT seq=199 len=512 [RETRANSMIT]
[243175.76ms] RETRANSMIT seq=200 len=512 [RETRANSMIT]
[243175.77ms] RETRANSMIT seq=201 len=512 [RETRANSMIT]
[243176.80ms] DUP_ACK ack_num=194 count=1
[243277.17ms] DUP_ACK ack_num=194 count=2
[243377.39ms] DUP_ACK ack_num=194 count=3
[243475.96ms] TIMEOUT sendBase=194 nextSeq=202
[243476.03ms] RETRANSMIT seq=194 len=512 [RETRANSMIT]
[243476.03ms] RETRANSMIT seq=195 len=512 [RETRANSMIT]
[243476.04ms] RETRANSMIT seq=196 len=512 [RETRANSMIT]
[243476.04ms] RETRANSMIT seq=197 len=512 [RETRANSMIT]
[243476.05ms] RETRANSMIT seq=198 len=512 [RETRANSMIT]
[243476.05ms] RETRANSMIT seq=199 len=512 [RETRANSMIT]
[243476.05ms] RETRANSMIT seq=200 len=512 [RETRANSMIT]
[243476.06ms] RETRANSMIT seq=201 len=512 [RETRANSMIT]
[243477.57ms] DUP_ACK ack_num=194 count=1
[243577.83ms] DUP_ACK ack_num=194 count=2
[243678.06ms] DUP_ACK ack_num=194 count=3
[243776.28ms] TIMEOUT sendBase=194 nextSeq=202
[243776.36ms] RETRANSMIT seq=194 len=512 [RETRANSMIT]
[243776.41ms] RETRANSMIT seq=195 len=512 [RETRANSMIT]
[243776.42ms] RETRANSMIT seq=196 len=512 [RETRANSMIT]
[243776.42ms] RETRANSMIT seq=197 len=512 [RETRANSMIT]
[243776.42ms] RETRANSMIT seq=198 len=512 [RETRANSMIT]
[243776.43ms] RETRANSMIT seq=199 len=512 [RETRANSMIT]
[243776.43ms] RETRANSMIT seq=200 len=512 [RETRANSMIT]
[243776.44ms] RETRANSMIT seq=201 len=512 [RETRANSMIT]
[243778.26ms] DUP_ACK ack_num=194 count=1
[243878.49ms] DUP_ACK ack_num=194 count=2
[243978.66ms] DUP_ACK ack_num=194 count=3
[244076.59ms] TIMEOUT sendBase=194 nextSeq=202
[244076.65ms] RETRANSMIT seq=194 len=512 [RETRANSMIT]
[244076.65ms] RETRANSMIT seq=195 len=512 [RETRANSMIT]
[244076.66ms] RETRANSMIT seq=196 len=512 [RETRANSMIT]
[244076.66ms] RETRANSMIT seq=197 len=512 [RETRANSMIT]
[244076.67ms] RETRANSMIT seq=198 len=512 [RETRANSMIT]
[244076.67ms] RETRANSMIT seq=199 len=512 [RETRANSMIT]
[244076.67ms] RETRANSMIT seq=200 len=512 [RETRANSMIT]
[244076.68ms] RETRANSMIT seq=201 len=512 [RETRANSMIT]
[244078.83ms] DUP_ACK ack_num=194 count=1
[244179.03ms] ACK ack_num=195 cwnd=1.000000 ssthresh=16.000000
[244179.06ms] SEND seq=202 len=512
[244279.24ms] DUP_ACK ack_num=195 count=1
[244379.47ms] DUP_ACK ack_num=195 count=2
[244479.27ms] TIMEOUT sendBase=195 nextSeq=203
[244479.34ms] RETRANSMIT seq=195 len=512 [RETRANSMIT]
[244479.35ms] RETRANSMIT seq=196 len=512 [RETRANSMIT]
[244479.36ms] RETRANSMIT seq=197 len=512 [RETRANSMIT]
[244479.36ms] RETRANSMIT seq=198 len=512 [RETRANSMIT]
[244479.36ms] RETRANSMIT seq=199 len=512 [RETRANSMIT]
[244479.37ms] RETRANSMIT seq=200 len=512 [RETRANSMIT]
[244479.37ms] RETRANSMIT seq=201 len=512 [RETRANSMIT]
[244479.38ms] RETRANSMIT seq=202 len=512 [RETRANSMIT]
[244479.68ms] DUP_ACK ack_num=195 count=1
[244579.97ms] DUP_ACK ack_num=195 count=2
[244680.19ms] DUP_ACK ack_num=195 count=3
[244779.58ms] TIMEOUT sendBase=195 nextSeq=203
[244779.65ms] RETRANSMIT seq=195 len=512 [RETRANSMIT]
[244779.65ms] RETRANSMIT seq=196 len=512 [RETRANSMIT]
[244779.66ms] RETRANSMIT seq=197 len=512 [RETRANSMIT]
[244779.66ms] RETRANSMIT seq=198 len=512 [RETRANSMIT]
[244779.67ms] RETRANSMIT seq=199 len=512 [RETRANSMIT]
[244779.67ms] RETRANSMIT seq=200 len=512 [RETRANSMIT]
[244779.67ms] RETRANSMIT seq=201 len=512 [RETRANSMIT]
[244779.68ms] RETRANSMIT seq=202 len=512 [RETRANSMIT]
[244780.39ms] DUP_ACK ack_num=195 count=1
[244880.70ms] DUP_ACK ack_num=195 count=2
[244980.91ms] DUP_ACK ack_num=195 count=3
[245079.85ms] TIMEOUT sendBase=195 nextSeq=203
[245079.91ms] RETRANSMIT seq=195 len=512 [RETRANSMIT]
[245079.92ms] RETRANSMIT seq=196 len=512 [RETRANSMIT]
[245079.92ms] RETRANSMIT seq=197 len=512 [RETRANSMIT]
[245079.93ms] RETRANSMIT seq=198 len=512 [RETRANSMIT]
[245079.93ms] RETRANSMIT seq=199 len=512 [RETRANSMIT]
[245079.93ms] RETRANSMIT seq=200 len=512 [RETRANSMIT]
[245079.94ms] RETRANSMIT seq=201 len=512 [RETRANSMIT]
[245079.94ms] RETRANSMIT seq=202 len=512 [RETRANSMIT]
[245081.17ms] DUP_ACK ack_num=195 count=1
[245181.38ms] DUP_ACK ack_num=195 count=2
[245281.72ms] ACK ack_num=196 cwnd=1.000000 ssthresh=16.000000
[245281.74ms] SEND seq=203 len=512
[245381.85ms] ACK ack_num=197 cwnd=1.000000 ssthresh=16.000000
[245381.89ms] SEND seq=204 len=512
[245482.02ms] DUP_ACK ack_num=197 count=1
[245582.26ms] DUP_ACK ack_num=197 count=2
[245682.06ms] TIMEOUT sendBase=197 nextSeq=205
[245682.12ms] RETRANSMIT seq=197 len=512 [RETRANSMIT]
[245682.13ms] RETRANSMIT seq=198 len=512 [RETRANSMIT]
[245682.13ms] RETRANSMIT seq=199 len=512 [RETRANSMIT]
[245682.14ms] RETRANSMIT seq=200 len=512 [RETRANSMIT]
[245682.14ms] RETRANSMIT seq=201 len=512 [RETRANSMIT]
[245682.18ms] RETRANSMIT seq=202 len=512 [RETRANSMIT]
[245682.19ms] RETRANSMIT seq=203 len=512 [RETRANSMIT]
[245682.20ms] RETRANSMIT seq=204 len=512 [RETRANSMIT]
[245682.42ms] DUP_ACK ack_num=197 count=1
[245782.62ms] DUP_ACK ack_num=197 count=2
[245882.81ms] ACK ack_num=198 cwnd=1.000000 ssthresh=16.000000
[245882.85ms] SEND seq=205 len=512
[246027.91ms] ACK ack_num=199 cwnd=1.000000 ssthresh=16.000000
[246028.01ms] SEND seq=206 len=512
[246128.18ms] DUP_ACK ack_num=199 count=1
[246228.38ms] DUP_ACK ack_num=199 count=2
[246328.18ms] TIMEOUT sendBase=199 nextSeq=207
[246328.23ms] RETRANSMIT seq=199 len=512 [RETRANSMIT]
[246328.24ms] RETRANSMIT seq=200 len=512 [RETRANSMIT]
[246328.25ms] RETRANSMIT seq=201 len=512 [RETRANSMIT]
[246328.25ms] RETRANSMIT seq=202 len=512 [RETRANSMIT]
[246328.26ms] RETRANSMIT seq=203 len=512 [RETRANSMIT]
[246328.26ms] RETRANSMIT seq=204 len=512 [RETRANSMIT]
[246328.26ms] RETRANSMIT seq=205 len=512 [RETRANSMIT]
[246328.27ms] RETRANSMIT seq=206 len=512 [RETRANSMIT]
[246328.57ms] DUP_ACK ack_num=199 count=1
[246428.81ms] DUP_ACK ack_num=199 count=2
[246529.01ms] DUP_ACK ack_num=199 count=3
[246628.48ms] TIMEOUT sendBase=199 nextSeq=207
[246628.54ms] RETRANSMIT seq=199 len=512 [RETRANSMIT]
[246628.55ms] RETRANSMIT seq=200 len=512 [RETRANSMIT]
[246628.56ms] RETRANSMIT seq=201 len=512 [RETRANSMIT]
[246628.58ms] RETRANSMIT seq=202 len=512 [RETRANSMIT]
[246628.58ms] RETRANSMIT seq=203 len=512 [RETRANSMIT]
[246628.59ms] RETRANSMIT seq=204 len=512 [RETRANSMIT]
[246628.60ms] RETRANSMIT seq=205 len=512 [RETRANSMIT]
[246628.60ms] RETRANSMIT seq=206 len=512 [RETRANSMIT]
[246629.22ms] DUP_ACK ack_num=199 count=1
[246729.47ms] DUP_ACK ack_num=199 count=2
[246829.71ms] DUP_ACK ack_num=199 count=3
[246928.82ms] TIMEOUT sendBase=199 nextSeq=207
[246928.88ms] RETRANSMIT seq=199 len=512 [RETRANSMIT]
[246928.89ms] RETRANSMIT seq=200 len=512 [RETRANSMIT]
[246928.90ms] RETRANSMIT seq=201 len=512 [RETRANSMIT]
[246928.91ms] RETRANSMIT seq=202 len=512 [RETRANSMIT]
[246928.91ms] RETRANSMIT seq=203 len=512 [RETRANSMIT]
[246928.91ms] RETRANSMIT seq=204 len=512 [RETRANSMIT]
[246928.92ms] RETRANSMIT seq=205 len=512 [RETRANSMIT]
[246928.93ms] RETRANSMIT seq=206 len=512 [RETRANSMIT]
[246929.89ms] DUP_ACK ack_num=199 count=1
[247030.22ms] DUP_ACK ack_num=199 count=2
[247130.38ms] DUP_ACK ack_num=199 count=3
[247229.15ms] TIMEOUT sendBase=199 nextSeq=207
[247229.22ms] RETRANSMIT seq=199 len=512 [RETRANSMIT]
[247229.22ms] RETRANSMIT seq=200 len=512 [RETRANSMIT]
[247229.23ms] RETRANSMIT seq=201 len=512 [RETRANSMIT]
[247229.23ms] RETRANSMIT seq=202 len=512 [RETRANSMIT]
[247229.24ms] RETRANSMIT seq=203 len=512 [RETRANSMIT]
[247229.24ms] RETRANSMIT seq=204 len=512 [RETRANSMIT]
[247229.24ms] RETRANSMIT seq=205 len=512 [RETRANSMIT]
[247229.25ms] RETRANSMIT seq=206 len=512 [RETRANSMIT]
[247230.72ms] DUP_ACK ack_num=199 count=1
[247331.12ms] DUP_ACK ack_num=199 count=2
[247431.48ms] DUP_ACK ack_num=199 count=3
[247529.48ms] TIMEOUT sendBase=199 nextSeq=207
[247529.55ms] RETRANSMIT seq=199 len=512 [RETRANSMIT]
[247529.56ms] RETRANSMIT seq=200 len=512 [RETRANSMIT]
[247529.56ms] RETRANSMIT seq=201 len=512 [RETRANSMIT]
[247529.56ms] RETRANSMIT seq=202 len=512 [RETRANSMIT]
[247529.57ms] RETRANSMIT seq=203 len=512 [RETRANSMIT]
[247529.57ms] RETRANSMIT seq=204 len=512 [RETRANSMIT]
[247529.58ms] RETRANSMIT seq=205 len=512 [RETRANSMIT]
[247529.59ms] RETRANSMIT seq=206 len=512 [RETRANSMIT]
[247531.62ms] DUP_ACK ack_num=199 count=1
[247631.96ms] DUP_ACK ack_num=199 count=2
[247732.32ms] DUP_ACK ack_num=199 count=3
[247829.85ms] TIMEOUT sendBase=199 nextSeq=207
[247829.94ms] RETRANSMIT seq=199 len=512 [RETRANSMIT]
[247829.95ms] RETRANSMIT seq=200 len=512 [RETRANSMIT]
[247829.96ms] RETRANSMIT seq=201 len=512 [RETRANSMIT]
[247829.96ms] RETRANSMIT seq=202 len=512 [RETRANSMIT]
[247829.96ms] RETRANSMIT seq=203 len=512 [RETRANSMIT]
[247829.97ms] RETRANSMIT seq=204 len=512 [RETRANSMIT]
[247829.97ms] RETRANSMIT seq=205 len=512 [RETRANSMIT]
[247829.98ms] RETRANSMIT seq=206 len=512 [RETRANSMIT]
[247832.48ms] DUP_ACK ack_num=199 count=1
[247932.73ms] DUP_ACK ack_num=199 count=2
[248033.10ms] ACK ack_num=200 cwnd=1.000000 ssthresh=16.000000
[248033.20ms] SEND seq=207 len=512
[248133.35ms] DUP_ACK ack_num=200 count=1
[248233.71ms] DUP_ACK ack_num=200 count=2
[248333.82ms] TIMEOUT sendBase=200 nextSeq=208
[248333.91ms] RETRANSMIT seq=200 len=512 [RETRANSMIT]
[248333.93ms] RETRANSMIT seq=201 len=512 [RETRANSMIT]
[248333.94ms] RETRANSMIT seq=202 len=512 [RETRANSMIT]
[248333.98ms] RETRANSMIT seq=203 len=512 [RETRANSMIT]
[248333.99ms] RETRANSMIT seq=204 len=512 [RETRANSMIT]
[248334.05ms] RETRANSMIT seq=205 len=512 [RETRANSMIT]
[248334.06ms] RETRANSMIT seq=206 len=512 [RETRANSMIT]
[248334.06ms] RETRANSMIT seq=207 len=512 [RETRANSMIT]
[248334.08ms] DUP_ACK ack_num=200 count=1
[248434.38ms] DUP_ACK ack_num=200 count=2
[248534.54ms] DUP_ACK ack_num=200 count=3
[248634.27ms] TIMEOUT sendBase=200 nextSeq=208
[248634.33ms] RETRANSMIT seq=200 len=512 [RETRANSMIT]
[248634.34ms] RETRANSMIT seq=201 len=512 [RETRANSMIT]
[248634.35ms] RETRANSMIT seq=202 len=512 [RETRANSMIT]
[248634.35ms] RETRANSMIT seq=203 len=512 [RETRANSMIT]
[248634.36ms] RETRANSMIT seq=204 len=512 [RETRANSMIT]
[248634.36ms] RETRANSMIT seq=205 len=512 [RETRANSMIT]
[248634.37ms] RETRANSMIT seq=206 len=512 [RETRANSMIT]
[248634.37ms] RETRANSMIT seq=207 len=512 [RETRANSMIT]
[248634.79ms] DUP_ACK ack_num=200 count=1
[248735.15ms] DUP_ACK ack_num=200 count=2
[248835.34ms] DUP_ACK ack_num=200 count=3
[248934.54ms] TIMEOUT sendBase=200 nextSeq=208
[248934.61ms] RETRANSMIT seq=200 len=512 [RETRANSMIT]
[248934.62ms] RETRANSMIT seq=201 len=512 [RETRANSMIT]
[248934.62ms] RETRANSMIT seq=202 len=512 [RETRANSMIT]
[248934.63ms] RETRANSMIT seq=203 len=512 [RETRANSMIT]
[248934.63ms] RETRANSMIT seq=204 len=512 [RETRANSMIT]
[248934.64ms] RETRANSMIT seq=205 len=512 [RETRANSMIT]
[248934.64ms] RETRANSMIT seq=206 len=512 [RETRANSMIT]
[248934.65ms] RETRANSMIT seq=207 len=512 [RETRANSMIT]
[248935.57ms] DUP_ACK ack_num=200 count=1
[249035.94ms] DUP_ACK ack_num=200 count=2
[249136.23ms] DUP_ACK ack_num=200 count=3
[249234.90ms] TIMEOUT sendBase=200 nextSeq=208
[249234.97ms] RETRANSMIT seq=200 len=512 [RETRANSMIT]
[249234.98ms] RETRANSMIT seq=201 len=512 [RETRANSMIT]
[249234.98ms] RETRANSMIT seq=202 len=512 [RETRANSMIT]
[249234.99ms] RETRANSMIT seq=203 len=512 [RETRANSMIT]
[249234.99ms] RETRANSMIT seq=204 len=512 [RETRANSMIT]
[249234.99ms] RETRANSMIT seq=205 len=512 [RETRANSMIT]
[249235.00ms] RETRANSMIT seq=206 len=512 [RETRANSMIT]
[249235.00ms] RETRANSMIT seq=207 len=512 [RETRANSMIT]
[249236.47ms] DUP_ACK ack_num=200 count=1
[249336.77ms] DUP_ACK ack_num=200 count=2
[249437.06ms] DUP_ACK ack_num=200 count=3
[249535.23ms] TIMEOUT sendBase=200 nextSeq=208
[249535.30ms] RETRANSMIT seq=200 len=512 [RETRANSMIT]
[249535.30ms] RETRANSMIT seq=201 len=512 [RETRANSMIT]
[249535.31ms] RETRANSMIT seq=202 len=512 [RETRANSMIT]
[249535.31ms] RETRANSMIT seq=203 len=512 [RETRANSMIT]
[249535.32ms] RETRANSMIT seq=204 len=512 [RETRANSMIT]
[249535.32ms] RETRANSMIT seq=205 len=512 [RETRANSMIT]
[249535.33ms] RETRANSMIT seq=206 len=512 [RETRANSMIT]
[249535.33ms] RETRANSMIT seq=207 len=512 [RETRANSMIT]
[249537.27ms] DUP_ACK ack_num=200 count=1
[249637.65ms] DUP_ACK ack_num=200 count=2
[249737.93ms] DUP_ACK ack_num=200 count=3
[249835.61ms] TIMEOUT sendBase=200 nextSeq=208
[249835.67ms] RETRANSMIT seq=200 len=512 [RETRANSMIT]
[249835.68ms] RETRANSMIT seq=201 len=512 [RETRANSMIT]
[249835.68ms] RETRANSMIT seq=202 len=512 [RETRANSMIT]
[249835.69ms] RETRANSMIT seq=203 len=512 [RETRANSMIT]
[249835.69ms] RETRANSMIT seq=204 len=512 [RETRANSMIT]
[249835.70ms] RETRANSMIT seq=205 len=512 [RETRANSMIT]
[249835.70ms] RETRANSMIT seq=206 len=512 [RETRANSMIT]
[249835.70ms] RETRANSMIT seq=207 len=512 [RETRANSMIT]
[249838.19ms] DUP_ACK ack_num=200 count=1
[249938.52ms] DUP_ACK ack_num=200 count=2
[250070.60ms] DUP_ACK ack_num=200 count=3
[250135.91ms] TIMEOUT sendBase=200 nextSeq=208
[250135.98ms] RETRANSMIT seq=200 len=512 [RETRANSMIT]
[250135.98ms] RETRANSMIT seq=201 len=512 [RETRANSMIT]
[250135.99ms] RETRANSMIT seq=202 len=512 [RETRANSMIT]
[250135.99ms] RETRANSMIT seq=203 len=512 [RETRANSMIT]
[250136.00ms] RETRANSMIT seq=204 len=512 [RETRANSMIT]
[250136.00ms] RETRANSMIT seq=205 len=512 [RETRANSMIT]
[250136.00ms] RETRANSMIT seq=206 len=512 [RETRANSMIT]
[250136.01ms] RETRANSMIT seq=207 len=512 [RETRANSMIT]
[250139.07ms] DUP_ACK ack_num=200 count=1
[250239.35ms] DUP_ACK ack_num=200 count=2
[250339.59ms] DUP_ACK ack_num=200 count=3
[250436.26ms] TIMEOUT sendBase=200 nextSeq=208
[250436.33ms] RETRANSMIT seq=200 len=512 [RETRANSMIT]
[250436.34ms] RETRANSMIT seq=201 len=512 [RETRANSMIT]
[250436.35ms] RETRANSMIT seq=202 len=512 [RETRANSMIT]
[250436.35ms] RETRANSMIT seq=203 len=512 [RETRANSMIT]
[250436.36ms] RETRANSMIT seq=204 len=512 [RETRANSMIT]
[250436.36ms] RETRANSMIT seq=205 len=512 [RETRANSMIT]
[250436.37ms] RETRANSMIT seq=206 len=512 [RETRANSMIT]
[250436.37ms] RETRANSMIT seq=207 len=512 [RETRANSMIT]
[250440.01ms] DUP_ACK ack_num=200 count=1
[250540.39ms] DUP_ACK ack_num=200 count=2
[250640.56ms] DUP_ACK ack_num=200 count=3
[250736.59ms] TIMEOUT sendBase=200 nextSeq=208
[250736.65ms] RETRANSMIT seq=200 len=512 [RETRANSMIT]
[250736.66ms] RETRANSMIT seq=201 len=512 [RETRANSMIT]
[250736.66ms] RETRANSMIT seq=202 len=512 [RETRANSMIT]
[250736.67ms] RETRANSMIT seq=203 len=512 [RETRANSMIT]
[250736.67ms] RETRANSMIT seq=204 len=512 [RETRANSMIT]
[250736.67ms] RETRANSMIT seq=205 len=512 [RETRANSMIT]
[250736.68ms] RETRANSMIT seq=206 len=512 [RETRANSMIT]
[250736.68ms] RETRANSMIT seq=207 len=512 [RETRANSMIT]
[250740.79ms] DUP_ACK ack_num=200 count=1
[250841.01ms] DUP_ACK ack_num=200 count=2
[250941.34ms] DUP_ACK ack_num=200 count=3
[251036.92ms] TIMEOUT sendBase=200 nextSeq=208
[251036.99ms] RETRANSMIT seq=200 len=512 [RETRANSMIT]
[251037.00ms] RETRANSMIT seq=201 len=512 [RETRANSMIT]
[251037.01ms] RETRANSMIT seq=202 len=512 [RETRANSMIT]
[251037.02ms] RETRANSMIT seq=203 len=512 [RETRANSMIT]
[251037.02ms] RETRANSMIT seq=204 len=512 [RETRANSMIT]
[251037.03ms] RETRANSMIT seq=205 len=512 [RETRANSMIT]
[251037.03ms] RETRANSMIT seq=206 len=512 [RETRANSMIT]
[251037.04ms] RETRANSMIT seq=207 len=512 [RETRANSMIT]
[251041.53ms] DUP_ACK ack_num=200 count=1
[251141.79ms] DUP_ACK ack_num=200 count=2
[251242.16ms] DUP_ACK ack_num=200 count=3
[251337.24ms] TIMEOUT sendBase=200 nextSeq=208
[251337.31ms] RETRANSMIT seq=200 len=512 [RETRANSMIT]
[251337.32ms] RETRANSMIT seq=201 len=512 [RETRANSMIT]
[251337.33ms] RETRANSMIT seq=202 len=512 [RETRANSMIT]
[251337.33ms] RETRANSMIT seq=203 len=512 [RETRANSMIT]
[251337.34ms] RETRANSMIT seq=204 len=512 [RETRANSMIT]
[251337.35ms] RETRANSMIT seq=205 len=512 [RETRANSMIT]
[251337.35ms] RETRANSMIT seq=206 len=512 [RETRANSMIT]
[251337.36ms] RETRANSMIT seq=207 len=512 [RETRANSMIT]
[251342.30ms] DUP_ACK ack_num=200 count=1
[251442.58ms] DUP_ACK ack_num=200 count=2
[251542.82ms] DUP_ACK ack_num=200 count=3
[251637.58ms] TIMEOUT sendBase=200 nextSeq=208
[251637.64ms] RETRANSMIT seq=200 len=512 [RETRANSMIT]
[251637.65ms] RETRANSMIT seq=201 len=512 [RETRANSMIT]
[251637.65ms] RETRANSMIT seq=202 len=512 [RETRANSMIT]
[251637.66ms] RETRANSMIT seq=203 len=512 [RETRANSMIT]
[251637.67ms] RETRANSMIT seq=204 len=512 [RETRANSMIT]
[251637.67ms] RETRANSMIT seq=205 len=512 [RETRANSMIT]
[251637.68ms] RETRANSMIT seq=206 len=512 [RETRANSMIT]
[251637.68ms] RETRANSMIT seq=207 len=512 [RETRANSMIT]
[251643.05ms] DUP_ACK ack_num=200 count=1
[251743.34ms] DUP_ACK ack_num=200 count=2
[251843.66ms] DUP_ACK ack_num=200 count=3
[251937.92ms] TIMEOUT sendBase=200 nextSeq=208
[251937.99ms] RETRANSMIT seq=200 len=512 [RETRANSMIT]
[251937.99ms] RETRANSMIT seq=201 len=512 [RETRANSMIT]
[251938.00ms] RETRANSMIT seq=202 len=512 [RETRANSMIT]
[251938.00ms] RETRANSMIT seq=203 len=512 [RETRANSMIT]
[251938.01ms] RETRANSMIT seq=204 len=512 [RETRANSMIT]
[251938.01ms] RETRANSMIT seq=205 len=512 [RETRANSMIT]
[251938.02ms] RETRANSMIT seq=206 len=512 [RETRANSMIT]
[251938.02ms] RETRANSMIT seq=207 len=512 [RETRANSMIT]
[251943.95ms] DUP_ACK ack_num=200 count=1
[252044.23ms] DUP_ACK ack_num=200 count=2
[252144.49ms] DUP_ACK ack_num=200 count=3
[252238.22ms] TIMEOUT sendBase=200 nextSeq=208
[252238.29ms] RETRANSMIT seq=200 len=512 [RETRANSMIT]
[252238.29ms] RETRANSMIT seq=201 len=512 [RETRANSMIT]
[252238.30ms] RETRANSMIT seq=202 len=512 [RETRANSMIT]
[252238.30ms] RETRANSMIT seq=203 len=512 [RETRANSMIT]
[252238.31ms] RETRANSMIT seq=204 len=512 [RETRANSMIT]
[252238.31ms] RETRANSMIT seq=205 len=512 [RETRANSMIT]
[252238.32ms] RETRANSMIT seq=206 len=512 [RETRANSMIT]
[252238.32ms] RETRANSMIT seq=207 len=512 [RETRANSMIT]
[252244.70ms] DUP_ACK ack_num=200 count=1
[252344.93ms] ACK ack_num=201 cwnd=1.000000 ssthresh=16.000000
[252344.96ms] SEND seq=208 len=512
[252445.21ms] DUP_ACK ack_num=201 count=1
[252545.49ms] DUP_ACK ack_num=201 count=2
[252645.19ms] TIMEOUT sendBase=201 nextSeq=209
[252645.26ms] RETRANSMIT seq=201 len=512 [RETRANSMIT]
[252645.26ms] RETRANSMIT seq=202 len=512 [RETRANSMIT]
[252645.28ms] RETRANSMIT seq=203 len=512 [RETRANSMIT]
[252645.28ms] RETRANSMIT seq=204 len=512 [RETRANSMIT]
[252645.29ms] RETRANSMIT seq=205 len=512 [RETRANSMIT]
[252645.29ms] RETRANSMIT seq=206 len=512 [RETRANSMIT]
[252645.29ms] RETRANSMIT seq=207 len=512 [RETRANSMIT]
[252645.30ms] RETRANSMIT seq=208 len=512 [RETRANSMIT]
[252645.67ms] DUP_ACK ack_num=201 count=1
[252746.14ms] DUP_ACK ack_num=201 count=2
[252846.39ms] DUP_ACK ack_num=201 count=3
[252945.49ms] TIMEOUT sendBase=201 nextSeq=209
[252945.55ms] RETRANSMIT seq=201 len=512 [RETRANSMIT]
[252945.56ms] RETRANSMIT seq=202 len=512 [RETRANSMIT]
[252945.56ms] RETRANSMIT seq=203 len=512 [RETRANSMIT]
[252945.57ms] RETRANSMIT seq=204 len=512 [RETRANSMIT]
[252945.57ms] RETRANSMIT seq=205 len=512 [RETRANSMIT]
[252945.57ms] RETRANSMIT seq=206 len=512 [RETRANSMIT]
[252945.58ms] RETRANSMIT seq=207 len=512 [RETRANSMIT]
[252945.58ms] RETRANSMIT seq=208 len=512 [RETRANSMIT]
[252946.58ms] DUP_ACK ack_num=201 count=1
[253046.89ms] DUP_ACK ack_num=201 count=2
[253147.11ms] DUP_ACK ack_num=201 count=3
[253245.79ms] TIMEOUT sendBase=201 nextSeq=209
[253245.88ms] RETRANSMIT seq=201 len=512 [RETRANSMIT]
[253245.88ms] RETRANSMIT seq=202 len=512 [RETRANSMIT]
[253245.91ms] RETRANSMIT seq=203 len=512 [RETRANSMIT]
[253245.92ms] RETRANSMIT seq=204 len=512 [RETRANSMIT]
[253245.92ms] RETRANSMIT seq=205 len=512 [RETRANSMIT]
[253245.92ms] RETRANSMIT seq=206 len=512 [RETRANSMIT]
[253245.93ms] RETRANSMIT seq=207 len=512 [RETRANSMIT]
[253245.93ms] RETRANSMIT seq=208 len=512 [RETRANSMIT]
[253247.39ms] DUP_ACK ack_num=201 count=1
[253347.68ms] DUP_ACK ack_num=201 count=2
[253447.91ms] DUP_ACK ack_num=201 count=3
[253546.12ms] TIMEOUT sendBase=201 nextSeq=209
[253546.18ms] RETRANSMIT seq=201 len=512 [RETRANSMIT]
[253546.18ms] RETRANSMIT seq=202 len=512 [RETRANSMIT]
[253546.20ms] RETRANSMIT seq=203 len=512 [RETRANSMIT]
[253546.20ms] RETRANSMIT seq=204 len=512 [RETRANSMIT]
[253546.20ms] RETRANSMIT seq=205 len=512 [RETRANSMIT]
[253546.21ms] RETRANSMIT seq=206 len=512 [RETRANSMIT]
[253546.21ms] RETRANSMIT seq=207 len=512 [RETRANSMIT]
[253546.22ms] RETRANSMIT seq=208 len=512 [RETRANSMIT]
[253548.14ms] DUP_ACK ack_num=201 count=1
[253648.27ms] DUP_ACK ack_num=201 count=2
[253748.46ms] ACK ack_num=202 cwnd=1.000000 ssthresh=16.000000
[253748.49ms] SEND seq=209 len=512
[253848.70ms] DUP_ACK ack_num=202 count=1
[253948.89ms] DUP_ACK ack_num=202 count=2
[254048.67ms] TIMEOUT sendBase=202 nextSeq=210
[254048.73ms] RETRANSMIT seq=202 len=512 [RETRANSMIT]
[254048.74ms] RETRANSMIT seq=203 len=512 [RETRANSMIT]
[254048.75ms] RETRANSMIT seq=204 len=512 [RETRANSMIT]
[254048.75ms] RETRANSMIT seq=205 len=512 [RETRANSMIT]
[254048.75ms] RETRANSMIT seq=206 len=512 [RETRANSMIT]
[254048.76ms] RETRANSMIT seq=207 len=512 [RETRANSMIT]
[254048.76ms] RETRANSMIT seq=208 len=512 [RETRANSMIT]
[254048.77ms] RETRANSMIT seq=209 len=512 [RETRANSMIT]
[254049.19ms] DUP_ACK ack_num=202 count=1
[254149.34ms] DUP_ACK ack_num=202 count=2
[254249.57ms] DUP_ACK ack_num=202 count=3
[254349.03ms] TIMEOUT sendBase=202 nextSeq=210
[254349.10ms] RETRANSMIT seq=202 len=512 [RETRANSMIT]
[254349.11ms] RETRANSMIT seq=203 len=512 [RETRANSMIT]
[254349.18ms] RETRANSMIT seq=204 len=512 [RETRANSMIT]
[254349.19ms] RETRANSMIT seq=205 len=512 [RETRANSMIT]
[254349.20ms] RETRANSMIT seq=206 len=512 [RETRANSMIT]
[254349.20ms] RETRANSMIT seq=207 len=512 [RETRANSMIT]
[254349.21ms] RETRANSMIT seq=208 len=512 [RETRANSMIT]
[254349.21ms] RETRANSMIT seq=209 len=512 [RETRANSMIT]
[254349.72ms] DUP_ACK ack_num=202 count=1
[254449.98ms] DUP_ACK ack_num=202 count=2
[254550.21ms] DUP_ACK ack_num=202 count=3
[254649.40ms] TIMEOUT sendBase=202 nextSeq=210
[254649.48ms] RETRANSMIT seq=202 len=512 [RETRANSMIT]
[254649.49ms] RETRANSMIT seq=203 len=512 [RETRANSMIT]
[254649.50ms] RETRANSMIT seq=204 len=512 [RETRANSMIT]
[254649.50ms] RETRANSMIT seq=205 len=512 [RETRANSMIT]
[254649.51ms] RETRANSMIT seq=206 len=512 [RETRANSMIT]
[254649.51ms] RETRANSMIT seq=207 len=512 [RETRANSMIT]
[254649.52ms] RETRANSMIT seq=208 len=512 [RETRANSMIT]
[254649.52ms] RETRANSMIT seq=209 len=512 [RETRANSMIT]
[254650.39ms] DUP_ACK ack_num=202 count=1
[254750.68ms] DUP_ACK ack_num=202 count=2
[254850.90ms] DUP_ACK ack_num=202 count=3
[254949.71ms] TIMEOUT sendBase=202 nextSeq=210
[254949.77ms] RETRANSMIT seq=202 len=512 [RETRANSMIT]
[254949.77ms] RETRANSMIT seq=203 len=512 [RETRANSMIT]
[254949.78ms] RETRANSMIT seq=204 len=512 [RETRANSMIT]
[254949.78ms] RETRANSMIT seq=205 len=512 [RETRANSMIT]
[254949.79ms] RETRANSMIT seq=206 len=512 [RETRANSMIT]
[254949.79ms] RETRANSMIT seq=207 len=512 [RETRANSMIT]
[254949.80ms] RETRANSMIT seq=208 len=512 [RETRANSMIT]
[254949.80ms] RETRANSMIT seq=209 len=512 [RETRANSMIT]
[254951.04ms] DUP_ACK ack_num=202 count=1
[255051.26ms] DUP_ACK ack_num=202 count=2
[255151.53ms] ACK ack_num=203 cwnd=1.000000 ssthresh=16.000000
[255151.57ms] SEND seq=210 len=512
[255251.79ms] ACK ack_num=204 cwnd=1.000000 ssthresh=16.000000
[255251.82ms] SEND seq=211 len=512
[255351.97ms] ACK ack_num=205 cwnd=1.000000 ssthresh=16.000000
[255352.00ms] SEND seq=212 len=512
[255452.20ms] DUP_ACK ack_num=205 count=1
[255552.50ms] DUP_ACK ack_num=205 count=2
[255652.17ms] TIMEOUT sendBase=205 nextSeq=213
[255652.23ms] RETRANSMIT seq=205 len=512 [RETRANSMIT]
[255652.24ms] RETRANSMIT seq=206 len=512 [RETRANSMIT]
[255652.25ms] RETRANSMIT seq=207 len=512 [RETRANSMIT]
[255652.25ms] RETRANSMIT seq=208 len=512 [RETRANSMIT]
[255652.26ms] RETRANSMIT seq=209 len=512 [RETRANSMIT]
[255652.26ms] RETRANSMIT seq=210 len=512 [RETRANSMIT]
[255652.27ms] RETRANSMIT seq=211 len=512 [RETRANSMIT]
[255652.27ms] RETRANSMIT seq=212 len=512 [RETRANSMIT]
[255652.68ms] DUP_ACK ack_num=205 count=1
[255752.91ms] DUP_ACK ack_num=205 count=2
[255853.21ms] DUP_ACK ack_num=205 count=3
[255952.49ms] TIMEOUT sendBase=205 nextSeq=213
[255952.55ms] RETRANSMIT seq=205 len=512 [RETRANSMIT]
[255952.56ms] RETRANSMIT seq=206 len=512 [RETRANSMIT]
[255952.56ms] RETRANSMIT seq=207 len=512 [RETRANSMIT]
[255952.57ms] RETRANSMIT seq=208 len=512 [RETRANSMIT]
[255952.57ms] RETRANSMIT seq=209 len=512 [RETRANSMIT]
[255952.58ms] RETRANSMIT seq=210 len=512 [RETRANSMIT]
[255952.58ms] RETRANSMIT seq=211 len=512 [RETRANSMIT]
[255952.59ms] RETRANSMIT seq=212 len=512 [RETRANSMIT]
[255953.44ms] DUP_ACK ack_num=205 count=1
[256053.83ms] ACK ack_num=206 cwnd=1.000000 ssthresh=16.000000
[256053.87ms] SEND seq=213 len=512
[256154.10ms] ACK ack_num=207 cwnd=1.000000 ssthresh=16.000000
[256154.14ms] SEND seq=214 len=512
[256254.26ms] DUP_ACK ack_num=207 count=1
[256354.56ms] DUP_ACK ack_num=207 count=2
[256454.37ms] TIMEOUT sendBase=207 nextSeq=215
[256454.44ms] RETRANSMIT seq=207 len=512 [RETRANSMIT]
[256454.45ms] RETRANSMIT seq=208 len=512 [RETRANSMIT]
[256454.46ms] RETRANSMIT seq=209 len=512 [RETRANSMIT]
[256454.46ms] RETRANSMIT seq=210 len=512 [RETRANSMIT]
[256454.47ms] RETRANSMIT seq=211 len=512 [RETRANSMIT]
[256454.48ms] RETRANSMIT seq=212 len=512 [RETRANSMIT]
[256454.48ms] RETRANSMIT seq=213 len=512 [RETRANSMIT]
[256454.49ms] RETRANSMIT seq=214 len=512 [RETRANSMIT]
[256454.78ms] DUP_ACK ack_num=207 count=1
[256555.06ms] DUP_ACK ack_num=207 count=2
[256655.35ms] DUP_ACK ack_num=207 count=3
[256754.70ms] TIMEOUT sendBase=207 nextSeq=215
[256754.76ms] RETRANSMIT seq=207 len=512 [RETRANSMIT]
[256754.77ms] RETRANSMIT seq=208 len=512 [RETRANSMIT]
[256754.77ms] RETRANSMIT seq=209 len=512 [RETRANSMIT]
[256754.78ms] RETRANSMIT seq=210 len=512 [RETRANSMIT]
[256754.78ms] RETRANSMIT seq=211 len=512 [RETRANSMIT]
[256754.79ms] RETRANSMIT seq=212 len=512 [RETRANSMIT]
[256754.79ms] RETRANSMIT seq=213 len=512 [RETRANSMIT]
[256754.79ms] RETRANSMIT seq=214 len=512 [RETRANSMIT]
[256755.56ms] DUP_ACK ack_num=207 count=1
[256855.82ms] DUP_ACK ack_num=207 count=2
[256956.11ms] DUP_ACK ack_num=207 count=3
[257054.97ms] TIMEOUT sendBase=207 nextSeq=215
[257055.03ms] RETRANSMIT seq=207 len=512 [RETRANSMIT]
[257055.03ms] RETRANSMIT seq=208 len=512 [RETRANSMIT]
[257055.04ms] RETRANSMIT seq=209 len=512 [RETRANSMIT]
[257055.04ms] RETRANSMIT seq=210 len=512 [RETRANSMIT]
[257055.08ms] RETRANSMIT seq=211 len=512 [RETRANSMIT]
[257055.09ms] RETRANSMIT seq=212 len=512 [RETRANSMIT]
[257055.09ms] RETRANSMIT seq=213 len=512 [RETRANSMIT]
[257055.10ms] RETRANSMIT seq=214 len=512 [RETRANSMIT]
[257056.24ms] DUP_ACK ack_num=207 count=1
[257156.52ms] DUP_ACK ack_num=207 count=2
[257256.76ms] DUP_ACK ack_num=207 count=3
[257355.34ms] TIMEOUT sendBase=207 nextSeq=215
[257355.40ms] RETRANSMIT seq=207 len=512 [RETRANSMIT]
[257355.41ms] RETRANSMIT seq=208 len=512 [RETRANSMIT]
[257355.41ms] RETRANSMIT seq=209 len=512 [RETRANSMIT]
[257355.41ms] RETRANSMIT seq=210 len=512 [RETRANSMIT]
[257355.42ms] RETRANSMIT seq=211 len=512 [RETRANSMIT]
[257355.42ms] RETRANSMIT seq=212 len=512 [RETRANSMIT]
[257355.43ms] RETRANSMIT seq=213 len=512 [RETRANSMIT]
[257355.43ms] RETRANSMIT seq=214 len=512 [RETRANSMIT]
[257356.96ms] DUP_ACK ack_num=207 count=1
[257457.20ms] DUP_ACK ack_num=207 count=2
[257557.47ms] DUP_ACK ack_num=207 count=3
[257655.61ms] TIMEOUT sendBase=207 nextSeq=215
[257655.67ms] RETRANSMIT seq=207 len=512 [RETRANSMIT]
[257655.68ms] RETRANSMIT seq=208 len=512 [RETRANSMIT]
[257655.68ms] RETRANSMIT seq=209 len=512 [RETRANSMIT]
[257655.69ms] RETRANSMIT seq=210 len=512 [RETRANSMIT]
[257655.69ms] RETRANSMIT seq=211 len=512 [RETRANSMIT]
[257655.70ms] RETRANSMIT seq=212 len=512 [RETRANSMIT]
[257655.81ms] RETRANSMIT seq=213 len=512 [RETRANSMIT]
[257655.82ms] RETRANSMIT seq=214 len=512 [RETRANSMIT]
[257657.62ms] DUP_ACK ack_num=207 count=1
[257757.84ms] DUP_ACK ack_num=207 count=2
[257858.05ms] DUP_ACK ack_num=207 count=3
[257955.98ms] TIMEOUT sendBase=207 nextSeq=215
[257956.02ms] RETRANSMIT seq=207 len=512 [RETRANSMIT]
[257956.03ms] RETRANSMIT seq=208 len=512 [RETRANSMIT]
[257956.03ms] RETRANSMIT seq=209 len=512 [RETRANSMIT]
[257956.04ms] RETRANSMIT seq=210 len=512 [RETRANSMIT]
[257956.04ms] RETRANSMIT seq=211 len=512 [RETRANSMIT]
[257956.05ms] RETRANSMIT seq=212 len=512 [RETRANSMIT]
[257956.05ms] RETRANSMIT seq=213 len=512 [RETRANSMIT]
[257956.06ms] RETRANSMIT seq=214 len=512 [RETRANSMIT]
[257958.27ms] DUP_ACK ack_num=207 count=1
[258058.57ms] ACK ack_num=208 cwnd=1.000000 ssthresh=16.000000
[258058.60ms] SEND seq=215 len=512
[258158.74ms] DUP_ACK ack_num=208 count=1
[258258.97ms] DUP_ACK ack_num=208 count=2
[258358.80ms] TIMEOUT sendBase=208 nextSeq=216
[258358.86ms] RETRANSMIT seq=208 len=512 [RETRANSMIT]
[258358.86ms] RETRANSMIT seq=209 len=512 [RETRANSMIT]
[258358.87ms] RETRANSMIT seq=210 len=512 [RETRANSMIT]
[258358.87ms] RETRANSMIT seq=211 len=512 [RETRANSMIT]
[258358.88ms] RETRANSMIT seq=212 len=512 [RETRANSMIT]
[258358.88ms] RETRANSMIT seq=213 len=512 [RETRANSMIT]
[258358.89ms] RETRANSMIT seq=214 len=512 [RETRANSMIT]
[258358.89ms] RETRANSMIT seq=215 len=512 [RETRANSMIT]
[258359.17ms] DUP_ACK ack_num=208 count=1
[258459.47ms] DUP_ACK ack_num=208 count=2
[258559.73ms] DUP_ACK ack_num=208 count=3
[258659.21ms] TIMEOUT sendBase=208 nextSeq=216
[258659.27ms] RETRANSMIT seq=208 len=512 [RETRANSMIT]
[258659.28ms] RETRANSMIT seq=209 len=512 [RETRANSMIT]
[258659.28ms] RETRANSMIT seq=210 len=512 [RETRANSMIT]
[258659.29ms] RETRANSMIT seq=211 len=512 [RETRANSMIT]
[258659.29ms] RETRANSMIT seq=212 len=512 [RETRANSMIT]
[258659.50ms] RETRANSMIT seq=213 len=512 [RETRANSMIT]
[258659.51ms] RETRANSMIT seq=214 len=512 [RETRANSMIT]
[258659.52ms] RETRANSMIT seq=215 len=512 [RETRANSMIT]
[258660.05ms] DUP_ACK ack_num=208 count=1
[258760.35ms] DUP_ACK ack_num=208 count=2
[258860.46ms] DUP_ACK ack_num=208 count=3
[258959.70ms] TIMEOUT sendBase=208 nextSeq=216
[258959.76ms] RETRANSMIT seq=208 len=512 [RETRANSMIT]
[258959.76ms] RETRANSMIT seq=209 len=512 [RETRANSMIT]
[258959.77ms] RETRANSMIT seq=210 len=512 [RETRANSMIT]
[258959.77ms] RETRANSMIT seq=211 len=512 [RETRANSMIT]
[258959.78ms] RETRANSMIT seq=212 len=512 [RETRANSMIT]
[258959.78ms] RETRANSMIT seq=213 len=512 [RETRANSMIT]
[258959.83ms] RETRANSMIT seq=214 len=512 [RETRANSMIT]
[258959.84ms] RETRANSMIT seq=215 len=512 [RETRANSMIT]
[258960.64ms] DUP_ACK ack_num=208 count=1
[259060.89ms] DUP_ACK ack_num=208 count=2
[259161.18ms] DUP_ACK ack_num=208 count=3
[259260.05ms] TIMEOUT sendBase=208 nextSeq=216
[259260.15ms] RETRANSMIT seq=208 len=512 [RETRANSMIT]
[259260.17ms] RETRANSMIT seq=209 len=512 [RETRANSMIT]
[259260.17ms] RETRANSMIT seq=210 len=512 [RETRANSMIT]
[259260.17ms] RETRANSMIT seq=211 len=512 [RETRANSMIT]
[259260.18ms] RETRANSMIT seq=212 len=512 [RETRANSMIT]
[259260.18ms] RETRANSMIT seq=213 len=512 [RETRANSMIT]
[259260.19ms] RETRANSMIT seq=214 len=512 [RETRANSMIT]
[259260.19ms] RETRANSMIT seq=215 len=512 [RETRANSMIT]
[259261.30ms] DUP_ACK ack_num=208 count=1
[259361.51ms] DUP_ACK ack_num=208 count=2
[259461.71ms] DUP_ACK ack_num=208 count=3
[259560.37ms] TIMEOUT sendBase=208 nextSeq=216
[259560.42ms] RETRANSMIT seq=208 len=512 [RETRANSMIT]
[259560.43ms] RETRANSMIT seq=209 len=512 [RETRANSMIT]
[259560.43ms] RETRANSMIT seq=210 len=512 [RETRANSMIT]
[259560.44ms] RETRANSMIT seq=211 len=512 [RETRANSMIT]
[259560.44ms] RETRANSMIT seq=212 len=512 [RETRANSMIT]
[259560.44ms] RETRANSMIT seq=213 len=512 [RETRANSMIT]
[259560.45ms] RETRANSMIT seq=214 len=512 [RETRANSMIT]
[259560.45ms] RETRANSMIT seq=215 len=512 [RETRANSMIT]
[259561.86ms] DUP_ACK ack_num=208 count=1
[259662.04ms] DUP_ACK ack_num=208 count=2
[259762.30ms] DUP_ACK ack_num=208 count=3
[259860.72ms] TIMEOUT sendBase=208 nextSeq=216
[259860.78ms] RETRANSMIT seq=208 len=512 [RETRANSMIT]
[259860.78ms] RETRANSMIT seq=209 len=512 [RETRANSMIT]
[259860.79ms] RETRANSMIT seq=210 len=512 [RETRANSMIT]
[259860.79ms] RETRANSMIT seq=211 len=512 [RETRANSMIT]
[259860.79ms] RETRANSMIT seq=212 len=512 [RETRANSMIT]
[259860.80ms] RETRANSMIT seq=213 len=512 [RETRANSMIT]
[259860.80ms] RETRANSMIT seq=214 len=512 [RETRANSMIT]
[259860.81ms] RETRANSMIT seq=215 len=512 [RETRANSMIT]
[259862.45ms] DUP_ACK ack_num=208 count=1
[259962.72ms] DUP_ACK ack_num=208 count=2
[260062.86ms] DUP_ACK ack_num=208 count=3
[260161.01ms] TIMEOUT sendBase=208 nextSeq=216
[260161.08ms] RETRANSMIT seq=208 len=512 [RETRANSMIT]
[260161.09ms] RETRANSMIT seq=209 len=512 [RETRANSMIT]
[260161.09ms] RETRANSMIT seq=210 len=512 [RETRANSMIT]
[260161.10ms] RETRANSMIT seq=211 len=512 [RETRANSMIT]
[260161.10ms] RETRANSMIT seq=212 len=512 [RETRANSMIT]
[260161.10ms] RETRANSMIT seq=213 len=512 [RETRANSMIT]
[260161.16ms] RETRANSMIT seq=214 len=512 [RETRANSMIT]
[260161.16ms] RETRANSMIT seq=215 len=512 [RETRANSMIT]
[260163.04ms] DUP_ACK ack_num=208 count=1
[260263.27ms] DUP_ACK ack_num=208 count=2
[260363.44ms] DUP_ACK ack_num=208 count=3
[260461.36ms] TIMEOUT sendBase=208 nextSeq=216
[260461.42ms] RETRANSMIT seq=208 len=512 [RETRANSMIT]
[260461.43ms] RETRANSMIT seq=209 len=512 [RETRANSMIT]
[260461.43ms] RETRANSMIT seq=210 len=512 [RETRANSMIT]
[260461.43ms] RETRANSMIT seq=211 len=512 [RETRANSMIT]
[260461.44ms] RETRANSMIT seq=212 len=512 [RETRANSMIT]
[260461.44ms] RETRANSMIT seq=213 len=512 [RETRANSMIT]
[260461.45ms] RETRANSMIT seq=214 len=512 [RETRANSMIT]
[260461.45ms] RETRANSMIT seq=215 len=512 [RETRANSMIT]
[260463.79ms] DUP_ACK ack_num=208 count=1
[260564.06ms] DUP_ACK ack_num=208 count=2
[260664.17ms] DUP_ACK ack_num=208 count=3
[260761.69ms] TIMEOUT sendBase=208 nextSeq=216
[260761.76ms] RETRANSMIT seq=208 len=512 [RETRANSMIT]
[260761.78ms] RETRANSMIT seq=209 len=512 [RETRANSMIT]
[260761.78ms] RETRANSMIT seq=210 len=512 [RETRANSMIT]
[260761.79ms] RETRANSMIT seq=211 len=512 [RETRANSMIT]
[260761.80ms] RETRANSMIT seq=212 len=512 [RETRANSMIT]
[260761.80ms] RETRANSMIT seq=213 len=512 [RETRANSMIT]
[260761.81ms] RETRANSMIT seq=214 len=512 [RETRANSMIT]
[260761.82ms] RETRANSMIT seq=215 len=512 [RETRANSMIT]
[260764.43ms] DUP_ACK ack_num=208 count=1
[260864.72ms] DUP_ACK ack_num=208 count=2
[260965.04ms] DUP_ACK ack_num=208 count=3
[261062.10ms] TIMEOUT sendBase=208 nextSeq=216
[261062.18ms] RETRANSMIT seq=208 len=512 [RETRANSMIT]
[261062.19ms] RETRANSMIT seq=209 len=512 [RETRANSMIT]
[261062.20ms] RETRANSMIT seq=210 len=512 [RETRANSMIT]
[261062.20ms] RETRANSMIT seq=211 len=512 [RETRANSMIT]
[261062.21ms] RETRANSMIT seq=212 len=512 [RETRANSMIT]
[261062.21ms] RETRANSMIT seq=213 len=512 [RETRANSMIT]
[261062.22ms] RETRANSMIT seq=214 len=512 [RETRANSMIT]
[261062.22ms] RETRANSMIT seq=215 len=512 [RETRANSMIT]
[261065.29ms] DUP_ACK ack_num=208 count=1
[261165.63ms] DUP_ACK ack_num=208 count=2
[261265.93ms] DUP_ACK ack_num=208 count=3
[261362.41ms] TIMEOUT sendBase=208 nextSeq=216
[261362.46ms] RETRANSMIT seq=208 len=512 [RETRANSMIT]
[261362.47ms] RETRANSMIT seq=209 len=512 [RETRANSMIT]
[261362.48ms] RETRANSMIT seq=210 len=512 [RETRANSMIT]
[261362.48ms] RETRANSMIT seq=211 len=512 [RETRANSMIT]
[261362.49ms] RETRANSMIT seq=212 len=512 [RETRANSMIT]
[261362.49ms] RETRANSMIT seq=213 len=512 [RETRANSMIT]
[261362.49ms] RETRANSMIT seq=214 len=512 [RETRANSMIT]
[261362.50ms] RETRANSMIT seq=215 len=512 [RETRANSMIT]
[261366.03ms] DUP_ACK ack_num=208 count=1
[261466.28ms] DUP_ACK ack_num=208 count=2
[261566.56ms] DUP_ACK ack_num=208 count=3
[261662.69ms] TIMEOUT sendBase=208 nextSeq=216
[261662.75ms] RETRANSMIT seq=208 len=512 [RETRANSMIT]
[261662.75ms] RETRANSMIT seq=209 len=512 [RETRANSMIT]
[261662.76ms] RETRANSMIT seq=210 len=512 [RETRANSMIT]
[261662.76ms] RETRANSMIT seq=211 len=512 [RETRANSMIT]
[261662.77ms] RETRANSMIT seq=212 len=512 [RETRANSMIT]
[261662.77ms] RETRANSMIT seq=213 len=512 [RETRANSMIT]
[261662.78ms] RETRANSMIT seq=214 len=512 [RETRANSMIT]
[261662.78ms] RETRANSMIT seq=215 len=512 [RETRANSMIT]
[261666.74ms] DUP_ACK ack_num=208 count=1
[261766.99ms] DUP_ACK ack_num=208 count=2
[261867.28ms] DUP_ACK ack_num=208 count=3
[261963.02ms] TIMEOUT sendBase=208 nextSeq=216
[261963.09ms] RETRANSMIT seq=208 len=512 [RETRANSMIT]
[261963.11ms] RETRANSMIT seq=209 len=512 [RETRANSMIT]
[261963.12ms] RETRANSMIT seq=210 len=512 [RETRANSMIT]
[261963.13ms] RETRANSMIT seq=211 len=512 [RETRANSMIT]
[261963.14ms] RETRANSMIT seq=212 len=512 [RETRANSMIT]
[261963.15ms] RETRANSMIT seq=213 len=512 [RETRANSMIT]
[261963.17ms] RETRANSMIT seq=214 len=512 [RETRANSMIT]
[261963.18ms] RETRANSMIT seq=215 len=512 [RETRANSMIT]
[261967.48ms] DUP_ACK ack_num=208 count=1
[262067.82ms] DUP_ACK ack_num=208 count=2
[262168.06ms] DUP_ACK ack_num=208 count=3
[262263.54ms] TIMEOUT sendBase=208 nextSeq=216
[262263.62ms] RETRANSMIT seq=208 len=512 [RETRANSMIT]
[262263.63ms] RETRANSMIT seq=209 len=512 [RETRANSMIT]
[262263.64ms] RETRANSMIT seq=210 len=512 [RETRANSMIT]
[262263.65ms] RETRANSMIT seq=211 len=512 [RETRANSMIT]
[262263.66ms] RETRANSMIT seq=212 len=512 [RETRANSMIT]
[262263.67ms] RETRANSMIT seq=213 len=512 [RETRANSMIT]
[262263.68ms] RETRANSMIT seq=214 len=512 [RETRANSMIT]
[262263.69ms] RETRANSMIT seq=215 len=512 [RETRANSMIT]
[262268.41ms] DUP_ACK ack_num=208 count=1
[262368.61ms] DUP_ACK ack_num=208 count=2
[262468.99ms] DUP_ACK ack_num=208 count=3
[262563.99ms] TIMEOUT sendBase=208 nextSeq=216
[262564.07ms] RETRANSMIT seq=208 len=512 [RETRANSMIT]
[262564.08ms] RETRANSMIT seq=209 len=512 [RETRANSMIT]
[262564.09ms] RETRANSMIT seq=210 len=512 [RETRANSMIT]
[262564.10ms] RETRANSMIT seq=211 len=512 [RETRANSMIT]
[262564.11ms] RETRANSMIT seq=212 len=512 [RETRANSMIT]
[262564.11ms] RETRANSMIT seq=213 len=512 [RETRANSMIT]
[262564.13ms] RETRANSMIT seq=214 len=512 [RETRANSMIT]
[262564.14ms] RETRANSMIT seq=215 len=512 [RETRANSMIT]
[262569.26ms] DUP_ACK ack_num=208 count=1
[262669.53ms] DUP_ACK ack_num=208 count=2
[262769.82ms] DUP_ACK ack_num=208 count=3
[262864.41ms] TIMEOUT sendBase=208 nextSeq=216
[262864.52ms] RETRANSMIT seq=208 len=512 [RETRANSMIT]
[262864.53ms] RETRANSMIT seq=209 len=512 [RETRANSMIT]
[262864.55ms] RETRANSMIT seq=210 len=512 [RETRANSMIT]
[262864.56ms] RETRANSMIT seq=211 len=512 [RETRANSMIT]
[262864.57ms] RETRANSMIT seq=212 len=512 [RETRANSMIT]
[262864.58ms] RETRANSMIT seq=213 len=512 [RETRANSMIT]
[262864.58ms] RETRANSMIT seq=214 len=512 [RETRANSMIT]
[262864.59ms] RETRANSMIT seq=215 len=512 [RETRANSMIT]
[262870.03ms] DUP_ACK ack_num=208 count=1
[262970.29ms] DUP_ACK ack_num=208 count=2
[263070.52ms] DUP_ACK ack_num=208 count=3
[263164.89ms] TIMEOUT sendBase=208 nextSeq=216
[263164.97ms] RETRANSMIT seq=208 len=512 [RETRANSMIT]
[263164.98ms] RETRANSMIT seq=209 len=512 [RETRANSMIT]
[263164.98ms] RETRANSMIT seq=210 len=512 [RETRANSMIT]
[263164.99ms] RETRANSMIT seq=211 len=512 [RETRANSMIT]
[263165.00ms] RETRANSMIT seq=212 len=512 [RETRANSMIT]
[263165.00ms] RETRANSMIT seq=213 len=512 [RETRANSMIT]
[263165.01ms] RETRANSMIT seq=214 len=512 [RETRANSMIT]
[263165.01ms] RETRANSMIT seq=215 len=512 [RETRANSMIT]
[263170.79ms] DUP_ACK ack_num=208 count=1
[263271.10ms] DUP_ACK ack_num=208 count=2
[263371.24ms] DUP_ACK ack_num=208 count=3
[263465.35ms] TIMEOUT sendBase=208 nextSeq=216
[263465.42ms] RETRANSMIT seq=208 len=512 [RETRANSMIT]
[263465.43ms] RETRANSMIT seq=209 len=512 [RETRANSMIT]
[263465.44ms] RETRANSMIT seq=210 len=512 [RETRANSMIT]
[263465.45ms] RETRANSMIT seq=211 len=512 [RETRANSMIT]
[263465.46ms] RETRANSMIT seq=212 len=512 [RETRANSMIT]
[263465.46ms] RETRANSMIT seq=213 len=512 [RETRANSMIT]
[263465.47ms] RETRANSMIT seq=214 len=512 [RETRANSMIT]
[263465.48ms] RETRANSMIT seq=215 len=512 [RETRANSMIT]
[263471.45ms] DUP_ACK ack_num=208 count=1
[263571.64ms] DUP_ACK ack_num=208 count=2
[263671.91ms] DUP_ACK ack_num=208 count=3
[263765.69ms] TIMEOUT sendBase=208 nextSeq=216
[263765.76ms] RETRANSMIT seq=208 len=512 [RETRANSMIT]
[263765.81ms] RETRANSMIT seq=209 len=512 [RETRANSMIT]
[263765.82ms] RETRANSMIT seq=210 len=512 [RETRANSMIT]
[263765.82ms] RETRANSMIT seq=211 len=512 [RETRANSMIT]
[263765.83ms] RETRANSMIT seq=212 len=512 [RETRANSMIT]
[263765.83ms] RETRANSMIT seq=213 len=512 [RETRANSMIT]
[263765.84ms] RETRANSMIT seq=214 len=512 [RETRANSMIT]
[263765.85ms] RETRANSMIT seq=215 len=512 [RETRANSMIT]
[263772.18ms] DUP_ACK ack_num=208 count=1
[263872.37ms] DUP_ACK ack_num=208 count=2
[263972.65ms] DUP_ACK ack_num=208 count=3
[264066.05ms] TIMEOUT sendBase=208 nextSeq=216
[264066.12ms] RETRANSMIT seq=208 len=512 [RETRANSMIT]
[264066.13ms] RETRANSMIT seq=209 len=512 [RETRANSMIT]
[264066.13ms] RETRANSMIT seq=210 len=512 [RETRANSMIT]
[264066.14ms] RETRANSMIT seq=211 len=512 [RETRANSMIT]
[264066.14ms] RETRANSMIT seq=212 len=512 [RETRANSMIT]
[264066.14ms] RETRANSMIT seq=213 len=512 [RETRANSMIT]
[264066.15ms] RETRANSMIT seq=214 len=512 [RETRANSMIT]
[264066.16ms] RETRANSMIT seq=215 len=512 [RETRANSMIT]
[264072.89ms] DUP_ACK ack_num=208 count=1
[264173.18ms] ACK ack_num=209 cwnd=1.000000 ssthresh=16.000000
[264173.23ms] SEND seq=216 len=512
[264273.42ms] DUP_ACK ack_num=209 count=1
[264373.62ms] DUP_ACK ack_num=209 count=2
[264473.38ms] TIMEOUT sendBase=209 nextSeq=217
[264473.44ms] RETRANSMIT seq=209 len=512 [RETRANSMIT]
[264473.45ms] RETRANSMIT seq=210 len=512 [RETRANSMIT]
[264473.45ms] RETRANSMIT seq=211 len=512 [RETRANSMIT]
[264473.46ms] RETRANSMIT seq=212 len=512 [RETRANSMIT]
[264473.46ms] RETRANSMIT seq=213 len=512 [RETRANSMIT]
[264473.46ms] RETRANSMIT seq=214 len=512 [RETRANSMIT]
[264473.47ms] RETRANSMIT seq=215 len=512 [RETRANSMIT]
[264473.47ms] RETRANSMIT seq=216 len=512 [RETRANSMIT]
[264473.77ms] DUP_ACK ack_num=209 count=1
[264574.06ms] DUP_ACK ack_num=209 count=2
[264674.27ms] DUP_ACK ack_num=209 count=3
[264773.76ms] TIMEOUT sendBase=209 nextSeq=217
[264773.85ms] RETRANSMIT seq=209 len=512 [RETRANSMIT]
[264773.87ms] RETRANSMIT seq=210 len=512 [RETRANSMIT]
[264773.88ms] RETRANSMIT seq=211 len=512 [RETRANSMIT]
[264773.89ms] RETRANSMIT seq=212 len=512 [RETRANSMIT]
[264773.90ms] RETRANSMIT seq=213 len=512 [RETRANSMIT]
[264773.90ms] RETRANSMIT seq=214 len=512 [RETRANSMIT]
[264773.91ms] RETRANSMIT seq=215 len=512 [RETRANSMIT]
[264773.92ms] RETRANSMIT seq=216 len=512 [RETRANSMIT]
[264774.60ms] DUP_ACK ack_num=209 count=1
[264874.80ms] DUP_ACK ack_num=209 count=2
[264975.10ms] DUP_ACK ack_num=209 count=3
[265074.12ms] TIMEOUT sendBase=209 nextSeq=217
[265074.18ms] RETRANSMIT seq=209 len=512 [RETRANSMIT]
[265074.19ms] RETRANSMIT seq=210 len=512 [RETRANSMIT]
[265074.19ms] RETRANSMIT seq=211 len=512 [RETRANSMIT]
[265074.20ms] RETRANSMIT seq=212 len=512 [RETRANSMIT]
[265074.20ms] RETRANSMIT seq=213 len=512 [RETRANSMIT]
[265074.20ms] RETRANSMIT seq=214 len=512 [RETRANSMIT]
[265074.21ms] RETRANSMIT seq=215 len=512 [RETRANSMIT]
[265074.21ms] RETRANSMIT seq=216 len=512 [RETRANSMIT]
[265075.24ms] DUP_ACK ack_num=209 count=1
[265175.55ms] DUP_ACK ack_num=209 count=2
[265275.79ms] DUP_ACK ack_num=209 count=3
[265374.41ms] TIMEOUT sendBase=209 nextSeq=217
[265374.47ms] RETRANSMIT seq=209 len=512 [RETRANSMIT]
[265374.47ms] RETRANSMIT seq=210 len=512 [RETRANSMIT]
[265374.52ms] RETRANSMIT seq=211 len=512 [RETRANSMIT]
[265374.53ms] RETRANSMIT seq=212 len=512 [RETRANSMIT]
[265374.53ms] RETRANSMIT seq=213 len=512 [RETRANSMIT]
[265374.54ms] RETRANSMIT seq=214 len=512 [RETRANSMIT]
[265374.54ms] RETRANSMIT seq=215 len=512 [RETRANSMIT]
[265374.55ms] RETRANSMIT seq=216 len=512 [RETRANSMIT]
[265375.96ms] DUP_ACK ack_num=209 count=1
[265476.26ms] DUP_ACK ack_num=209 count=2
[265576.52ms] DUP_ACK ack_num=209 count=3
[265674.72ms] TIMEOUT sendBase=209 nextSeq=217
[265674.79ms] RETRANSMIT seq=209 len=512 [RETRANSMIT]
[265674.80ms] RETRANSMIT seq=210 len=512 [RETRANSMIT]
[265674.80ms] RETRANSMIT seq=211 len=512 [RETRANSMIT]
[265674.81ms] RETRANSMIT seq=212 len=512 [RETRANSMIT]
[265674.81ms] RETRANSMIT seq=213 len=512 [RETRANSMIT]
[265674.81ms] RETRANSMIT seq=214 len=512 [RETRANSMIT]
[265674.82ms] RETRANSMIT seq=215 len=512 [RETRANSMIT]
[265674.82ms] RETRANSMIT seq=216 len=512 [RETRANSMIT]
[265676.69ms] DUP_ACK ack_num=209 count=1
[265777.02ms] DUP_ACK ack_num=209 count=2
[265877.22ms] DUP_ACK ack_num=209 count=3
[265975.02ms] TIMEOUT sendBase=209 nextSeq=217
[265975.08ms] RETRANSMIT seq=209 len=512 [RETRANSMIT]
[265975.09ms] RETRANSMIT seq=210 len=512 [RETRANSMIT]
[265975.09ms] RETRANSMIT seq=211 len=512 [RETRANSMIT]
[265975.10ms] RETRANSMIT seq=212 len=512 [RETRANSMIT]
[265975.10ms] RETRANSMIT seq=213 len=512 [RETRANSMIT]
[265975.11ms] RETRANSMIT seq=214 len=512 [RETRANSMIT]
[265975.11ms] RETRANSMIT seq=215 len=512 [RETRANSMIT]
[265975.12ms] RETRANSMIT seq=216 len=512 [RETRANSMIT]
[265977.47ms] DUP_ACK ack_num=209 count=1
[266077.79ms] DUP_ACK ack_num=209 count=2
[266178.03ms] DUP_ACK ack_num=209 count=3
[266275.33ms] TIMEOUT sendBase=209 nextSeq=217
[266275.39ms] RETRANSMIT seq=209 len=512 [RETRANSMIT]
[266275.40ms] RETRANSMIT seq=210 len=512 [RETRANSMIT]
[266275.40ms] RETRANSMIT seq=211 len=512 [RETRANSMIT]
[266275.41ms] RETRANSMIT seq=212 len=512 [RETRANSMIT]
[266275.41ms] RETRANSMIT seq=213 len=512 [RETRANSMIT]
[266275.41ms] RETRANSMIT seq=214 len=512 [RETRANSMIT]
[266275.42ms] RETRANSMIT seq=215 len=512 [RETRANSMIT]
[266275.42ms] RETRANSMIT seq=216 len=512 [RETRANSMIT]
[266278.27ms] DUP_ACK ack_num=209 count=1
[266378.53ms] DUP_ACK ack_num=209 count=2
[266478.83ms] ACK ack_num=210 cwnd=1.000000 ssthresh=16.000000
[266478.87ms] SEND seq=217 len=512
[266579.14ms] DUP_ACK ack_num=210 count=1
[266679.31ms] DUP_ACK ack_num=210 count=2
[266779.05ms] TIMEOUT sendBase=210 nextSeq=218
[266779.11ms] RETRANSMIT seq=210 len=512 [RETRANSMIT]
[266779.12ms] RETRANSMIT seq=211 len=512 [RETRANSMIT]
[266779.12ms] RETRANSMIT seq=212 len=512 [RETRANSMIT]
[266779.13ms] RETRANSMIT seq=213 len=512 [RETRANSMIT]
[266779.13ms] RETRANSMIT seq=214 len=512 [RETRANSMIT]
[266779.14ms] RETRANSMIT seq=215 len=512 [RETRANSMIT]
[266779.14ms] RETRANSMIT seq=216 len=512 [RETRANSMIT]
[266779.15ms] RETRANSMIT seq=217 len=512 [RETRANSMIT]
[266779.47ms] DUP_ACK ack_num=210 count=1
[266879.79ms] DUP_ACK ack_num=210 count=2
[266980.02ms] DUP_ACK ack_num=210 count=3
[267079.35ms] TIMEOUT sendBase=210 nextSeq=218
[267079.41ms] RETRANSMIT seq=210 len=512 [RETRANSMIT]
[267079.42ms] RETRANSMIT seq=211 len=512 [RETRANSMIT]
[267079.43ms] RETRANSMIT seq=212 len=512 [RETRANSMIT]
[267079.43ms] RETRANSMIT seq=213 len=512 [RETRANSMIT]
[267079.43ms] RETRANSMIT seq=214 len=512 [RETRANSMIT]
[267079.44ms] RETRANSMIT seq=215 len=512 [RETRANSMIT]
[267079.44ms] RETRANSMIT seq=216 len=512 [RETRANSMIT]
[267079.45ms] RETRANSMIT seq=217 len=512 [RETRANSMIT]
[267080.19ms] DUP_ACK ack_num=210 count=1
[267180.57ms] DUP_ACK ack_num=210 count=2
[267280.83ms] ACK ack_num=211 cwnd=1.000000 ssthresh=16.000000
[267280.87ms] SEND seq=218 len=512
[267381.08ms] ACK ack_num=212 cwnd=1.000000 ssthresh=16.000000
[267381.18ms] SEND seq=219 len=512
[267481.32ms] ACK ack_num=213 cwnd=1.000000 ssthresh=16.000000
[267481.35ms] SEND seq=220 len=512
[267581.58ms] DUP_ACK ack_num=213 count=1
[267681.76ms] DUP_ACK ack_num=213 count=2
[267781.56ms] TIMEOUT sendBase=213 nextSeq=221
[267781.64ms] RETRANSMIT seq=213 len=512 [RETRANSMIT]
[267781.65ms] RETRANSMIT seq=214 len=512 [RETRANSMIT]
[267781.66ms] RETRANSMIT seq=215 len=512 [RETRANSMIT]
[267781.67ms] RETRANSMIT seq=216 len=512 [RETRANSMIT]
[267781.67ms] RETRANSMIT seq=217 len=512 [RETRANSMIT]
[267781.68ms] RETRANSMIT seq=218 len=512 [RETRANSMIT]
[267781.69ms] RETRANSMIT seq=219 len=512 [RETRANSMIT]
[267781.69ms] RETRANSMIT seq=220 len=512 [RETRANSMIT]
[267781.96ms] DUP_ACK ack_num=213 count=1
[267882.23ms] DUP_ACK ack_num=213 count=2
[267982.40ms] DUP_ACK ack_num=213 count=3
[268081.92ms] TIMEOUT sendBase=213 nextSeq=221
[268081.99ms] RETRANSMIT seq=213 len=512 [RETRANSMIT]
[268082.00ms] RETRANSMIT seq=214 len=512 [RETRANSMIT]
[268082.00ms] RETRANSMIT seq=215 len=512 [RETRANSMIT]
[268082.00ms] RETRANSMIT seq=216 len=512 [RETRANSMIT]
[268082.01ms] RETRANSMIT seq=217 len=512 [RETRANSMIT]
[268082.01ms] RETRANSMIT seq=218 len=512 [RETRANSMIT]
[268082.02ms] RETRANSMIT seq=219 len=512 [RETRANSMIT]
[268082.02ms] RETRANSMIT seq=220 len=512 [RETRANSMIT]
[268082.58ms] DUP_ACK ack_num=213 count=1
[268182.82ms] DUP_ACK ack_num=213 count=2
[268283.09ms] DUP_ACK ack_num=213 count=3
[268382.24ms] TIMEOUT sendBase=213 nextSeq=221
[268382.31ms] RETRANSMIT seq=213 len=512 [RETRANSMIT]
[268382.31ms] RETRANSMIT seq=214 len=512 [RETRANSMIT]
[268382.32ms] RETRANSMIT seq=215 len=512 [RETRANSMIT]
[268382.32ms] RETRANSMIT seq=216 len=512 [RETRANSMIT]
[268382.33ms] RETRANSMIT seq=217 len=512 [RETRANSMIT]
[268382.33ms] RETRANSMIT seq=218 len=512 [RETRANSMIT]
[268382.33ms] RETRANSMIT seq=219 len=512 [RETRANSMIT]
[268382.34ms] RETRANSMIT seq=220 len=512 [RETRANSMIT]
[268383.25ms] ACK ack_num=214 cwnd=1.000000 ssthresh=16.000000
[268383.27ms] SEND seq=221 len=512
[268483.48ms] ACK ack_num=215 cwnd=1.000000 ssthresh=16.000000
[268483.52ms] SEND seq=222 len=336
[268583.70ms] DUP_ACK ack_num=215 count=1
[268683.93ms] DUP_ACK ack_num=215 count=2
[268783.67ms] TIMEOUT sendBase=215 nextSeq=223
[268783.74ms] RETRANSMIT seq=215 len=512 [RETRANSMIT]
[268783.74ms] RETRANSMIT seq=216 len=512 [RETRANSMIT]
[268783.75ms] RETRANSMIT seq=217 len=512 [RETRANSMIT]
[268783.75ms] RETRANSMIT seq=218 len=512 [RETRANSMIT]
[268783.75ms] RETRANSMIT seq=219 len=512 [RETRANSMIT]
[268783.76ms] RETRANSMIT seq=220 len=512 [RETRANSMIT]
[268783.76ms] RETRANSMIT seq=221 len=512 [RETRANSMIT]
[268783.77ms] RETRANSMIT seq=222 len=336 [RETRANSMIT]
[268784.15ms] DUP_ACK ack_num=215 count=1
[268884.32ms] DUP_ACK ack_num=215 count=2
[268984.57ms] DUP_ACK ack_num=215 count=3
[269084.00ms] TIMEOUT sendBase=215 nextSeq=223
[269084.08ms] RETRANSMIT seq=215 len=512 [RETRANSMIT]
[269084.09ms] RETRANSMIT seq=216 len=512 [RETRANSMIT]
[269084.10ms] RETRANSMIT seq=217 len=512 [RETRANSMIT]
[269084.11ms] RETRANSMIT seq=218 len=512 [RETRANSMIT]
[269084.11ms] RETRANSMIT seq=219 len=512 [RETRANSMIT]
[269084.12ms] RETRANSMIT seq=220 len=512 [RETRANSMIT]
[269084.12ms] RETRANSMIT seq=221 len=512 [RETRANSMIT]
[269084.13ms] RETRANSMIT seq=222 len=336 [RETRANSMIT]
[269084.81ms] DUP_ACK ack_num=215 count=1
[269185.22ms] DUP_ACK ack_num=215 count=2
[269285.47ms] DUP_ACK ack_num=215 count=3
[269384.45ms] TIMEOUT sendBase=215 nextSeq=223
[269384.51ms] RETRANSMIT seq=215 len=512 [RETRANSMIT]
[269384.52ms] RETRANSMIT seq=216 len=512 [RETRANSMIT]
[269384.52ms] RETRANSMIT seq=217 len=512 [RETRANSMIT]
[269384.53ms] RETRANSMIT seq=218 len=512 [RETRANSMIT]
[269384.53ms] RETRANSMIT seq=219 len=512 [RETRANSMIT]
[269384.54ms] RETRANSMIT seq=220 len=512 [RETRANSMIT]
[269384.54ms] RETRANSMIT seq=221 len=512 [RETRANSMIT]
[269384.55ms] RETRANSMIT seq=222 len=336 [RETRANSMIT]
[269385.66ms] DUP_ACK ack_num=215 count=1
[269486.04ms] DUP_ACK ack_num=215 count=2
[269586.41ms] DUP_ACK ack_num=215 count=3
[269684.71ms] TIMEOUT sendBase=215 nextSeq=223
[269684.78ms] RETRANSMIT seq=215 len=512 [RETRANSMIT]
[269684.78ms] RETRANSMIT seq=216 len=512 [RETRANSMIT]
[269684.79ms] RETRANSMIT seq=217 len=512 [RETRANSMIT]
[269684.79ms] RETRANSMIT seq=218 len=512 [RETRANSMIT]
[269684.80ms] RETRANSMIT seq=219 len=512 [RETRANSMIT]
[269684.80ms] RETRANSMIT seq=220 len=512 [RETRANSMIT]
[269684.81ms] RETRANSMIT seq=221 len=512 [RETRANSMIT]
[269684.81ms] RETRANSMIT seq=222 len=336 [RETRANSMIT]
[269686.44ms] DUP_ACK ack_num=215 count=1
[269786.73ms] DUP_ACK ack_num=215 count=2
[269887.04ms] DUP_ACK ack_num=215 count=3
[269985.08ms] TIMEOUT sendBase=215 nextSeq=223
[269985.20ms] RETRANSMIT seq=215 len=512 [RETRANSMIT]
[269985.20ms] RETRANSMIT seq=216 len=512 [RETRANSMIT]
[269985.21ms] RETRANSMIT seq=217 len=512 [RETRANSMIT]
[269985.22ms] RETRANSMIT seq=218 len=512 [RETRANSMIT]
[269985.22ms] RETRANSMIT seq=219 len=512 [RETRANSMIT]
[269985.23ms] RETRANSMIT seq=220 len=512 [RETRANSMIT]
[269985.23ms] RETRANSMIT seq=221 len=512 [RETRANSMIT]
[269985.23ms] RETRANSMIT seq=222 len=336 [RETRANSMIT]
[269987.20ms] DUP_ACK ack_num=215 count=1
[270087.49ms] DUP_ACK ack_num=215 count=2
[270187.68ms] ACK ack_num=216 cwnd=1.000000 ssthresh=16.000000
[270288.10ms] DUP_ACK ack_num=216 count=1
[270388.47ms] DUP_ACK ack_num=216 count=2
[270487.91ms] TIMEOUT sendBase=216 nextSeq=223
[270487.97ms] RETRANSMIT seq=216 len=512 [RETRANSMIT]
[270487.98ms] RETRANSMIT seq=217 len=512 [RETRANSMIT]
[270487.99ms] RETRANSMIT seq=218 len=512 [RETRANSMIT]
[270487.99ms] RETRANSMIT seq=219 len=512 [RETRANSMIT]
[270488.00ms] RETRANSMIT seq=220 len=512 [RETRANSMIT]
[270488.00ms] RETRANSMIT seq=221 len=512 [RETRANSMIT]
[270488.01ms] RETRANSMIT seq=222 len=336 [RETRANSMIT]
[270488.58ms] DUP_ACK ack_num=216 count=1
[270588.82ms] DUP_ACK ack_num=216 count=2
[270689.01ms] DUP_ACK ack_num=216 count=3
[270788.29ms] TIMEOUT sendBase=216 nextSeq=223
[270788.36ms] RETRANSMIT seq=216 len=512 [RETRANSMIT]
[270788.37ms] RETRANSMIT seq=217 len=512 [RETRANSMIT]
[270788.38ms] RETRANSMIT seq=218 len=512 [RETRANSMIT]
[270788.38ms] RETRANSMIT seq=219 len=512 [RETRANSMIT]
[270788.39ms] RETRANSMIT seq=220 len=512 [RETRANSMIT]
[270788.39ms] RETRANSMIT seq=221 len=512 [RETRANSMIT]
[270788.40ms] RETRANSMIT seq=222 len=336 [RETRANSMIT]
[270789.30ms] DUP_ACK ack_num=216 count=1
[270889.55ms] DUP_ACK ack_num=216 count=2
[270989.74ms] DUP_ACK ack_num=216 count=3
[271088.64ms] TIMEOUT sendBase=216 nextSeq=223
[271088.70ms] RETRANSMIT seq=216 len=512 [RETRANSMIT]
[271088.72ms] RETRANSMIT seq=217 len=512 [RETRANSMIT]
[271088.72ms] RETRANSMIT seq=218 len=512 [RETRANSMIT]
[271088.73ms] RETRANSMIT seq=219 len=512 [RETRANSMIT]
[271088.73ms] RETRANSMIT seq=220 len=512 [RETRANSMIT]
[271088.74ms] RETRANSMIT seq=221 len=512 [RETRANSMIT]
[271088.74ms] RETRANSMIT seq=222 len=336 [RETRANSMIT]
[271089.93ms] DUP_ACK ack_num=216 count=1
[271190.15ms] DUP_ACK ack_num=216 count=2
[271290.46ms] DUP_ACK ack_num=216 count=3
[271388.93ms] TIMEOUT sendBase=216 nextSeq=223
[271388.99ms] RETRANSMIT seq=216 len=512 [RETRANSMIT]
[271389.00ms] RETRANSMIT seq=217 len=512 [RETRANSMIT]
[271389.00ms] RETRANSMIT seq=218 len=512 [RETRANSMIT]
[271389.00ms] RETRANSMIT seq=219 len=512 [RETRANSMIT]
[271389.01ms] RETRANSMIT seq=220 len=512 [RETRANSMIT]
[271389.01ms] RETRANSMIT seq=221 len=512 [RETRANSMIT]
[271389.02ms] RETRANSMIT seq=222 len=336 [RETRANSMIT]
[271390.64ms] DUP_ACK ack_num=216 count=1
[271490.88ms] DUP_ACK ack_num=216 count=2
[271591.20ms] DUP_ACK ack_num=216 count=3
[271689.24ms] TIMEOUT sendBase=216 nextSeq=223
[271689.31ms] RETRANSMIT seq=216 len=512 [RETRANSMIT]
[271689.31ms] RETRANSMIT seq=217 len=512 [RETRANSMIT]
[271689.32ms] RETRANSMIT seq=218 len=512 [RETRANSMIT]
[271689.32ms] RETRANSMIT seq=219 len=512 [RETRANSMIT]
[271689.33ms] RETRANSMIT seq=220 len=512 [RETRANSMIT]
[271689.33ms] RETRANSMIT seq=221 len=512 [RETRANSMIT]
[271689.34ms] RETRANSMIT seq=222 len=336 [RETRANSMIT]
[271691.38ms] DUP_ACK ack_num=216 count=1
[271791.78ms] DUP_ACK ack_num=216 count=2
[271891.98ms] DUP_ACK ack_num=216 count=3
[271989.51ms] TIMEOUT sendBase=216 nextSeq=223
[271989.58ms] RETRANSMIT seq=216 len=512 [RETRANSMIT]
[271989.59ms] RETRANSMIT seq=217 len=512 [RETRANSMIT]
[271989.59ms] RETRANSMIT seq=218 len=512 [RETRANSMIT]
[271989.60ms] RETRANSMIT seq=219 len=512 [RETRANSMIT]
[271989.60ms] RETRANSMIT seq=220 len=512 [RETRANSMIT]
[271989.61ms] RETRANSMIT seq=221 len=512 [RETRANSMIT]
[271989.62ms] RETRANSMIT seq=222 len=336 [RETRANSMIT]
[271992.26ms] DUP_ACK ack_num=216 count=1
[272092.53ms] DUP_ACK ack_num=216 count=2
[272192.78ms] DUP_ACK ack_num=216 count=3
[272289.83ms] TIMEOUT sendBase=216 nextSeq=223
[272289.89ms] RETRANSMIT seq=216 len=512 [RETRANSMIT]
[272289.90ms] RETRANSMIT seq=217 len=512 [RETRANSMIT]
[272289.90ms] RETRANSMIT seq=218 len=512 [RETRANSMIT]
[272289.91ms] RETRANSMIT seq=219 len=512 [RETRANSMIT]
[272289.92ms] RETRANSMIT seq=220 len=512 [RETRANSMIT]
[272289.92ms] RETRANSMIT seq=221 len=512 [RETRANSMIT]
[272289.92ms] RETRANSMIT seq=222 len=336 [RETRANSMIT]
[272293.05ms] DUP_ACK ack_num=216 count=1
[272393.35ms] DUP_ACK ack_num=216 count=2
[272493.69ms] DUP_ACK ack_num=216 count=3
[272590.15ms] TIMEOUT sendBase=216 nextSeq=223
[272590.22ms] RETRANSMIT seq=216 len=512 [RETRANSMIT]
[272590.22ms] RETRANSMIT seq=217 len=512 [RETRANSMIT]
[272590.23ms] RETRANSMIT seq=218 len=512 [RETRANSMIT]
[272590.24ms] RETRANSMIT seq=219 len=512 [RETRANSMIT]
[272590.24ms] RETRANSMIT seq=220 len=512 [RETRANSMIT]
[272590.25ms] RETRANSMIT seq=221 len=512 [RETRANSMIT]
[272590.25ms] RETRANSMIT seq=222 len=336 [RETRANSMIT]
[272627.23ms] DUP_ACK ack_num=216 count=1
[272727.26ms] DUP_ACK ack_num=216 count=2
[272827.57ms] DUP_ACK ack_num=216 count=3
[272890.40ms] TIMEOUT sendBase=216 nextSeq=223
[272890.47ms] RETRANSMIT seq=216 len=512 [RETRANSMIT]
[272890.48ms] RETRANSMIT seq=217 len=512 [RETRANSMIT]
[272890.48ms] RETRANSMIT seq=218 len=512 [RETRANSMIT]
[272890.49ms] RETRANSMIT seq=219 len=512 [RETRANSMIT]
[272890.49ms] RETRANSMIT seq=220 len=512 [RETRANSMIT]
[272890.50ms] RETRANSMIT seq=221 len=512 [RETRANSMIT]
[272890.50ms] RETRANSMIT seq=222 len=336 [RETRANSMIT]
[272927.77ms] DUP_ACK ack_num=216 count=1
[273028.04ms] DUP_ACK ack_num=216 count=2
[273128.35ms] DUP_ACK ack_num=216 count=3
[273190.67ms] TIMEOUT sendBase=216 nextSeq=223
[273190.73ms] RETRANSMIT seq=216 len=512 [RETRANSMIT]
[273190.74ms] RETRANSMIT seq=217 len=512 [RETRANSMIT]
[273190.74ms] RETRANSMIT seq=218 len=512 [RETRANSMIT]
[273190.75ms] RETRANSMIT seq=219 len=512 [RETRANSMIT]
[273190.76ms] RETRANSMIT seq=220 len=512 [RETRANSMIT]
[273190.77ms] RETRANSMIT seq=221 len=512 [RETRANSMIT]
[273190.77ms] RETRANSMIT seq=222 len=336 [RETRANSMIT]
[273228.51ms] DUP_ACK ack_num=216 count=1
[273328.78ms] DUP_ACK ack_num=216 count=2
[273429.00ms] DUP_ACK ack_num=216 count=3
[273490.91ms] TIMEOUT sendBase=216 nextSeq=223
[273490.99ms] RETRANSMIT seq=216 len=512 [RETRANSMIT]
[273491.00ms] RETRANSMIT seq=217 len=512 [RETRANSMIT]
[273491.01ms] RETRANSMIT seq=218 len=512 [RETRANSMIT]
[273491.02ms] RETRANSMIT seq=219 len=512 [RETRANSMIT]
[273491.02ms] RETRANSMIT seq=220 len=512 [RETRANSMIT]
[273491.06ms] RETRANSMIT seq=221 len=512 [RETRANSMIT]
[273491.08ms] RETRANSMIT seq=222 len=336 [RETRANSMIT]
[273529.46ms] DUP_ACK ack_num=216 count=1
[273629.60ms] DUP_ACK ack_num=216 count=2
[273729.89ms] DUP_ACK ack_num=216 count=3
[273791.23ms] TIMEOUT sendBase=216 nextSeq=223
[273791.29ms] RETRANSMIT seq=216 len=512 [RETRANSMIT]
[273791.30ms] RETRANSMIT seq=217 len=512 [RETRANSMIT]
[273791.30ms] RETRANSMIT seq=218 len=512 [RETRANSMIT]
[273791.31ms] RETRANSMIT seq=219 len=512 [RETRANSMIT]
[273791.31ms] RETRANSMIT seq=220 len=512 [RETRANSMIT]
[273791.32ms] RETRANSMIT seq=221 len=512 [RETRANSMIT]
[273791.32ms] RETRANSMIT seq=222 len=336 [RETRANSMIT]
[273830.29ms] DUP_ACK ack_num=216 count=1
[273930.44ms] DUP_ACK ack_num=216 count=2
[274030.70ms] DUP_ACK ack_num=216 count=3
[274091.49ms] TIMEOUT sendBase=216 nextSeq=223
[274091.55ms] RETRANSMIT seq=216 len=512 [RETRANSMIT]
[274091.56ms] RETRANSMIT seq=217 len=512 [RETRANSMIT]
[274091.57ms] RETRANSMIT seq=218 len=512 [RETRANSMIT]
[274091.57ms] RETRANSMIT seq=219 len=512 [RETRANSMIT]
[274091.58ms] RETRANSMIT seq=220 len=512 [RETRANSMIT]
[274091.59ms] RETRANSMIT seq=221 len=512 [RETRANSMIT]
[274091.60ms] RETRANSMIT seq=222 len=336 [RETRANSMIT]
[274130.94ms] DUP_ACK ack_num=216 count=1
[274231.27ms] DUP_ACK ack_num=216 count=2
[274331.59ms] DUP_ACK ack_num=216 count=3
[274391.74ms] TIMEOUT sendBase=216 nextSeq=223
[274391.80ms] RETRANSMIT seq=216 len=512 [RETRANSMIT]
[274391.81ms] RETRANSMIT seq=217 len=512 [RETRANSMIT]
[274391.81ms] RETRANSMIT seq=218 len=512 [RETRANSMIT]
[274391.86ms] RETRANSMIT seq=219 len=512 [RETRANSMIT]
[274391.87ms] RETRANSMIT seq=220 len=512 [RETRANSMIT]
[274391.87ms] RETRANSMIT seq=221 len=512 [RETRANSMIT]
[274391.87ms] RETRANSMIT seq=222 len=336 [RETRANSMIT]
[274432.10ms] DUP_ACK ack_num=216 count=1
[274532.33ms] DUP_ACK ack_num=216 count=2
[274632.51ms] DUP_ACK ack_num=216 count=3
[274692.01ms] TIMEOUT sendBase=216 nextSeq=223
[274692.06ms] RETRANSMIT seq=216 len=512 [RETRANSMIT]
[274692.07ms] RETRANSMIT seq=217 len=512 [RETRANSMIT]
[274692.07ms] RETRANSMIT seq=218 len=512 [RETRANSMIT]
[274692.08ms] RETRANSMIT seq=219 len=512 [RETRANSMIT]
[274692.08ms] RETRANSMIT seq=220 len=512 [RETRANSMIT]
[274692.09ms] RETRANSMIT seq=221 len=512 [RETRANSMIT]
[274692.09ms] RETRANSMIT seq=222 len=336 [RETRANSMIT]
[274732.74ms] DUP_ACK ack_num=216 count=1
[274833.19ms] DUP_ACK ack_num=216 count=2
[274933.38ms] DUP_ACK ack_num=216 count=3
[274992.23ms] TIMEOUT sendBase=216 nextSeq=223
[274992.29ms] RETRANSMIT seq=216 len=512 [RETRANSMIT]
[274992.30ms] RETRANSMIT seq=217 len=512 [RETRANSMIT]
[274992.30ms] RETRANSMIT seq=218 len=512 [RETRANSMIT]
[274992.30ms] RETRANSMIT seq=219 len=512 [RETRANSMIT]
[274992.31ms] RETRANSMIT seq=220 len=512 [RETRANSMIT]
[274992.31ms] RETRANSMIT seq=221 len=512 [RETRANSMIT]
[274992.32ms] RETRANSMIT seq=222 len=336 [RETRANSMIT]
[275033.62ms] DUP_ACK ack_num=216 count=1
[275133.89ms] DUP_ACK ack_num=216 count=2
[275246.37ms] DUP_ACK ack_num=216 count=3
[275292.46ms] TIMEOUT sendBase=216 nextSeq=223
[275292.54ms] RETRANSMIT seq=216 len=512 [RETRANSMIT]
[275292.55ms] RETRANSMIT seq=217 len=512 [RETRANSMIT]
[275292.55ms] RETRANSMIT seq=218 len=512 [RETRANSMIT]
[275292.56ms] RETRANSMIT seq=219 len=512 [RETRANSMIT]
[275292.56ms] RETRANSMIT seq=220 len=512 [RETRANSMIT]
[275292.57ms] RETRANSMIT seq=221 len=512 [RETRANSMIT]
[275292.57ms] RETRANSMIT seq=222 len=336 [RETRANSMIT]
[275346.40ms] DUP_ACK ack_num=216 count=1
[275446.75ms] DUP_ACK ack_num=216 count=2
[275546.99ms] DUP_ACK ack_num=216 count=3
[275592.75ms] TIMEOUT sendBase=216 nextSeq=223
[275592.82ms] RETRANSMIT seq=216 len=512 [RETRANSMIT]
[275592.82ms] RETRANSMIT seq=217 len=512 [RETRANSMIT]
[275592.83ms] RETRANSMIT seq=218 len=512 [RETRANSMIT]
[275592.83ms] RETRANSMIT seq=219 len=512 [RETRANSMIT]
[275592.84ms] RETRANSMIT seq=220 len=512 [RETRANSMIT]
[275592.84ms] RETRANSMIT seq=221 len=512 [RETRANSMIT]
[275592.85ms] RETRANSMIT seq=222 len=336 [RETRANSMIT]
[275647.38ms] DUP_ACK ack_num=216 count=1
[275747.63ms] DUP_ACK ack_num=216 count=2
[275847.93ms] DUP_ACK ack_num=216 count=3
[275893.02ms] TIMEOUT sendBase=216 nextSeq=223
[275893.08ms] RETRANSMIT seq=216 len=512 [RETRANSMIT]
[275893.09ms] RETRANSMIT seq=217 len=512 [RETRANSMIT]
[275893.10ms] RETRANSMIT seq=218 len=512 [RETRANSMIT]
[275893.10ms] RETRANSMIT seq=219 len=512 [RETRANSMIT]
[275893.10ms] RETRANSMIT seq=220 len=512 [RETRANSMIT]
[275893.16ms] RETRANSMIT seq=221 len=512 [RETRANSMIT]
[275893.17ms] RETRANSMIT seq=222 len=336 [RETRANSMIT]
[275948.20ms] DUP_ACK ack_num=216 count=1
[276048.37ms] DUP_ACK ack_num=216 count=2
[276148.65ms] DUP_ACK ack_num=216 count=3
[276193.33ms] TIMEOUT sendBase=216 nextSeq=223
[276193.38ms] RETRANSMIT seq=216 len=512 [RETRANSMIT]
[276193.39ms] RETRANSMIT seq=217 len=512 [RETRANSMIT]
[276193.39ms] RETRANSMIT seq=218 len=512 [RETRANSMIT]
[276193.40ms] RETRANSMIT seq=219 len=512 [RETRANSMIT]
[276193.40ms] RETRANSMIT seq=220 len=512 [RETRANSMIT]
[276193.41ms] RETRANSMIT seq=221 len=512 [RETRANSMIT]
[276193.41ms] RETRANSMIT seq=222 len=336 [RETRANSMIT]
[276249.08ms] DUP_ACK ack_num=216 count=1
[276349.31ms] DUP_ACK ack_num=216 count=2
[276449.52ms] DUP_ACK ack_num=216 count=3
[276493.54ms] TIMEOUT sendBase=216 nextSeq=223
[276493.60ms] RETRANSMIT seq=216 len=512 [RETRANSMIT]
[276493.61ms] RETRANSMIT seq=217 len=512 [RETRANSMIT]
[276493.61ms] RETRANSMIT seq=218 len=512 [RETRANSMIT]
[276493.62ms] RETRANSMIT seq=219 len=512 [RETRANSMIT]
[276493.62ms] RETRANSMIT seq=220 len=512 [RETRANSMIT]
[276493.63ms] RETRANSMIT seq=221 len=512 [RETRANSMIT]
[276493.63ms] RETRANSMIT seq=222 len=336 [RETRANSMIT]
[276549.85ms] DUP_ACK ack_num=216 count=1
[276650.07ms] DUP_ACK ack_num=216 count=2
[276750.34ms] DUP_ACK ack_num=216 count=3
[276793.77ms] TIMEOUT sendBase=216 nextSeq=223
[276793.85ms] RETRANSMIT seq=216 len=512 [RETRANSMIT]
[276793.85ms] RETRANSMIT seq=217 len=512 [RETRANSMIT]
[276793.86ms] RETRANSMIT seq=218 len=512 [RETRANSMIT]
[276793.86ms] RETRANSMIT seq=219 len=512 [RETRANSMIT]
[276793.87ms] RETRANSMIT seq=220 len=512 [RETRANSMIT]
[276793.87ms] RETRANSMIT seq=221 len=512 [RETRANSMIT]
[276793.88ms] RETRANSMIT seq=222 len=336 [RETRANSMIT]
[276850.54ms] DUP_ACK ack_num=216 count=1
[276950.81ms] DUP_ACK ack_num=216 count=2
[277051.12ms] DUP_ACK ack_num=216 count=3
[277094.03ms] TIMEOUT sendBase=216 nextSeq=223
[277094.09ms] RETRANSMIT seq=216 len=512 [RETRANSMIT]
[277094.09ms] RETRANSMIT seq=217 len=512 [RETRANSMIT]
[277094.10ms] RETRANSMIT seq=218 len=512 [RETRANSMIT]
[277094.10ms] RETRANSMIT seq=219 len=512 [RETRANSMIT]
[277094.10ms] RETRANSMIT seq=220 len=512 [RETRANSMIT]
[277094.11ms] RETRANSMIT seq=221 len=512 [RETRANSMIT]
[277094.11ms] RETRANSMIT seq=222 len=336 [RETRANSMIT]
[277151.39ms] DUP_ACK ack_num=216 count=1
[277251.63ms] DUP_ACK ack_num=216 count=2
[277351.85ms] ACK ack_num=217 cwnd=1.000000 ssthresh=16.000000
[277452.15ms] ACK ack_num=218 cwnd=1.000000 ssthresh=16.000000
[277552.43ms] DUP_ACK ack_num=218 count=1
[277652.78ms] DUP_ACK ack_num=218 count=2
[277752.43ms] TIMEOUT sendBase=218 nextSeq=223
[277752.49ms] RETRANSMIT seq=218 len=512 [RETRANSMIT]
[277752.50ms] RETRANSMIT seq=219 len=512 [RETRANSMIT]
[277752.51ms] RETRANSMIT seq=220 len=512 [RETRANSMIT]
[277752.51ms] RETRANSMIT seq=221 len=512 [RETRANSMIT]
[277752.52ms] RETRANSMIT seq=222 len=336 [RETRANSMIT]
[277753.03ms] DUP_ACK ack_num=218 count=1
[277853.39ms] DUP_ACK ack_num=218 count=2
[277953.65ms] DUP_ACK ack_num=218 count=3
[278052.80ms] TIMEOUT sendBase=218 nextSeq=223
[278052.89ms] RETRANSMIT seq=218 len=512 [RETRANSMIT]
[278052.91ms] RETRANSMIT seq=219 len=512 [RETRANSMIT]
[278052.91ms] RETRANSMIT seq=220 len=512 [RETRANSMIT]
[278052.92ms] RETRANSMIT seq=221 len=512 [RETRANSMIT]
[278052.93ms] RETRANSMIT seq=222 len=336 [RETRANSMIT]
[278053.75ms] DUP_ACK ack_num=218 count=1
[278154.08ms] DUP_ACK ack_num=218 count=2
[278254.46ms] DUP_ACK ack_num=218 count=3
[278353.19ms] TIMEOUT sendBase=218 nextSeq=223
[278353.25ms] RETRANSMIT seq=218 len=512 [RETRANSMIT]
[278353.26ms] RETRANSMIT seq=219 len=512 [RETRANSMIT]
[278353.26ms] RETRANSMIT seq=220 len=512 [RETRANSMIT]
[278353.27ms] RETRANSMIT seq=221 len=512 [RETRANSMIT]
[278353.28ms] RETRANSMIT seq=222 len=336 [RETRANSMIT]
[278354.74ms] DUP_ACK ack_num=218 count=1
[278455.11ms] DUP_ACK ack_num=218 count=2
[278555.59ms] ACK ack_num=219 cwnd=1.000000 ssthresh=16.000000
[278655.92ms] DUP_ACK ack_num=219 count=1
[278756.23ms] DUP_ACK ack_num=219 count=2
[278855.85ms] TIMEOUT sendBase=219 nextSeq=223
[278855.91ms] RETRANSMIT seq=219 len=512 [RETRANSMIT]
[278855.93ms] RETRANSMIT seq=220 len=512 [RETRANSMIT]
[278855.93ms] RETRANSMIT seq=221 len=512 [RETRANSMIT]
[278855.94ms] RETRANSMIT seq=222 len=336 [RETRANSMIT]
[278856.46ms] DUP_ACK ack_num=219 count=1
[278956.81ms] DUP_ACK ack_num=219 count=2
[279057.28ms] ACK ack_num=220 cwnd=1.000000 ssthresh=16.000000
[279157.42ms] ACK ack_num=221 cwnd=1.000000 ssthresh=16.000000
[279257.75ms] ACK ack_num=222 cwnd=1.000000 ssthresh=16.000000
[279357.98ms] ACK ack_num=223 cwnd=1.000000 ssthresh=16.000000
[279358.01ms] SEND_FIN attempt=1
[279458.32ms] SEND_FIN attempt=2
[279558.66ms] SEND_FIN attempt=3
[279659.00ms] SEND_FIN attempt=4
[279759.24ms] SEND_FIN attempt=5
